identifier_type,identifier,pipelines,figure_profiles,metadata_rows,mouse,eid,pid,probe_name
eid,002e60e1-e646-4f69-b6e3-d3b00f082797,opto_behavior,figure3_stn_glmhmm,1,SWC_NM_025,002e60e1-e646-4f69-b6e3-d3b00f082797,,
eid,0068b011-c60f-491f-a29c-245877cd1bc1,opto_behavior,figure3_stn_glmhmm,1,SWC_NM_025,0068b011-c60f-491f-a29c-245877cd1bc1,,
eid,00b8057d-117d-434a-82e3-94cf7eb5f020,opto_behavior,figure3_vls_d1_glmhmm,1,SWC_NM_053,00b8057d-117d-434a-82e3-94cf7eb5f020,,
eid,00ef451c-6d64-450b-9084-91198f93167a,opto_behavior,,1,SWC_NM_102,00ef451c-6d64-450b-9084-91198f93167a,,
eid,01654936-4daf-403b-b55c-ce2baba12a15,opto_behavior,supp1_hemisphere_specific,1,SWC_NM_096,01654936-4daf-403b-b55c-ce2baba12a15,,
eid,028cca41-d6cf-4487-b0d1-817a3c2ee94f,opto_behavior,figure1_snr_glmhmm;supp1_glmhmm_states;supp1_hemisphere_specific;supp1_snr_no_glmhmm,1,SWC_NM_018,028cca41-d6cf-4487-b0d1-817a3c2ee94f,,
eid,02af576e-0aa1-4784-b631-adbc3792f4d5,opto_behavior,,1,SWC_NM_011,02af576e-0aa1-4784-b631-adbc3792f4d5,,
eid,02e6a896-001e-4c05-8acf-6a2d8c4198bd,zapit,figure4_zapit_glmhmm,1,SWC_NM_086,02e6a896-001e-4c05-8acf-6a2d8c4198bd,,
eid,034bf182-47bb-4866-8340-1e910bdc79c6,opto_behavior,,1,SWC_NM_004,034bf182-47bb-4866-8340-1e910bdc79c6,,
eid,03bd9265-4e9e-4c96-8e57-4cc3827aa0d8,opto_behavior,,1,SWC_NM_012,03bd9265-4e9e-4c96-8e57-4cc3827aa0d8,,
eid,03c15834-baf0-4aff-a86c-acbee21c92d9,opto_behavior,supp1_hemisphere_specific,1,SWC_NM_113,03c15834-baf0-4aff-a86c-acbee21c92d9,,
eid,04260f14-4329-4d71-9061-092cc441e2d7,opto_behavior,,1,SWC_NM_012,04260f14-4329-4d71-9061-092cc441e2d7,,
eid,0451b6d9-8451-44bc-9e15-95117ee255a7,opto_behavior,,1,SWC_NM_108,0451b6d9-8451-44bc-9e15-95117ee255a7,,
eid,04c46a39-bc2f-42fc-9ce2-d48adf8fc545,zapit,figure4_zapit_glmhmm,1,SWC_NM_057,04c46a39-bc2f-42fc-9ce2-d48adf8fc545,,
eid,052dd6e7-ac9e-450f-8237-314a9e1df35a,opto_behavior,figure3_vls_d2_glmhmm,1,SWC_NM_083,052dd6e7-ac9e-450f-8237-314a9e1df35a,,
eid,053bf690-e0a1-4743-af69-747999975b78,zapit,figure4_zapit_glmhmm,1,SWC_NM_071,053bf690-e0a1-4743-af69-747999975b78,,
eid,05648028-3a12-4c33-ac0e-62d47ce52779,opto_behavior,figure3_vls_d1_glmhmm,1,SWC_NM_098,05648028-3a12-4c33-ac0e-62d47ce52779,,
eid,05aea529-b4ef-4d53-a6e7-16ceb757d7d5,zapit,figure4_zapit_glmhmm,1,SWC_NM_058,05aea529-b4ef-4d53-a6e7-16ceb757d7d5,,
eid,05d54cbb-be17-4066-a2cf-4a968bb5485a,opto_behavior,,1,SWC_NM_102,05d54cbb-be17-4066-a2cf-4a968bb5485a,,
eid,05edb069-980d-42de-b9fa-178ef0648a21,opto_behavior,figure1_zi_glmhmm,2,SWC_NM_003;SWC_NM_008,05edb069-980d-42de-b9fa-178ef0648a21,,
eid,067dafe5-30e7-4f71-9e85-b10f1627df8a,opto_behavior,,1,SWC_NM_063,067dafe5-30e7-4f71-9e85-b10f1627df8a,,
eid,06a244bd-9e57-49e2-8fda-cdbc888c4243,zapit,,1,SWC_NM_071,06a244bd-9e57-49e2-8fda-cdbc888c4243,,
eid,06d5f438-7e79-47d1-8cfe-6fbc09cc2b8a,opto_behavior,figure3_vls_d1_glmhmm,1,SWC_NM_099,06d5f438-7e79-47d1-8cfe-6fbc09cc2b8a,,
eid,06da6f6d-b7ed-44b9-88bc-2853c059bdde,opto_behavior,figure1_zi_glmhmm,1,SWC_NM_104,06da6f6d-b7ed-44b9-88bc-2853c059bdde,,
eid,06f3b09d-c27c-4e8e-844c-a5aea4098921,opto_behavior,figure3_vls_d1_glmhmm,1,SWC_NM_100,06f3b09d-c27c-4e8e-844c-a5aea4098921,,
eid,0750678c-c2a3-4a3f-b7b5-7a556c3baa3c,zapit,figure4_zapit_glmhmm,1,SWC_NM_082,0750678c-c2a3-4a3f-b7b5-7a556c3baa3c,,
eid,0798878a-ad8d-4fa1-9dc0-5f31b880d850,opto_behavior,figure3_vls_d2_glmhmm,1,SWC_NM_087,0798878a-ad8d-4fa1-9dc0-5f31b880d850,,
eid,07fc3997-620a-45e0-abed-cc4c0bcd66f6,zapit,,1,SWC_NM_085,07fc3997-620a-45e0-abed-cc4c0bcd66f6,,
eid,081cb963-1bd3-4182-b685-9da5c308e71b,zapit,,1,SWC_NM_085,081cb963-1bd3-4182-b685-9da5c308e71b,,
eid,084b0e43-b736-4424-a856-c961fe9b6777,zapit,figure4_zapit_glmhmm,1,SWC_NM_081,084b0e43-b736-4424-a856-c961fe9b6777,,
eid,08ceef95-9440-43f9-a075-b49c04fddfc6,opto_behavior,figure3_vls_d1_glmhmm,1,SWC_NM_100,08ceef95-9440-43f9-a075-b49c04fddfc6,,
eid,08e1b2b9-ecc2-424c-871f-78fcca7edb79,opto_behavior,figure3_vls_d2_glmhmm,1,SWC_NM_065,08e1b2b9-ecc2-424c-871f-78fcca7edb79,,
eid,08eec5ef-1874-490e-b0c3-4cc887a69250,opto_behavior,figure3_stn_glmhmm,1,SWC_NM_024,08eec5ef-1874-490e-b0c3-4cc887a69250,,
eid,091f5721-72f4-4f73-a4ed-037d86040778,opto_behavior,figure3_stn_glmhmm,2,SWC_NM_026,091f5721-72f4-4f73-a4ed-037d86040778,,
eid,093ab546-12bb-4c63-8d7c-f539cb882615,opto_behavior,,1,SWC_NM_063,093ab546-12bb-4c63-8d7c-f539cb882615,,
eid,0962661c-301c-49bd-8143-3ecf226c0804,zapit,figure4_zapit_glmhmm,1,SWC_NM_082,0962661c-301c-49bd-8143-3ecf226c0804,,
eid,0974d094-1011-4ab0-a093-f96bdf257b67,opto_behavior,figure3_vls_d1_glmhmm,1,SWC_NM_053,0974d094-1011-4ab0-a093-f96bdf257b67,,
eid,0985a1e9-ed30-4197-bc76-88f4c26a9833,opto_behavior,figure3_vls_d1_glmhmm,1,SWC_NM_099,0985a1e9-ed30-4197-bc76-88f4c26a9833,,
eid,09966b91-2f5b-4be2-8b8b-ddfc59e8d507,opto_behavior,,1,SWC_NM_108,09966b91-2f5b-4be2-8b8b-ddfc59e8d507,,
eid,0998f766-ee7c-4795-ae75-07d712ae66b3,zapit,figure4_zapit_glmhmm,1,SWC_NM_085,0998f766-ee7c-4795-ae75-07d712ae66b3,,
eid,09fc5d05-d1a9-41f0-8399-d367a16a0a48,opto_behavior,figure3_vls_d2_glmhmm,1,SWC_NM_065,09fc5d05-d1a9-41f0-8399-d367a16a0a48,,
eid,0a161756-e61a-4211-9f39-59987caac9b2,opto_behavior,,1,SWC_NM_036,0a161756-e61a-4211-9f39-59987caac9b2,,
eid,0a293882-b29f-44f0-9799-8b3a78e282ab,zapit,figure4_zapit_glmhmm,1,SWC_NM_071,0a293882-b29f-44f0-9799-8b3a78e282ab,,
eid,0a2ff699-db3f-4b39-a24e-394153403c15,zapit,figure4_zapit_glmhmm,1,SWC_NM_057,0a2ff699-db3f-4b39-a24e-394153403c15,,
eid,0a5d156f-696c-442d-a3e5-a1ec0535edd2,opto_behavior,figure3_vls_d1_glmhmm,1,SWC_NM_053,0a5d156f-696c-442d-a3e5-a1ec0535edd2,,
eid,0a6400bf-3f90-4be2-9b63-19d9f659cf16,opto_behavior,figure1_zi_glmhmm,1,SWC_NM_010,0a6400bf-3f90-4be2-9b63-19d9f659cf16,,
eid,0a88f2f7-cf09-4dbc-ae3a-92d5dd221d0e,opto_behavior,supp1_hemisphere_specific,1,SWC_NM_096,0a88f2f7-cf09-4dbc-ae3a-92d5dd221d0e,,
eid,0ae7e7d1-b285-42b9-be3b-daf688a80d4d,zapit,,1,SWC_NM_086,0ae7e7d1-b285-42b9-be3b-daf688a80d4d,,
eid,0af4b3c5-4f44-4713-a552-ae163d954fc3,opto_behavior,figure3_vls_d1_glmhmm,1,SWC_NM_101,0af4b3c5-4f44-4713-a552-ae163d954fc3,,
eid,0afb230c-1cf1-4e98-b28a-c88de5e1405d,zapit,figure4_zapit_glmhmm,1,SWC_NM_081,0afb230c-1cf1-4e98-b28a-c88de5e1405d,,
eid,0b1a7c9e-36ce-4370-a8df-ae6ce3d49bdd,zapit,,1,SWC_NM_085,0b1a7c9e-36ce-4370-a8df-ae6ce3d49bdd,,
eid,0b741a58-bbf9-43ab-a745-9896754281db,opto_behavior,,1,SWC_NM_102,0b741a58-bbf9-43ab-a745-9896754281db,,
eid,0bbfbe3c-8db2-4f69-b82d-4c74be5fbb6c,zapit,,1,SWC_NM_057,0bbfbe3c-8db2-4f69-b82d-4c74be5fbb6c,,
eid,0c2f75a0-853c-4f19-9334-ca09861f7305,opto_behavior,figure3_vls_d1_glmhmm,1,SWC_NM_073,0c2f75a0-853c-4f19-9334-ca09861f7305,,
eid,0c6f91a6-f3d0-40eb-af28-f26e8369c599,opto_behavior,,1,SWC_NM_102,0c6f91a6-f3d0-40eb-af28-f26e8369c599,,
eid,0c82a60e-0668-464c-98bc-39a7c7ff89d0,zapit,,1,SWC_NM_086,0c82a60e-0668-464c-98bc-39a7c7ff89d0,,
eid,0c910b13-2b55-4a7b-aa95-8b39f60557fb,zapit,,1,SWC_NM_072,0c910b13-2b55-4a7b-aa95-8b39f60557fb,,
eid,0cba0d73-ba8d-4121-af42-1ed14cf8e8ec,opto_behavior,figure3_stn_glmhmm,2,SWC_NM_024,0cba0d73-ba8d-4121-af42-1ed14cf8e8ec,,
eid,0d2c18f4-5360-46b8-ac60-996bfb97f59d,zapit,,1,SWC_NM_085,0d2c18f4-5360-46b8-ac60-996bfb97f59d,,
eid,0d720e80-238a-45b1-af30-99154b27478a,opto_behavior,figure3_vls_d2_glmhmm,1,SWC_NM_109,0d720e80-238a-45b1-af30-99154b27478a,,
eid,0d7b70c5-d484-4bb8-82c9-1eaa185f64d8,opto_behavior,figure3_vls_d1_glmhmm,1,SWC_NM_073,0d7b70c5-d484-4bb8-82c9-1eaa185f64d8,,
eid,0dceba40-5926-467b-9535-024f535d6833,opto_behavior,figure3_vls_d2_glmhmm,1,SWC_NM_109,0dceba40-5926-467b-9535-024f535d6833,,
eid,0df1c8ed-3d0b-4dac-ac5b-1ea2060869f0,zapit,figure4_zapit_glmhmm,1,SWC_NM_085,0df1c8ed-3d0b-4dac-ac5b-1ea2060869f0,,
eid,0df4e3df-3e22-48cd-925a-04740662c707,opto_behavior,figure3_vls_d1_glmhmm,1,SWC_NM_099,0df4e3df-3e22-48cd-925a-04740662c707,,
eid,0e26b069-d530-46c7-ba0d-9e4f3f973ff8,zapit,figure4_zapit_glmhmm,1,SWC_NM_085,0e26b069-d530-46c7-ba0d-9e4f3f973ff8,,
eid,0e38595d-f7e9-4ba2-b492-69bef290ed1a,opto_behavior,figure1_snr_glmhmm;supp1_glmhmm_states;supp1_hemisphere_specific;supp1_snr_no_glmhmm,1,SWC_NM_113,0e38595d-f7e9-4ba2-b492-69bef290ed1a,,
eid,0e62d042-def5-42d6-870e-6f88bd9f8dbb,zapit,,1,SWC_NM_082,0e62d042-def5-42d6-870e-6f88bd9f8dbb,,
eid,0e6fe1ec-5fe6-4078-8548-acd39c5cfd1e,opto_behavior,figure3_vls_d1_glmhmm,1,SWC_NM_100,0e6fe1ec-5fe6-4078-8548-acd39c5cfd1e,,
eid,0ee2894f-29dd-4ba7-a089-292b7cbd2c03,zapit,figure4_zapit_glmhmm,1,SWC_NM_081,0ee2894f-29dd-4ba7-a089-292b7cbd2c03,,
eid,0f162f4a-ef0c-4cd6-87d2-584879e7a104,opto_behavior,figure3_stn_glmhmm,1,SWC_NM_025,0f162f4a-ef0c-4cd6-87d2-584879e7a104,,
eid,0f7f1e06-a597-4cbd-a409-7c2c0d40b1d6,zapit,,1,SWC_NM_086,0f7f1e06-a597-4cbd-a409-7c2c0d40b1d6,,
eid,0f97d10d-1576-4873-9fe4-714f02fc491c,opto_behavior,figure3_vls_d2_glmhmm,1,SWC_NM_089,0f97d10d-1576-4873-9fe4-714f02fc491c,,
eid,0ff9161b-bae8-4ff1-a080-2928fc45cc54,opto_behavior,,1,SWC_NM_016,0ff9161b-bae8-4ff1-a080-2928fc45cc54,,
eid,10014c6c-c903-4510-963d-c1310ce567e7,zapit,figure4_zapit_glmhmm,1,SWC_NM_082,10014c6c-c903-4510-963d-c1310ce567e7,,
eid,110aaffb-ab9e-4362-9f3b-7b1910a41d1a,opto_behavior,,1,SWC_NM_049,110aaffb-ab9e-4362-9f3b-7b1910a41d1a,,
eid,114031ac-51af-4afc-b93f-1c845c3d5f84,zapit,figure4_zapit_glmhmm,1,SWC_NM_081,114031ac-51af-4afc-b93f-1c845c3d5f84,,
eid,11438296-fa41-4344-9987-69fb66fcbc5d,zapit,figure4_zapit_glmhmm,1,SWC_NM_086,11438296-fa41-4344-9987-69fb66fcbc5d,,
eid,1167154b-86d2-4e56-b5d9-a3504ff87889,opto_behavior,figure3_vls_d2_glmhmm,1,SWC_NM_083,1167154b-86d2-4e56-b5d9-a3504ff87889,,
eid,117c2948-f460-48fd-85cd-1df01ae1c18b,opto_behavior,,1,SWC_NM_025,117c2948-f460-48fd-85cd-1df01ae1c18b,,
eid,11a8532c-5718-43a9-8bac-b6f6e0fb4cba,opto_behavior,,1,SWC_NM_010,11a8532c-5718-43a9-8bac-b6f6e0fb4cba,,
eid,11cb372b-1ab6-438a-ba02-b467e5c0f9f9,zapit,figure4_zapit_glmhmm,1,SWC_NM_072,11cb372b-1ab6-438a-ba02-b467e5c0f9f9,,
eid,120ba61f-48a0-4d65-89cc-2076fbc5701e,zapit,figure4_zapit_glmhmm,1,SWC_NM_086,120ba61f-48a0-4d65-89cc-2076fbc5701e,,
eid,121545ee-2cd7-461c-beb6-c8c1742572fb,opto_behavior,,1,SWC_NM_026,121545ee-2cd7-461c-beb6-c8c1742572fb,,
eid,124cddb8-22d2-4632-be4d-92181901a65e,opto_behavior,supp1_hemisphere_specific,1,SWC_NM_008,124cddb8-22d2-4632-be4d-92181901a65e,,
eid,1286ce5d-996b-4067-8f85-9eb8ddd5ba97,opto_behavior,,1,SWC_NM_110,1286ce5d-996b-4067-8f85-9eb8ddd5ba97,,
eid,12965ed5-8d47-407c-96e3-4a9579ca548d,zapit,,1,SWC_NM_085,12965ed5-8d47-407c-96e3-4a9579ca548d,,
eid,12ba99b8-c705-4548-85dd-facca35b0346,zapit,figure4_zapit_glmhmm,1,SWC_NM_085,12ba99b8-c705-4548-85dd-facca35b0346,,
eid,12c6443d-b514-4395-aa1a-8faf2bd4ffa7,zapit,figure4_zapit_glmhmm,1,SWC_NM_071,12c6443d-b514-4395-aa1a-8faf2bd4ffa7,,
eid,12f2c51a-f66c-4792-a7e2-f1696fccca1f,zapit,figure4_zapit_glmhmm,1,SWC_NM_071,12f2c51a-f66c-4792-a7e2-f1696fccca1f,,
eid,13056b33-9c89-4d44-a842-ace3169e6801,opto_behavior,,1,SWC_NM_104,13056b33-9c89-4d44-a842-ace3169e6801,,
eid,13178d45-3a38-4f86-bcfc-b2ee03aeb148,opto_behavior,,1,SWC_NM_098,13178d45-3a38-4f86-bcfc-b2ee03aeb148,,
eid,13327c21-7886-49e8-b9fe-7086bf563243,opto_behavior,figure1_zi_glmhmm,1,SWC_NM_104,13327c21-7886-49e8-b9fe-7086bf563243,,
eid,13d909d4-9361-419e-813c-2958e52addf7,zapit,figure4_zapit_glmhmm,1,SWC_NM_082,13d909d4-9361-419e-813c-2958e52addf7,,
eid,13da8dfb-2b47-47f4-8dea-d979b8969fb9,opto_behavior,,1,SWC_NM_049,13da8dfb-2b47-47f4-8dea-d979b8969fb9,,
eid,13e4a6f2-580c-4548-861e-6617a2ae038b,opto_behavior,,2,SWC_NM_042,13e4a6f2-580c-4548-861e-6617a2ae038b,,
eid,145f7e0f-6382-4e4e-aaa5-51806621de85,opto_behavior,figure3_vls_d2_glmhmm,1,SWC_NM_065,145f7e0f-6382-4e4e-aaa5-51806621de85,,
eid,14629fee-ebcc-4ed8-9612-cc7654936e17,zapit,figure4_zapit_glmhmm,1,SWC_NM_085,14629fee-ebcc-4ed8-9612-cc7654936e17,,
eid,146c1185-5785-4550-be7f-129322d1063d,opto_behavior,supp1_hemisphere_specific,1,SWC_NM_113,146c1185-5785-4550-be7f-129322d1063d,,
eid,147f5dd3-f35c-409b-a503-d8914a6e78a6,zapit,figure4_zapit_glmhmm,1,SWC_NM_086,147f5dd3-f35c-409b-a503-d8914a6e78a6,,
eid,14f386c3-6765-4642-bdcd-e6d8884a5787,zapit,figure4_zapit_glmhmm,1,SWC_NM_071,14f386c3-6765-4642-bdcd-e6d8884a5787,,
eid,15194e66-2bb2-4833-9c5b-9f9f2ba8d60d,opto_behavior,figure3_vls_d2_glmhmm,1,SWC_NM_083,15194e66-2bb2-4833-9c5b-9f9f2ba8d60d,,
eid,151daab8-55c3-4055-a246-2cc0f806d816,opto_behavior,,1,SWC_NM_088,151daab8-55c3-4055-a246-2cc0f806d816,,
eid,15439251-fc4b-4b02-92cd-02398d7aa80a,opto_behavior,,1,SWC_NM_063,15439251-fc4b-4b02-92cd-02398d7aa80a,,
eid,15ab17c6-d15a-4479-9ccb-6834511d046d,opto_behavior,figure3_vls_d2_glmhmm,1,SWC_NM_065,15ab17c6-d15a-4479-9ccb-6834511d046d,,
eid,15c8fc20-9bdd-460a-8035-8ba01142cf01,opto_behavior,figure3_vls_d2_glmhmm,1,SWC_NM_109,15c8fc20-9bdd-460a-8035-8ba01142cf01,,
eid,15db050c-de59-4cee-94ea-c1e630a89cce,zapit,figure4_zapit_glmhmm,1,SWC_NM_085,15db050c-de59-4cee-94ea-c1e630a89cce,,
eid,15eb9851-7b17-432e-8c1b-c35798232ec8,opto_behavior,,1,SWC_NM_049,15eb9851-7b17-432e-8c1b-c35798232ec8,,
eid,15f0c551-0bc2-4423-ab09-90e03dd240c5,opto_behavior,supp1_hemisphere_specific,1,SWC_NM_012,15f0c551-0bc2-4423-ab09-90e03dd240c5,,
eid,161f9fcc-4d8f-48c0-9ca9-b939dfab1971,opto_behavior,,1,SWC_NM_096,161f9fcc-4d8f-48c0-9ca9-b939dfab1971,,
eid,16612840-7c5a-4344-939e-dea8d4a43c3e,opto_behavior,figure3_vls_d1_glmhmm,1,SWC_NM_099,16612840-7c5a-4344-939e-dea8d4a43c3e,,
eid,167f71eb-61c0-45fe-9531-5cb5dd33f396,opto_behavior,,2,SWC_NM_010;SWC_NM_012,167f71eb-61c0-45fe-9531-5cb5dd33f396,,
eid,16bb91ac-5701-48c4-8098-1861660d8ccb,opto_behavior,supp1_hemisphere_specific,1,SWC_NM_011,16bb91ac-5701-48c4-8098-1861660d8ccb,,
eid,16ff936f-c87b-4d1f-ad5e-96236962cdb9,zapit,,1,SWC_NM_081,16ff936f-c87b-4d1f-ad5e-96236962cdb9,,
eid,17117ae2-7ce0-45a6-8c59-62c9b022031c,opto_behavior,figure1_snr_glmhmm;supp1_glmhmm_states;supp1_hemisphere_specific;supp1_snr_no_glmhmm,2,SWC_NM_096,17117ae2-7ce0-45a6-8c59-62c9b022031c,,
eid,175350fa-6c2c-468e-9e87-ba4ba916810c,opto_behavior,figure3_vls_d2_glmhmm,1,SWC_NM_083,175350fa-6c2c-468e-9e87-ba4ba916810c,,
eid,17a0cc7a-248b-49da-9056-6c627ce2d587,zapit,,1,SWC_NM_081,17a0cc7a-248b-49da-9056-6c627ce2d587,,
eid,17cd8693-ab43-41fd-9667-b1c1b2cacc0a,opto_behavior,,2,SWC_NM_022,17cd8693-ab43-41fd-9667-b1c1b2cacc0a,,
eid,17e111a2-34be-4fdf-ae9c-d25f3dbf500a,zapit,,1,SWC_NM_086,17e111a2-34be-4fdf-ae9c-d25f3dbf500a,,
eid,18294d0f-4d0e-442a-a099-26d10d5ec493,zapit,,1,SWC_NM_071,18294d0f-4d0e-442a-a099-26d10d5ec493,,
eid,186f7c0a-81ca-488a-92c0-14d41263edbe,opto_behavior,supp1_hemisphere_specific,1,SWC_NM_012,186f7c0a-81ca-488a-92c0-14d41263edbe,,
eid,187eef62-5567-488a-b5cb-b1af1c9ec925,opto_behavior,figure3_vls_d2_glmhmm,1,SWC_NM_087,187eef62-5567-488a-b5cb-b1af1c9ec925,,
eid,18a9f2ef-88de-4494-88e7-069e60242202,opto_behavior,figure1_snr_glmhmm;supp1_glmhmm_states;supp1_hemisphere_specific;supp1_snr_no_glmhmm,1,SWC_NM_080,18a9f2ef-88de-4494-88e7-069e60242202,,
eid,18d69ef7-e8cd-424e-b764-4c2a278dccde,opto_behavior,,1,SWC_NM_102,18d69ef7-e8cd-424e-b764-4c2a278dccde,,
eid,18ed3660-3f19-42b2-8074-a5fc1a38822e,zapit,,1,SWC_NM_085,18ed3660-3f19-42b2-8074-a5fc1a38822e,,
eid,18f881f8-da77-41fa-9d04-72e5d6980ab2,zapit,figure4_zapit_glmhmm,1,SWC_NM_082,18f881f8-da77-41fa-9d04-72e5d6980ab2,,
eid,1923125d-80ed-4f9e-8653-f4e31bd3ce3a,opto_behavior,figure3_vls_d1_glmhmm,1,SWC_NM_101,1923125d-80ed-4f9e-8653-f4e31bd3ce3a,,
eid,192eb333-4a1b-4db2-9e0d-72f86ff0fd62,opto_behavior,,1,SWC_NM_035,192eb333-4a1b-4db2-9e0d-72f86ff0fd62,,
eid,19422058-3daf-44a0-ad74-63b36312205c,opto_behavior,figure3_vls_d1_glmhmm,1,SWC_NM_099,19422058-3daf-44a0-ad74-63b36312205c,,
eid,1978c5fc-239e-47e4-9d97-b0c1473a7b78,opto_behavior,figure3_vls_d1_glmhmm,1,SWC_NM_053,1978c5fc-239e-47e4-9d97-b0c1473a7b78,,
eid,198dfd8b-7c2d-47d4-9df0-afd1b384a0e7,opto_behavior,,1,SWC_NM_026,198dfd8b-7c2d-47d4-9df0-afd1b384a0e7,,
eid,19aaab85-9ee4-4959-9592-2fdcc9101264,opto_behavior,,1,SWC_NM_036,19aaab85-9ee4-4959-9592-2fdcc9101264,,
eid,19ed32db-bfc1-44ee-8743-1181d3a656d0,zapit,figure4_zapit_glmhmm,1,SWC_NM_081,19ed32db-bfc1-44ee-8743-1181d3a656d0,,
eid,1a4ad434-630b-4b3d-866a-f6b7556b9cd1,opto_behavior,figure3_vls_d2_glmhmm,1,SWC_NM_065,1a4ad434-630b-4b3d-866a-f6b7556b9cd1,,
eid,1a4d2532-3aae-4a96-a790-9c3920a34bd1,zapit,,1,SWC_NM_081,1a4d2532-3aae-4a96-a790-9c3920a34bd1,,
eid,1a4ff094-11d1-4130-8c06-3ab58b147d64,opto_behavior,figure3_vls_d2_glmhmm,1,SWC_NM_109,1a4ff094-11d1-4130-8c06-3ab58b147d64,,
eid,1ad8c12b-6158-49a8-9b4f-1518c5dc0433,zapit,figure4_zapit_glmhmm,1,SWC_NM_082,1ad8c12b-6158-49a8-9b4f-1518c5dc0433,,
eid,1af9eb1f-beb3-411d-b1cf-6e8363b9d7c7,zapit,figure4_zapit_glmhmm,1,SWC_NM_081,1af9eb1f-beb3-411d-b1cf-6e8363b9d7c7,,
eid,1b2f1edb-2b13-4d9d-8d4b-8bf57cf4be83,zapit,,1,SWC_NM_081,1b2f1edb-2b13-4d9d-8d4b-8bf57cf4be83,,
eid,1b91e9a4-46ea-4581-9184-f3d4532ca1b0,zapit,figure4_zapit_glmhmm,1,SWC_NM_086,1b91e9a4-46ea-4581-9184-f3d4532ca1b0,,
eid,1bb13c8c-aac2-439e-986d-78d3eed47f74,zapit,figure4_zapit_glmhmm,1,SWC_NM_086,1bb13c8c-aac2-439e-986d-78d3eed47f74,,
eid,1bf37f1c-a692-4109-8793-ea9a381278bd,zapit,figure4_zapit_glmhmm,1,SWC_NM_086,1bf37f1c-a692-4109-8793-ea9a381278bd,,
eid,1c1750e5-3ae0-4197-a636-00ecf434eb3f,opto_behavior,,1,SWC_NM_110,1c1750e5-3ae0-4197-a636-00ecf434eb3f,,
eid,1c4f2c31-9ed1-4f29-a6f6-313aad758a00,opto_behavior,figure3_vls_d1_glmhmm,1,SWC_NM_098,1c4f2c31-9ed1-4f29-a6f6-313aad758a00,,
eid,1c4fd7f7-6b72-4273-96f9-c0d255193170,zapit,,1,SWC_NM_071,1c4fd7f7-6b72-4273-96f9-c0d255193170,,
eid,1cceaf57-cd56-410e-bddb-634ee9840c50,opto_behavior,figure1_snr_glmhmm;supp1_glmhmm_states;supp1_hemisphere_specific;supp1_snr_no_glmhmm,2,SWC_NM_008,1cceaf57-cd56-410e-bddb-634ee9840c50,,
eid,1ce32560-314a-49c5-afac-57cc7f5cdb9b,opto_behavior,,1,SWC_NM_037,1ce32560-314a-49c5-afac-57cc7f5cdb9b,,
eid,1cf94da6-a587-45c8-8933-1fed3e778cad,opto_behavior,,1,SWC_NM_102,1cf94da6-a587-45c8-8933-1fed3e778cad,,
eid,1d28f538-2217-44bb-99a8-bec8bd437f49,zapit,figure4_zapit_glmhmm,1,SWC_NM_081,1d28f538-2217-44bb-99a8-bec8bd437f49,,
eid,1d6aa420-c44f-4998-9c9b-2634df455056,zapit,figure4_zapit_glmhmm,1,SWC_NM_081,1d6aa420-c44f-4998-9c9b-2634df455056,,
eid,1d7fedc4-04be-468f-8d4e-76c8e51d4e91,opto_behavior,,1,SWC_NM_036,1d7fedc4-04be-468f-8d4e-76c8e51d4e91,,
eid,1db7880d-a532-4af0-b720-88f3dc1d722c,opto_behavior,figure3_vls_d1_glmhmm,1,SWC_NM_105,1db7880d-a532-4af0-b720-88f3dc1d722c,,
eid,1db797cb-20c3-46e0-85f0-4726e6583b81,zapit,,1,SWC_NM_057,1db797cb-20c3-46e0-85f0-4726e6583b81,,
eid,1dcab41c-9ec6-4a1c-bd4c-67721db91df6,opto_behavior,figure3_stn_glmhmm,1,SWC_NM_024,1dcab41c-9ec6-4a1c-bd4c-67721db91df6,,
eid,1ddfaa39-f15b-4eda-9c70-c6d4f874fdb6,opto_behavior,figure3_stn_glmhmm,1,SWC_NM_024,1ddfaa39-f15b-4eda-9c70-c6d4f874fdb6,,
eid,1e02a748-1f58-42f6-8e8b-e06e335c9c23,zapit,figure4_zapit_glmhmm,1,SWC_NM_082,1e02a748-1f58-42f6-8e8b-e06e335c9c23,,
eid,1f05c49c-1b40-418b-ab59-89232916710a,opto_behavior,supp1_hemisphere_specific,1,SWC_NM_016,1f05c49c-1b40-418b-ab59-89232916710a,,
eid,1f19e366-46b0-46ea-a137-1bf58a3d83c5,opto_behavior,,1,SWC_NM_012,1f19e366-46b0-46ea-a137-1bf58a3d83c5,,
eid,1f36b80d-dfb5-4842-a7fc-8af8f10ce602,opto_behavior,,1,SWC_NM_035,1f36b80d-dfb5-4842-a7fc-8af8f10ce602,,
eid,1f87f9fa-da91-41c9-92ae-8e1be72766dd,opto_behavior,,1,SWC_NM_037,1f87f9fa-da91-41c9-92ae-8e1be72766dd,,
eid,1f932c9b-17b8-4915-acb9-134735bcd045,opto_behavior,figure3_vls_d2_glmhmm,1,SWC_NM_065,1f932c9b-17b8-4915-acb9-134735bcd045,,
eid,1fb664c8-dcab-4ba8-8991-45d933c31397,opto_behavior,figure3_vls_d2_glmhmm,1,SWC_NM_083,1fb664c8-dcab-4ba8-8991-45d933c31397,,
eid,205e8076-40b3-4432-8044-0dd890839db7,opto_behavior,figure1_zi_glmhmm,1,SWC_NM_003,205e8076-40b3-4432-8044-0dd890839db7,,
eid,208aa70b-cd97-4497-83f1-c38cbd2a7742,opto_behavior,,1,SWC_NM_101,208aa70b-cd97-4497-83f1-c38cbd2a7742,,
eid,20c761c5-a7c4-4efa-8671-68340cf85613,opto_behavior,figure3_vls_d1_glmhmm,1,SWC_NM_105,20c761c5-a7c4-4efa-8671-68340cf85613,,
eid,20d7077d-da54-4753-9dd5-12da062aa784,zapit,figure4_zapit_glmhmm,1,SWC_NM_085,20d7077d-da54-4753-9dd5-12da062aa784,,
eid,20ed1969-96f6-4f57-9ae7-66ee094e47d7,opto_behavior,,1,SWC_NM_036,20ed1969-96f6-4f57-9ae7-66ee094e47d7,,
eid,2184a7ac-dca7-46db-b727-5180a7c6b0d0,opto_behavior,figure3_vls_d2_glmhmm,1,SWC_NM_065,2184a7ac-dca7-46db-b727-5180a7c6b0d0,,
eid,21ee8737-3bea-4f7c-9f66-24813fe75e77,zapit,figure4_zapit_glmhmm,1,SWC_NM_072,21ee8737-3bea-4f7c-9f66-24813fe75e77,,
eid,2207c9c5-543b-46c2-bff1-0085151bbc16,zapit,figure4_zapit_glmhmm,1,SWC_NM_086,2207c9c5-543b-46c2-bff1-0085151bbc16,,
eid,221997ed-9cb5-45d1-b7b9-e1af87103a58,opto_behavior,supp1_hemisphere_specific,1,SWC_NM_096,221997ed-9cb5-45d1-b7b9-e1af87103a58,,
eid,22591fc2-4871-4a41-9ff7-1065475cf66f,zapit,figure4_zapit_glmhmm,1,SWC_NM_072,22591fc2-4871-4a41-9ff7-1065475cf66f,,
eid,226b3997-5222-47ac-a221-49a43c4a2543,zapit,,1,SWC_NM_086,226b3997-5222-47ac-a221-49a43c4a2543,,
eid,229e8bba-986d-408b-abb7-ec7fdb02e2f4,opto_behavior,figure1_snr_glmhmm;supp1_glmhmm_states;supp1_hemisphere_specific;supp1_snr_no_glmhmm,1,SWC_NM_096,229e8bba-986d-408b-abb7-ec7fdb02e2f4,,
eid,22a99058-05c5-499d-b8d8-1e518339e123,opto_behavior,figure1_snr_glmhmm;supp1_glmhmm_states;supp1_hemisphere_specific;supp1_snr_no_glmhmm,1,SWC_NM_080,22a99058-05c5-499d-b8d8-1e518339e123,,
eid,234a754d-05ec-464b-ad0b-4d9cf111bf31,opto_behavior,figure3_vls_d1_glmhmm,1,SWC_NM_098,234a754d-05ec-464b-ad0b-4d9cf111bf31,,
eid,23520eca-b5b1-45fb-a629-3ebf3a620c2f,opto_behavior,supp1_hemisphere_specific,1,SWC_NM_004,23520eca-b5b1-45fb-a629-3ebf3a620c2f,,
eid,238a0a48-392e-4d18-836a-eb5fe0853bfe,opto_behavior,,1,SWC_NM_008,238a0a48-392e-4d18-836a-eb5fe0853bfe,,
eid,23c27379-e440-4013-9a1b-6ee05eed33b3,opto_behavior,,1,SWC_NM_036,23c27379-e440-4013-9a1b-6ee05eed33b3,,
eid,23e9ed4a-4f7b-47a2-807e-87fcac571f63,zapit,,1,SWC_NM_081,23e9ed4a-4f7b-47a2-807e-87fcac571f63,,
eid,241f00a1-f73f-4c90-908e-e3f548d48664,opto_behavior,figure3_vls_d2_glmhmm,1,SWC_NM_065,241f00a1-f73f-4c90-908e-e3f548d48664,,
eid,24214686-b5b6-453b-9004-8f6e3e9d9882,opto_behavior,figure3_vls_d2_glmhmm,1,SWC_NM_087,24214686-b5b6-453b-9004-8f6e3e9d9882,,
eid,2499872a-0fc5-47bd-928b-f59edcb299d6,zapit,,1,SWC_NM_071,2499872a-0fc5-47bd-928b-f59edcb299d6,,
eid,249bc715-8fe4-492e-84dc-3fb2e15a3098,opto_behavior,figure3_vls_d1_glmhmm,1,SWC_NM_073,249bc715-8fe4-492e-84dc-3fb2e15a3098,,
eid,2506b4db-1368-402b-8afc-cd915384926a,opto_behavior,figure1_zi_glmhmm,1,SWC_NM_104,2506b4db-1368-402b-8afc-cd915384926a,,
eid,252731b9-9b96-4bea-a2b2-056683506cf7,opto_behavior,,1,SWC_NM_035,252731b9-9b96-4bea-a2b2-056683506cf7,,
eid,25863f4c-20d6-43e1-903d-088bcbfdc441,opto_behavior,supp1_hemisphere_specific,2,SWC_NM_018,25863f4c-20d6-43e1-903d-088bcbfdc441,,
eid,25d98c34-1509-4726-970d-15ce47cf082f,opto_behavior,supp1_hemisphere_specific,1,SWC_NM_096,25d98c34-1509-4726-970d-15ce47cf082f,,
eid,25df56f8-5d2f-47b0-9d02-766ac936702e,zapit,figure4_zapit_glmhmm,1,SWC_NM_058,25df56f8-5d2f-47b0-9d02-766ac936702e,,
eid,2622435f-deeb-49ec-94c2-b4c57c3282bf,zapit,figure4_zapit_glmhmm,1,SWC_NM_081,2622435f-deeb-49ec-94c2-b4c57c3282bf,,
eid,2630a3ef-20fb-4511-bd40-5baae2e2f33e,opto_behavior,figure3_vls_d1_glmhmm,1,SWC_NM_053,2630a3ef-20fb-4511-bd40-5baae2e2f33e,,
eid,26330506-1c26-4a75-953c-91808409c92b,opto_behavior,,1,SWC_NM_102,26330506-1c26-4a75-953c-91808409c92b,,
eid,26795a4a-c0dd-4423-87d2-6bfc6b03b528,opto_behavior,,1,SWC_NM_051,26795a4a-c0dd-4423-87d2-6bfc6b03b528,,
eid,269798e4-4837-42f0-80a8-12feafb5325e,opto_behavior,figure1_snr_glmhmm;supp1_glmhmm_states;supp1_hemisphere_specific;supp1_snr_no_glmhmm,1,SWC_NM_011,269798e4-4837-42f0-80a8-12feafb5325e,,
eid,26c225de-a4d5-42d9-bc30-f3f7d391bb30,opto_behavior,figure3_vls_d1_glmhmm,1,SWC_NM_101,26c225de-a4d5-42d9-bc30-f3f7d391bb30,,
eid,2702b582-3e57-4c43-bbda-72269900a4cb,opto_behavior,figure3_vls_d1_glmhmm,1,SWC_NM_101,2702b582-3e57-4c43-bbda-72269900a4cb,,
eid,276cf129-81e8-4a46-bef6-b10c8242e8eb,opto_behavior,figure3_vls_d1_glmhmm,1,SWC_NM_098,276cf129-81e8-4a46-bef6-b10c8242e8eb,,
eid,27726b68-6bc1-46b4-8456-38b7b046363c,opto_behavior,figure1_snr_glmhmm;supp1_glmhmm_states;supp1_hemisphere_specific;supp1_snr_no_glmhmm,1,SWC_NM_096,27726b68-6bc1-46b4-8456-38b7b046363c,,
eid,279d6a88-fbcb-42ab-b46e-fa12a26d6618,opto_behavior,figure3_stn_glmhmm,1,SWC_NM_024,279d6a88-fbcb-42ab-b46e-fa12a26d6618,,
eid,27ed63de-c2d4-4efd-ba0d-7d29c4e7eb3c,zapit,figure4_zapit_glmhmm,1,SWC_NM_057,27ed63de-c2d4-4efd-ba0d-7d29c4e7eb3c,,
eid,2845f8ed-6f0b-4b48-85a2-974b07c6a0a0,opto_behavior,,1,SWC_NM_036,2845f8ed-6f0b-4b48-85a2-974b07c6a0a0,,
eid,2853b63d-9306-46a0-aab5-8137ba7111ea,opto_behavior,figure3_vls_d1_glmhmm,1,SWC_NM_098,2853b63d-9306-46a0-aab5-8137ba7111ea,,
eid,285d1920-3769-4535-931e-7429db4b89d2,opto_behavior,figure3_vls_d1_glmhmm,1,SWC_NM_099,285d1920-3769-4535-931e-7429db4b89d2,,
eid,286092f1-04c3-4edd-bfec-6d8cfaaed7b4,opto_behavior,figure3_vls_d1_glmhmm,1,SWC_NM_101,286092f1-04c3-4edd-bfec-6d8cfaaed7b4,,
eid,288b4537-a539-49f3-a56c-c67c80b3704c,opto_behavior,supp1_hemisphere_specific,1,SWC_NM_012,288b4537-a539-49f3-a56c-c67c80b3704c,,
eid,289c4d50-12f0-4ccf-889e-ded84dfb6c1f,opto_behavior,,1,SWC_NM_102,289c4d50-12f0-4ccf-889e-ded84dfb6c1f,,
eid,28c7741c-07dc-4972-9a55-cd49460df4fd,opto_behavior,,1,SWC_NM_080,28c7741c-07dc-4972-9a55-cd49460df4fd,,
eid,28d3ceed-1edb-4ac6-b7c8-e3647ad36370,opto_behavior,supp1_hemisphere_specific,1,SWC_NM_011,28d3ceed-1edb-4ac6-b7c8-e3647ad36370,,
eid,28eada18-4860-48a3-b238-774ca2b9a5ea,zapit,figure4_zapit_glmhmm,1,SWC_NM_071,28eada18-4860-48a3-b238-774ca2b9a5ea,,
eid,28f71052-e487-47db-900f-0f7d1634a3c1,zapit,figure4_zapit_glmhmm,1,SWC_NM_081,28f71052-e487-47db-900f-0f7d1634a3c1,,
eid,291a4e8f-5324-4a8f-83d3-9716f8689d41,opto_behavior,,1,SWC_NM_049,291a4e8f-5324-4a8f-83d3-9716f8689d41,,
eid,292a8d6b-9805-4d6f-bbb8-888bcc724fd5,opto_behavior,figure3_vls_d1_glmhmm,1,SWC_NM_101,292a8d6b-9805-4d6f-bbb8-888bcc724fd5,,
eid,296344c7-fb61-4d34-b732-6d0aa308fcd7,zapit,,1,SWC_NM_085,296344c7-fb61-4d34-b732-6d0aa308fcd7,,
eid,29a297f8-7818-4e46-b89a-57a90a22c826,zapit,,1,SWC_NM_072,29a297f8-7818-4e46-b89a-57a90a22c826,,
eid,29bd566b-2163-4934-9a32-4fd45b85f7bb,zapit,,1,SWC_NM_071,29bd566b-2163-4934-9a32-4fd45b85f7bb,,
eid,2a2583b4-18b9-4dbe-918c-eb753d16c03e,opto_behavior,supp1_hemisphere_specific,1,SWC_NM_018,2a2583b4-18b9-4dbe-918c-eb753d16c03e,,
eid,2a2efcbf-0269-477b-97f2-89f8ef04decf,opto_behavior,supp1_hemisphere_specific,1,SWC_NM_012,2a2efcbf-0269-477b-97f2-89f8ef04decf,,
eid,2a320f1e-c447-4dda-962e-cc782e37141e,opto_behavior,,1,SWC_NM_102,2a320f1e-c447-4dda-962e-cc782e37141e,,
eid,2a4234bc-d390-48ce-9dae-fec7a9d6b8bd,opto_behavior,supp1_hemisphere_specific,1,SWC_NM_103,2a4234bc-d390-48ce-9dae-fec7a9d6b8bd,,
eid,2a596ea2-05ec-4777-990e-05f27bec3c59,opto_behavior,figure1_zi_glmhmm,1,SWC_NM_111,2a596ea2-05ec-4777-990e-05f27bec3c59,,
eid,2a7d673c-abfb-41cf-bff5-5c3b9b06a952,opto_behavior,figure1_zi_glmhmm,2,SWC_NM_022,2a7d673c-abfb-41cf-bff5-5c3b9b06a952,,
eid,2a8d18e5-42cb-4b24-bd39-bcc1f2fa16d5,zapit,,1,SWC_NM_057,2a8d18e5-42cb-4b24-bd39-bcc1f2fa16d5,,
eid,2aa240a4-0d31-4271-845d-c33e951e9118,opto_behavior,figure1_zi_glmhmm,1,SWC_NM_010,2aa240a4-0d31-4271-845d-c33e951e9118,,
eid,2acbd25f-ab61-4fb5-bd2d-db7d2fb04f34,opto_behavior,figure3_vls_d1_glmhmm,1,SWC_NM_073,2acbd25f-ab61-4fb5-bd2d-db7d2fb04f34,,
eid,2aed2d49-fced-4465-b3bb-58b225079748,opto_behavior,,1,SWC_NM_012,2aed2d49-fced-4465-b3bb-58b225079748,,
eid,2b8f4563-477b-4311-ad27-52de0ef20143,opto_behavior,,1,SWC_NM_024,2b8f4563-477b-4311-ad27-52de0ef20143,,
eid,2b920090-8256-4a13-9923-a4b57952faa7,opto_behavior,figure1_zi_glmhmm,1,SWC_NM_003,2b920090-8256-4a13-9923-a4b57952faa7,,
eid,2b9ccc2d-aa2a-43bd-8a3c-5844e84c3db2,opto_behavior,figure3_vls_d1_glmhmm,1,SWC_NM_105,2b9ccc2d-aa2a-43bd-8a3c-5844e84c3db2,,
eid,2bbae950-9555-43d0-9891-03e47f18b286,opto_behavior,,1,SWC_NM_008,2bbae950-9555-43d0-9891-03e47f18b286,,
eid,2bde1da6-cd71-4cda-a8d1-46cf7c4fe13d,opto_behavior,figure1_zi_glmhmm,1,SWC_NM_111,2bde1da6-cd71-4cda-a8d1-46cf7c4fe13d,,
eid,2c4da1b0-05fc-4c58-8811-d5f2508a9581,opto_behavior,,1,SWC_NM_106,2c4da1b0-05fc-4c58-8811-d5f2508a9581,,
eid,2c599f47-5f22-4a89-9b9d-a4be933bd46e,opto_behavior,figure3_vls_d1_glmhmm,1,SWC_NM_073,2c599f47-5f22-4a89-9b9d-a4be933bd46e,,
eid,2cb4353f-ff13-4661-b1c5-aaf892ba47cb,opto_behavior,figure1_zi_glmhmm,1,SWC_NM_111,2cb4353f-ff13-4661-b1c5-aaf892ba47cb,,
eid,2d3f78c0-b7f8-4045-9bc1-8c76a7ae4a51,opto_behavior,figure3_vls_d2_glmhmm,1,SWC_NM_065,2d3f78c0-b7f8-4045-9bc1-8c76a7ae4a51,,
eid,2dccb63e-d226-4851-9b3b-432c8a855e52,opto_behavior,,1,SWC_NM_037,2dccb63e-d226-4851-9b3b-432c8a855e52,,
eid,2e4e763c-aa49-4ba0-a194-86f0ae0d537e,opto_behavior,figure3_vls_d2_glmhmm,1,SWC_NM_065,2e4e763c-aa49-4ba0-a194-86f0ae0d537e,,
eid,2e70831c-41a2-489c-b242-94e9893287cd,zapit,figure4_zapit_glmhmm,1,SWC_NM_085,2e70831c-41a2-489c-b242-94e9893287cd,,
eid,2e9ad686-c2d9-4bf9-aef6-abf2bd1cdfbe,zapit,figure4_zapit_glmhmm,1,SWC_NM_090,2e9ad686-c2d9-4bf9-aef6-abf2bd1cdfbe,,
eid,2ee29830-76f1-43dc-9851-c10eccdc12dd,opto_behavior,figure3_vls_d2_glmhmm,1,SWC_NM_065,2ee29830-76f1-43dc-9851-c10eccdc12dd,,
eid,2eef12b7-def8-4bdd-8c4b-166e2eef059a,zapit,,1,SWC_NM_085,2eef12b7-def8-4bdd-8c4b-166e2eef059a,,
eid,2f95753b-06cf-4860-b3a7-82b4d7a9fd45,opto_behavior,figure3_stn_glmhmm,1,SWC_NM_024,2f95753b-06cf-4860-b3a7-82b4d7a9fd45,,
eid,2fb4c72b-093b-4cd1-92d0-08b5b2377646,zapit,,1,SWC_NM_081,2fb4c72b-093b-4cd1-92d0-08b5b2377646,,
eid,2fb64c24-a802-4c67-9ef8-63c0b5e94239,zapit,figure4_zapit_glmhmm,1,SWC_NM_058,2fb64c24-a802-4c67-9ef8-63c0b5e94239,,
eid,2fbd3b7b-db18-4e00-a118-602aa912a682,zapit,,1,SWC_NM_086,2fbd3b7b-db18-4e00-a118-602aa912a682,,
eid,2fc30f24-10ee-4f3d-bc03-a42e2a1eb51e,opto_behavior,,1,SWC_NM_036,2fc30f24-10ee-4f3d-bc03-a42e2a1eb51e,,
eid,303904fe-4a51-4d32-a1bb-b0b4a0d97861,zapit,,1,SWC_NM_057,303904fe-4a51-4d32-a1bb-b0b4a0d97861,,
eid,3047075f-fe45-4a2d-8cf7-7b20210b1073,opto_behavior,figure3_vls_d1_glmhmm,1,SWC_NM_098,3047075f-fe45-4a2d-8cf7-7b20210b1073,,
eid,30cca44f-fa68-41d4-ad4a-1d3b41178860,zapit,figure4_zapit_glmhmm,1,SWC_NM_057,30cca44f-fa68-41d4-ad4a-1d3b41178860,,
eid,30dc77ad-9d38-4760-ae7b-71034f4558db,zapit,figure4_zapit_glmhmm,1,SWC_NM_081,30dc77ad-9d38-4760-ae7b-71034f4558db,,
eid,312f05e2-db5b-4d2b-99f5-80638c889899,opto_behavior,,1,SWC_NM_104,312f05e2-db5b-4d2b-99f5-80638c889899,,
eid,318bffb7-9bca-4145-affe-b52588a5dc1c,opto_behavior,,1,SWC_NM_008,318bffb7-9bca-4145-affe-b52588a5dc1c,,
eid,319149f0-0aba-485e-892c-e033e5bb86f0,zapit,,1,SWC_NM_086,319149f0-0aba-485e-892c-e033e5bb86f0,,
eid,319c04c0-25b9-4550-a962-cb12561752cd,zapit,,1,SWC_NM_081,319c04c0-25b9-4550-a962-cb12561752cd,,
eid,31a9d3e2-7a58-4228-b814-74c8e2d404d0,zapit,figure4_zapit_glmhmm,1,SWC_NM_071,31a9d3e2-7a58-4228-b814-74c8e2d404d0,,
eid,31aaf34d-04ea-4713-b2af-dffddd2ffafd,opto_behavior,figure3_vls_d2_glmhmm,2,SWC_NM_065,31aaf34d-04ea-4713-b2af-dffddd2ffafd,,
eid,31f5dbd5-6db7-4688-80a0-14acc83de81d,opto_behavior,figure3_vls_d2_glmhmm,1,SWC_NM_109,31f5dbd5-6db7-4688-80a0-14acc83de81d,,
eid,326fc4e3-5de2-4426-a270-6ad33bc72bf4,zapit,figure4_zapit_glmhmm,1,SWC_NM_057,326fc4e3-5de2-4426-a270-6ad33bc72bf4,,
eid,32a645ec-f07d-46f0-9464-1c6a4da6581f,opto_behavior,supp1_hemisphere_specific,1,SWC_NM_113,32a645ec-f07d-46f0-9464-1c6a4da6581f,,
eid,32cf6ee5-2397-4482-a1f6-bb01745a4b4b,opto_behavior,supp1_hemisphere_specific,1,SWC_NM_016,32cf6ee5-2397-4482-a1f6-bb01745a4b4b,,
eid,32e3cf7a-a3e3-41a4-a5d7-cb75022d4597,opto_behavior,,1,SWC_NM_102,32e3cf7a-a3e3-41a4-a5d7-cb75022d4597,,
eid,330ebac8-a94e-4a0c-a50a-c571fb162b02,opto_behavior,figure1_zi_glmhmm,1,SWC_NM_010,330ebac8-a94e-4a0c-a50a-c571fb162b02,,
eid,331dea26-7d0f-4ef8-966f-ecd31fd68b08,opto_behavior,,1,SWC_NM_102,331dea26-7d0f-4ef8-966f-ecd31fd68b08,,
eid,33201ab9-04fe-455b-827b-8aea51949a70,opto_behavior,,1,SWC_NM_037,33201ab9-04fe-455b-827b-8aea51949a70,,
eid,33567616-744f-4c22-b89b-6d3f299e8a79,opto_behavior,,1,SWC_NM_096,33567616-744f-4c22-b89b-6d3f299e8a79,,
eid,335a0eda-f61d-45d2-b1df-1aea44c5abcb,opto_behavior,,1,SWC_NM_003,335a0eda-f61d-45d2-b1df-1aea44c5abcb,,
eid,336a7390-5f64-4217-a9ba-832083f1cb16,opto_behavior,,1,SWC_NM_043,336a7390-5f64-4217-a9ba-832083f1cb16,,
eid,33760c33-10f6-4670-8c4c-a35c2c274019,zapit,figure4_zapit_glmhmm,1,SWC_NM_057,33760c33-10f6-4670-8c4c-a35c2c274019,,
eid,3386e5b5-815b-4c24-9b13-4a8dad6ec321,zapit,,1,SWC_NM_085,3386e5b5-815b-4c24-9b13-4a8dad6ec321,,
eid,33f4d759-46a4-4e54-921b-e08886536f13,opto_behavior,figure1_snr_glmhmm;supp1_glmhmm_states;supp1_hemisphere_specific;supp1_snr_no_glmhmm,1,SWC_NM_103,33f4d759-46a4-4e54-921b-e08886536f13,,
eid,346f7a43-e10b-498f-8f8b-c9802dadeabd,opto_behavior,,1,SWC_NM_073,346f7a43-e10b-498f-8f8b-c9802dadeabd,,
eid,3475b385-19af-4be2-a667-4cd9a4ba7527,opto_behavior,,1,SWC_NM_026,3475b385-19af-4be2-a667-4cd9a4ba7527,,
eid,3482d302-75f7-419a-85d6-05e9b05746fb,opto_behavior,supp1_hemisphere_specific,1,SWC_NM_103,3482d302-75f7-419a-85d6-05e9b05746fb,,
eid,34cc8a58-c98e-4ddf-b527-d4a420f68ba0,opto_behavior,figure3_vls_d1_glmhmm,1,SWC_NM_105,34cc8a58-c98e-4ddf-b527-d4a420f68ba0,,
eid,35581c37-e576-4394-8195-24136669edaa,zapit,figure4_zapit_glmhmm,1,SWC_NM_082,35581c37-e576-4394-8195-24136669edaa,,
eid,35bdb284-f5c5-4bb7-a1b1-0e84505fedf2,zapit,,1,SWC_NM_057,35bdb284-f5c5-4bb7-a1b1-0e84505fedf2,,
eid,363fb0df-7564-40d2-9fa1-d151a7b7d5b0,opto_behavior,figure3_vls_d1_glmhmm,1,SWC_NM_099,363fb0df-7564-40d2-9fa1-d151a7b7d5b0,,
eid,363fd96f-fb16-4bac-97e4-56d10f9d6872,zapit,figure4_zapit_glmhmm,1,SWC_NM_072,363fd96f-fb16-4bac-97e4-56d10f9d6872,,
eid,3693330f-2dee-4943-8713-2ee908736a06,opto_behavior,figure3_vls_d1_glmhmm,1,SWC_NM_053,3693330f-2dee-4943-8713-2ee908736a06,,
eid,369d3a18-44de-42dd-abc4-de4a65dc1ac9,opto_behavior,figure3_vls_d2_glmhmm,1,SWC_NM_089,369d3a18-44de-42dd-abc4-de4a65dc1ac9,,
eid,36d25914-b9d7-4660-929e-6b6abe64d7c6,opto_behavior,,1,SWC_NM_037,36d25914-b9d7-4660-929e-6b6abe64d7c6,,
eid,371667a3-635b-43aa-a74d-d35a164387a6,zapit,figure4_zapit_glmhmm,1,SWC_NM_057,371667a3-635b-43aa-a74d-d35a164387a6,,
eid,374bf3c0-c12f-4612-9888-4e4a5cf0d1b8,opto_behavior,figure3_vls_d1_glmhmm,1,SWC_NM_099,374bf3c0-c12f-4612-9888-4e4a5cf0d1b8,,
eid,3751487f-db0a-4905-ba89-0ddbe5b721e3,opto_behavior,,1,SWC_NM_065,3751487f-db0a-4905-ba89-0ddbe5b721e3,,
eid,37d55d35-d803-4d59-b29a-5032107663d1,opto_behavior,figure3_vls_d2_glmhmm,1,SWC_NM_108,37d55d35-d803-4d59-b29a-5032107663d1,,
eid,37f0bd30-767f-45d2-a667-ac14a2a0787e,opto_behavior,,1,SWC_NM_036,37f0bd30-767f-45d2-a667-ac14a2a0787e,,
eid,380311ce-5021-412d-b9d7-d2f1e048ec63,opto_behavior,,1,SWC_NM_043,380311ce-5021-412d-b9d7-d2f1e048ec63,,
eid,38380394-c382-432e-8403-2354edf1c7fb,opto_behavior,figure3_vls_d2_glmhmm,1,SWC_NM_089,38380394-c382-432e-8403-2354edf1c7fb,,
eid,3879f37d-980f-4edf-9798-ce12aa457847,zapit,,1,SWC_NM_086,3879f37d-980f-4edf-9798-ce12aa457847,,
eid,388c2e40-19cc-4de5-9f63-387c427d1fa9,zapit,figure4_zapit_glmhmm,1,SWC_NM_085,388c2e40-19cc-4de5-9f63-387c427d1fa9,,
eid,38dd63f0-297b-44a8-b469-2c16c76461ac,opto_behavior,,1,SWC_NM_042,38dd63f0-297b-44a8-b469-2c16c76461ac,,
eid,3924bc3c-2e8a-451e-a56e-e5c96cc3f0d3,opto_behavior,figure1_zi_glmhmm,1,SWC_NM_104,3924bc3c-2e8a-451e-a56e-e5c96cc3f0d3,,
eid,395d7e8b-babe-4f39-b9f7-f62444002e36,opto_behavior,figure3_vls_d2_glmhmm,1,SWC_NM_065,395d7e8b-babe-4f39-b9f7-f62444002e36,,
eid,3a7840b6-9283-4bd2-a3d1-16b377fa1d7f,zapit,figure4_zapit_glmhmm,1,SWC_NM_082,3a7840b6-9283-4bd2-a3d1-16b377fa1d7f,,
eid,3a7fcb1a-73b7-42a0-9f52-e8ab8c16e65e,opto_behavior,supp1_hemisphere_specific,1,SWC_NM_103,3a7fcb1a-73b7-42a0-9f52-e8ab8c16e65e,,
eid,3a8ab779-363e-4681-b855-f897fa4e6d18,zapit,figure4_zapit_glmhmm,1,SWC_NM_071,3a8ab779-363e-4681-b855-f897fa4e6d18,,
eid,3aa941b5-a28e-4621-917d-cd8791480130,opto_behavior,figure3_vls_d2_glmhmm,1,SWC_NM_087,3aa941b5-a28e-4621-917d-cd8791480130,,
eid,3abd3941-4f14-482b-a9af-d9ee0e4bc69d,opto_behavior,,1,SWC_NM_011,3abd3941-4f14-482b-a9af-d9ee0e4bc69d,,
eid,3ad1c330-a34e-460b-894c-1c50d04e6d38,opto_behavior,,1,SWC_NM_053,3ad1c330-a34e-460b-894c-1c50d04e6d38,,
eid,3ada9be9-f292-4716-807e-ab3b912283d6,opto_behavior,,2,SWC_NM_111,3ada9be9-f292-4716-807e-ab3b912283d6,,
eid,3aedd7d5-b3e1-4617-99e4-3923c19105c9,opto_behavior,,1,SWC_NM_042,3aedd7d5-b3e1-4617-99e4-3923c19105c9,,
eid,3b2314e9-d3c4-4fc3-be3d-544635f360db,opto_behavior,supp1_hemisphere_specific,1,SWC_NM_113,3b2314e9-d3c4-4fc3-be3d-544635f360db,,
eid,3bec32f7-9c81-41be-bd39-dd5f9056fee5,opto_behavior,figure3_stn_glmhmm,1,SWC_NM_024,3bec32f7-9c81-41be-bd39-dd5f9056fee5,,
eid,3bfd3981-dfb8-4001-95a4-fb3bb3be8d20,opto_behavior,,1,SWC_NM_111,3bfd3981-dfb8-4001-95a4-fb3bb3be8d20,,
eid,3c27738f-65dd-492e-bf49-5dbd11c1f374,zapit,figure4_zapit_glmhmm,1,SWC_NM_085,3c27738f-65dd-492e-bf49-5dbd11c1f374,,
eid,3c50aa42-f734-4c62-83fb-d548a443ddb2,zapit,figure4_zapit_glmhmm,1,SWC_NM_058,3c50aa42-f734-4c62-83fb-d548a443ddb2,,
eid,3c7bfbf6-bff7-4a9e-88ed-71d533e1aee8,opto_behavior,figure1_zi_glmhmm,1,SWC_NM_022,3c7bfbf6-bff7-4a9e-88ed-71d533e1aee8,,
eid,3c8df838-955c-4a47-880b-e76dcc2a9be6,opto_behavior,figure3_vls_d2_glmhmm,1,SWC_NM_109,3c8df838-955c-4a47-880b-e76dcc2a9be6,,
eid,3ca6c201-91f2-4ba9-8b8a-012446bdf7d2,opto_behavior,figure3_stn_glmhmm,1,SWC_NM_024,3ca6c201-91f2-4ba9-8b8a-012446bdf7d2,,
eid,3ce30db9-6acd-4d4f-b3ef-cdae72193cca,zapit,figure4_zapit_glmhmm,1,SWC_NM_057,3ce30db9-6acd-4d4f-b3ef-cdae72193cca,,
eid,3ce813d3-75f1-4558-83ea-c125f71f6bba,opto_behavior,figure3_stn_glmhmm,2,SWC_NM_025,3ce813d3-75f1-4558-83ea-c125f71f6bba,,
eid,3cf380ef-4209-41da-b425-e64bd0212169,zapit,,1,SWC_NM_085,3cf380ef-4209-41da-b425-e64bd0212169,,
eid,3cf488ae-c327-4e58-b6f6-7b7d81721628,opto_behavior,figure1_zi_glmhmm,1,SWC_NM_003,3cf488ae-c327-4e58-b6f6-7b7d81721628,,
eid,3d20e274-d965-429b-9198-526bb1df3ff7,zapit,figure4_zapit_glmhmm,1,SWC_NM_081,3d20e274-d965-429b-9198-526bb1df3ff7,,
eid,3d2d70f9-3486-400e-a9d8-6aed17b6193a,opto_behavior,figure3_stn_glmhmm,1,SWC_NM_024,3d2d70f9-3486-400e-a9d8-6aed17b6193a,,
eid,3d600454-fc11-448a-8480-e5b38f4edb1f,opto_behavior,figure3_vls_d2_glmhmm,1,SWC_NM_108,3d600454-fc11-448a-8480-e5b38f4edb1f,,
eid,3d7e08ed-d801-4081-bb71-ec4b6a51643e,opto_behavior,,2,SWC_NM_093,3d7e08ed-d801-4081-bb71-ec4b6a51643e,,
eid,3dd68334-84cc-402d-a053-45bd352c14fc,opto_behavior,figure3_stn_glmhmm,1,SWC_NM_025,3dd68334-84cc-402d-a053-45bd352c14fc,,
eid,3debc803-cabb-444a-ad4b-62b52f34dc1f,opto_behavior,supp1_hemisphere_specific,1,SWC_NM_011,3debc803-cabb-444a-ad4b-62b52f34dc1f,,
eid,3df2cc80-cdfa-47d0-bd36-863174255547,opto_behavior,,1,SWC_NM_051,3df2cc80-cdfa-47d0-bd36-863174255547,,
eid,3e16843e-4d15-421a-8e38-eb862aa09e0a,zapit,figure4_zapit_glmhmm,1,SWC_NM_082,3e16843e-4d15-421a-8e38-eb862aa09e0a,,
eid,3e2f49c3-1590-4874-adc6-c68c518e7baf,zapit,figure4_zapit_glmhmm,1,SWC_NM_071,3e2f49c3-1590-4874-adc6-c68c518e7baf,,
eid,3e3535fb-b06f-4e57-9460-cbe071984171,opto_behavior,figure1_zi_glmhmm,1,SWC_NM_003,3e3535fb-b06f-4e57-9460-cbe071984171,,
eid,3e3b5e27-032c-4ee0-8db1-c61bf2b6aade,opto_behavior,,1,SWC_NM_036,3e3b5e27-032c-4ee0-8db1-c61bf2b6aade,,
eid,3ec0e0ac-a2ce-4d26-87ab-b89f741f0ee0,zapit,,1,SWC_NM_072,3ec0e0ac-a2ce-4d26-87ab-b89f741f0ee0,,
eid,3f4d8647-1701-4763-9630-3aee0b7b8f88,opto_behavior,,1,SWC_NM_035,3f4d8647-1701-4763-9630-3aee0b7b8f88,,
eid,3f56560a-16c1-484e-af4d-3caa9fd7aedd,opto_behavior,figure3_vls_d2_glmhmm,1,SWC_NM_087,3f56560a-16c1-484e-af4d-3caa9fd7aedd,,
eid,3f56b55e-33f9-404a-9de5-8cdd91028856,zapit,figure4_zapit_glmhmm,1,SWC_NM_082,3f56b55e-33f9-404a-9de5-8cdd91028856,,
eid,3f704200-a246-4276-ae7f-c47c33e29f63,opto_behavior,figure1_zi_glmhmm,1,SWC_NM_003,3f704200-a246-4276-ae7f-c47c33e29f63,,
eid,3f792775-5f93-4e15-969d-9d8deb8d4b19,zapit,figure4_zapit_glmhmm,1,SWC_NM_071,3f792775-5f93-4e15-969d-9d8deb8d4b19,,
eid,3fce4e6c-1408-4fde-b95d-72a75b4e63da,zapit,,1,SWC_NM_071,3fce4e6c-1408-4fde-b95d-72a75b4e63da,,
eid,3fd84daa-3664-4b52-acc9-d9fa30967094,opto_behavior,,1,SWC_NM_073,3fd84daa-3664-4b52-acc9-d9fa30967094,,
eid,3fec152d-292e-4e50-b543-fe1830123a82,opto_behavior,supp1_hemisphere_specific,1,SWC_NM_103,3fec152d-292e-4e50-b543-fe1830123a82,,
eid,3ffd2a46-cbc5-4a6b-965f-c3baeb4c4899,opto_behavior,,1,SWC_NM_036,3ffd2a46-cbc5-4a6b-965f-c3baeb4c4899,,
eid,4024d778-f840-4060-b5ee-d32a9c471ec5,zapit,figure4_zapit_glmhmm,1,SWC_NM_071,4024d778-f840-4060-b5ee-d32a9c471ec5,,
eid,40394d09-a720-454d-959f-f7b4b238e477,opto_behavior,figure3_vls_d1_glmhmm,1,SWC_NM_099,40394d09-a720-454d-959f-f7b4b238e477,,
eid,40755583-4d49-40c8-9443-57a918d0199f,opto_behavior,,1,SWC_NM_096,40755583-4d49-40c8-9443-57a918d0199f,,
eid,409dc01a-c5dc-40cb-8356-e19372e4f546,opto_behavior,supp1_hemisphere_specific,1,SWC_NM_008,409dc01a-c5dc-40cb-8356-e19372e4f546,,
eid,40defdac-fb76-475d-ad14-2236194b8012,opto_behavior,figure1_zi_glmhmm,1,SWC_NM_111,40defdac-fb76-475d-ad14-2236194b8012,,
eid,40f30063-282c-4b0f-bfa4-7afcbbd86964,opto_behavior,,1,SWC_NM_104,40f30063-282c-4b0f-bfa4-7afcbbd86964,,
eid,411d5f71-4f16-4ca5-ae20-a9789a4b49a6,opto_behavior,figure1_zi_glmhmm,1,SWC_NM_003,411d5f71-4f16-4ca5-ae20-a9789a4b49a6,,
eid,413bda0c-0b1c-4d2f-9bd2-fff32a2e928c,opto_behavior,figure3_vls_d1_glmhmm,1,SWC_NM_053,413bda0c-0b1c-4d2f-9bd2-fff32a2e928c,,
eid,417a81f7-222a-4dc7-95e5-189675d9d680,zapit,figure4_zapit_glmhmm,1,SWC_NM_081,417a81f7-222a-4dc7-95e5-189675d9d680,,
eid,41b0adde-5791-4ac5-9684-c5ba76e66eab,opto_behavior,supp1_hemisphere_specific,1,SWC_NM_103,41b0adde-5791-4ac5-9684-c5ba76e66eab,,
eid,41d0c085-8bfc-40fb-8efa-1f62f6753e7a,opto_behavior,figure3_vls_d2_glmhmm,1,SWC_NM_109,41d0c085-8bfc-40fb-8efa-1f62f6753e7a,,
eid,42097ae3-6c89-436b-b1f6-531706602faf,zapit,figure4_zapit_glmhmm,1,SWC_NM_058,42097ae3-6c89-436b-b1f6-531706602faf,,
eid,42413192-cad7-44bf-a759-9f761a3b973d,opto_behavior,,1,SWC_NM_035,42413192-cad7-44bf-a759-9f761a3b973d,,
eid,4399db90-c883-43df-a94b-97dc5b664935,zapit,figure4_zapit_glmhmm,1,SWC_NM_081,4399db90-c883-43df-a94b-97dc5b664935,,
eid,43bcc3ac-f0c7-4709-bb9a-9e0c3269f354,opto_behavior,supp1_hemisphere_specific,1,SWC_NM_080,43bcc3ac-f0c7-4709-bb9a-9e0c3269f354,,
eid,4483138b-6f1b-48f5-84e8-8cb0f09270a4,zapit,figure4_zapit_glmhmm,1,SWC_NM_091,4483138b-6f1b-48f5-84e8-8cb0f09270a4,,
eid,448d7b48-af08-47e0-bace-3167ba4ba9cc,opto_behavior,,1,SWC_NM_008,448d7b48-af08-47e0-bace-3167ba4ba9cc,,
eid,44da6b87-38ed-4544-8f93-adaff91c92de,opto_behavior,,1,SWC_NM_043,44da6b87-38ed-4544-8f93-adaff91c92de,,
eid,4513ca43-092c-4d70-89f9-f431b281fe8c,zapit,figure4_zapit_glmhmm,1,SWC_NM_091,4513ca43-092c-4d70-89f9-f431b281fe8c,,
eid,4535379c-1216-40f8-a0fd-054cc27799f0,opto_behavior,,1,SWC_NM_035,4535379c-1216-40f8-a0fd-054cc27799f0,,
eid,4569efa8-dc24-4f03-88ef-94d0f96c5f2d,zapit,,1,SWC_NM_081,4569efa8-dc24-4f03-88ef-94d0f96c5f2d,,
eid,4585378e-6d33-48c7-8d4b-aea6671fcb8d,zapit,,1,SWC_NM_085,4585378e-6d33-48c7-8d4b-aea6671fcb8d,,
eid,458fa5fa-4270-400e-90c8-4106a0253707,opto_behavior,figure3_vls_d2_glmhmm,1,SWC_NM_107,458fa5fa-4270-400e-90c8-4106a0253707,,
eid,45a4f3a9-7e87-4267-a586-b197278b9d94,opto_behavior,,1,SWC_NM_049,45a4f3a9-7e87-4267-a586-b197278b9d94,,
eid,45ab828c-2e0e-47ea-9d71-488651be576c,opto_behavior,figure3_vls_d2_glmhmm,1,SWC_NM_108,45ab828c-2e0e-47ea-9d71-488651be576c,,
eid,45b7a288-8bf7-411c-b1ba-178b58fc7f6f,opto_behavior,figure3_stn_glmhmm,1,SWC_NM_025,45b7a288-8bf7-411c-b1ba-178b58fc7f6f,,
eid,45e79f8f-d7ae-4329-921f-4470278d7723,opto_behavior,,1,SWC_NM_053,45e79f8f-d7ae-4329-921f-4470278d7723,,
eid,461f1dc8-4463-4705-bce3-70fb28d24275,zapit,figure4_zapit_glmhmm,1,SWC_NM_071,461f1dc8-4463-4705-bce3-70fb28d24275,,
eid,4630fbf2-a6b3-4443-b6da-af6a07cf0909,zapit,,1,SWC_NM_086,4630fbf2-a6b3-4443-b6da-af6a07cf0909,,
eid,464613ff-01f1-407c-9b47-098df406e8f4,opto_behavior,figure3_vls_d1_glmhmm,1,SWC_NM_073,464613ff-01f1-407c-9b47-098df406e8f4,,
eid,4650da81-e01e-4db4-89a9-a74d1b9ab953,zapit,figure4_zapit_glmhmm,1,SWC_NM_071,4650da81-e01e-4db4-89a9-a74d1b9ab953,,
eid,46dd2112-a336-4221-b1f1-601e57fbd972,opto_behavior,,1,SWC_NM_036,46dd2112-a336-4221-b1f1-601e57fbd972,,
eid,46e020f3-0246-41cb-9fe3-b33caa29491f,opto_behavior,figure3_vls_d2_glmhmm,1,SWC_NM_083,46e020f3-0246-41cb-9fe3-b33caa29491f,,
eid,47093eb5-2516-4e6f-a66e-92275c52659b,opto_behavior,figure3_stn_glmhmm,1,SWC_NM_024,47093eb5-2516-4e6f-a66e-92275c52659b,,
eid,4728c15a-4772-4c03-86be-42c57ac6b705,opto_behavior,,1,SWC_NM_102,4728c15a-4772-4c03-86be-42c57ac6b705,,
eid,47653f0e-6858-4a74-92cd-a8ae5837f617,zapit,figure4_zapit_glmhmm,1,SWC_NM_085,47653f0e-6858-4a74-92cd-a8ae5837f617,,
eid,4801a128-66ae-4849-8611-65e71a19fd3b,opto_behavior,figure3_vls_d1_glmhmm,1,SWC_NM_099,4801a128-66ae-4849-8611-65e71a19fd3b,,
eid,4863e902-6acc-4d35-8ac7-8a0a29980e8a,opto_behavior,figure3_vls_d1_glmhmm,1,SWC_NM_105,4863e902-6acc-4d35-8ac7-8a0a29980e8a,,
eid,487d24f3-278e-443f-9b32-80e5df4de50b,opto_behavior,,1,SWC_NM_106,487d24f3-278e-443f-9b32-80e5df4de50b,,
eid,48d99226-0974-40b6-8357-a5876f7765df,opto_behavior,,1,SWC_NM_035,48d99226-0974-40b6-8357-a5876f7765df,,
eid,48f93196-a573-4e46-95ee-08fc9484785c,zapit,figure4_zapit_glmhmm,1,SWC_NM_057,48f93196-a573-4e46-95ee-08fc9484785c,,
eid,490c23d3-f9ef-49b2-bdf3-fe493a1d1623,zapit,,1,SWC_NM_082,490c23d3-f9ef-49b2-bdf3-fe493a1d1623,,
eid,492241e2-6d50-4b2e-be20-74f6c9072b93,zapit,,1,SWC_NM_086,492241e2-6d50-4b2e-be20-74f6c9072b93,,
eid,49720c45-6130-4f3b-aeb8-d0c38c13e087,zapit,figure4_zapit_glmhmm,1,SWC_NM_082,49720c45-6130-4f3b-aeb8-d0c38c13e087,,
eid,49ed175c-9f47-4048-9ea2-af267f7ca445,opto_behavior,figure3_vls_d1_glmhmm,1,SWC_NM_053,49ed175c-9f47-4048-9ea2-af267f7ca445,,
eid,4a1df54a-92a1-4821-b0b5-3cbd97848e76,opto_behavior,figure3_vls_d1_glmhmm,1,SWC_NM_073,4a1df54a-92a1-4821-b0b5-3cbd97848e76,,
eid,4a67a51b-dc8c-4216-afad-28f463078be4,opto_behavior,,1,SWC_NM_049,4a67a51b-dc8c-4216-afad-28f463078be4,,
eid,4a6b8509-cc65-4a3f-bbe2-b320b26e73bc,zapit,,1,SWC_NM_085,4a6b8509-cc65-4a3f-bbe2-b320b26e73bc,,
eid,4a9f363e-cc0a-4823-aab9-d632a2c2873a,opto_behavior,,1,SWC_NM_099,4a9f363e-cc0a-4823-aab9-d632a2c2873a,,
eid,4ab45924-65a7-4178-8723-ab457c6ee242,opto_behavior,figure3_stn_glmhmm,1,SWC_NM_024,4ab45924-65a7-4178-8723-ab457c6ee242,,
eid,4ac3caaf-1b27-4c89-9020-560b7f6f6df4,opto_behavior,figure3_stn_glmhmm,1,SWC_NM_025,4ac3caaf-1b27-4c89-9020-560b7f6f6df4,,
eid,4b0a4d16-86fb-4a2d-a57b-01303e0fd139,opto_behavior,,1,SWC_NM_093,4b0a4d16-86fb-4a2d-a57b-01303e0fd139,,
eid,4b772b22-f7df-4f0b-a78d-a8db3c60a8a8,opto_behavior,supp1_hemisphere_specific,1,SWC_NM_080,4b772b22-f7df-4f0b-a78d-a8db3c60a8a8,,
eid,4bb73d63-fec9-4f4b-9d9d-c4efdb5453e4,zapit,figure4_zapit_glmhmm,1,SWC_NM_091,4bb73d63-fec9-4f4b-9d9d-c4efdb5453e4,,
eid,4c0c3e0c-5431-40fb-adad-2c92759e2b14,opto_behavior,figure3_vls_d1_glmhmm,1,SWC_NM_098,4c0c3e0c-5431-40fb-adad-2c92759e2b14,,
eid,4c59db6d-5a1c-4d26-9201-fcd3c74c3bad,opto_behavior,,1,SWC_NM_096,4c59db6d-5a1c-4d26-9201-fcd3c74c3bad,,
eid,4caf8316-2847-4997-acc0-685ee99a0bf7,opto_behavior,,1,SWC_NM_063,4caf8316-2847-4997-acc0-685ee99a0bf7,,
eid,4cef1a10-acd0-48af-bd8b-a5c1a1d2fef6,opto_behavior,figure3_vls_d1_glmhmm,1,SWC_NM_053,4cef1a10-acd0-48af-bd8b-a5c1a1d2fef6,,
eid,4cf61029-b073-4418-8207-1ec86ff80226,opto_behavior,,1,SWC_NM_037,4cf61029-b073-4418-8207-1ec86ff80226,,
eid,4d6ce047-1344-4391-a0dd-33b8fdd8e601,opto_behavior,figure3_vls_d2_glmhmm,1,SWC_NM_107,4d6ce047-1344-4391-a0dd-33b8fdd8e601,,
eid,4e04f6cc-5ace-4993-9a64-4a418672d6da,zapit,,1,SWC_NM_072,4e04f6cc-5ace-4993-9a64-4a418672d6da,,
eid,4e5e7d0b-6bc4-445a-8975-d1c1a3caaa26,opto_behavior,,1,SWC_NM_036,4e5e7d0b-6bc4-445a-8975-d1c1a3caaa26,,
eid,4e637992-5ae9-4131-93d9-788f109d253c,opto_behavior,,1,SWC_NM_101,4e637992-5ae9-4131-93d9-788f109d253c,,
eid,4e721496-d4fd-4a94-8482-a856d86c5a86,opto_behavior,,1,SWC_NM_106,4e721496-d4fd-4a94-8482-a856d86c5a86,,
eid,4e74b9cf-8de0-4145-8b16-a0312583106a,opto_behavior,supp1_hemisphere_specific,1,SWC_NM_103,4e74b9cf-8de0-4145-8b16-a0312583106a,,
eid,4ea40850-42f6-4efd-b517-3eaa65157dd8,zapit,figure4_zapit_glmhmm,1,SWC_NM_081,4ea40850-42f6-4efd-b517-3eaa65157dd8,,
eid,4f54fbea-064c-4a5b-942f-684fd5c28692,opto_behavior,figure3_stn_glmhmm,2,SWC_NM_024,4f54fbea-064c-4a5b-942f-684fd5c28692,,
eid,4f5d64c2-f685-49c8-bbd6-ebe7e65f4686,opto_behavior,,1,SWC_NM_022,4f5d64c2-f685-49c8-bbd6-ebe7e65f4686,,
eid,4f8c6970-65dc-4eb0-a114-4dc7b51c82ce,opto_behavior,,1,SWC_NM_088,4f8c6970-65dc-4eb0-a114-4dc7b51c82ce,,
eid,4f8c6d55-921c-47a3-a029-1ee9a8e3f7cd,zapit,figure4_zapit_glmhmm,1,SWC_NM_085,4f8c6d55-921c-47a3-a029-1ee9a8e3f7cd,,
eid,4fe120ac-7da6-49a1-88ae-8326f93aff5b,zapit,figure4_zapit_glmhmm,1,SWC_NM_057,4fe120ac-7da6-49a1-88ae-8326f93aff5b,,
eid,504030da-9e68-4e26-9c68-0efad8a8bec4,zapit,figure4_zapit_glmhmm,1,SWC_NM_057,504030da-9e68-4e26-9c68-0efad8a8bec4,,
eid,504a0fd0-0c1b-413e-b78a-ab3c0e8c16ef,zapit,,1,SWC_NM_086,504a0fd0-0c1b-413e-b78a-ab3c0e8c16ef,,
eid,504ad71b-46e9-47d3-ae49-f75a4167107b,zapit,figure4_zapit_glmhmm,1,SWC_NM_086,504ad71b-46e9-47d3-ae49-f75a4167107b,,
eid,505b6370-97e9-4192-8a91-d18ce864e85e,zapit,figure4_zapit_glmhmm,1,SWC_NM_086,505b6370-97e9-4192-8a91-d18ce864e85e,,
eid,508e1425-36b6-44a5-a329-bf7db33257c0,opto_behavior,figure3_vls_d2_glmhmm,1,SWC_NM_108,508e1425-36b6-44a5-a329-bf7db33257c0,,
eid,513b8846-b3f5-4fb9-892f-db3bcd520054,opto_behavior,figure3_stn_glmhmm,2,SWC_NM_025,513b8846-b3f5-4fb9-892f-db3bcd520054,,
eid,513c4259-7023-44b3-a371-d28e5c081326,zapit,figure4_zapit_glmhmm,1,SWC_NM_085,513c4259-7023-44b3-a371-d28e5c081326,,
eid,514153aa-98c8-4559-bc12-442e93ecd5c0,zapit,figure4_zapit_glmhmm,1,SWC_NM_085,514153aa-98c8-4559-bc12-442e93ecd5c0,,
eid,5181e5a7-ab4d-4fc2-978a-151ada7ac5af,zapit,figure4_zapit_glmhmm,1,SWC_NM_071,5181e5a7-ab4d-4fc2-978a-151ada7ac5af,,
eid,51a67fc5-0930-43d9-8458-5ec54578b773,opto_behavior,,1,SWC_NM_003,51a67fc5-0930-43d9-8458-5ec54578b773,,
eid,51a755af-aef2-42cd-9ed4-0755bfbc4ad0,zapit,figure4_zapit_glmhmm,1,SWC_NM_085,51a755af-aef2-42cd-9ed4-0755bfbc4ad0,,
eid,51c8f945-560c-4d9d-8079-7eed0ac3573a,opto_behavior,,1,SWC_NM_036,51c8f945-560c-4d9d-8079-7eed0ac3573a,,
eid,51dba745-99cd-4e76-be99-8b05db536355,opto_behavior,figure3_vls_d2_glmhmm,1,SWC_NM_065,51dba745-99cd-4e76-be99-8b05db536355,,
eid,51e6d249-847a-48a1-8379-44992997fc95,zapit,,1,SWC_NM_086,51e6d249-847a-48a1-8379-44992997fc95,,
eid,51f537ee-b82c-446e-971e-017179aa4341,zapit,figure4_zapit_glmhmm,1,SWC_NM_090,51f537ee-b82c-446e-971e-017179aa4341,,
eid,521827e5-e064-4df7-af21-391e7689102e,opto_behavior,figure3_stn_glmhmm,1,SWC_NM_024,521827e5-e064-4df7-af21-391e7689102e,,
eid,52f21cc6-6b1c-4fdc-b26e-c04bd4a4ce99,opto_behavior,,1,SWC_NM_008,52f21cc6-6b1c-4fdc-b26e-c04bd4a4ce99,,
eid,5378cb09-a3ed-4e13-873c-e0653e97ed8a,zapit,figure4_zapit_glmhmm,1,SWC_NM_057,5378cb09-a3ed-4e13-873c-e0653e97ed8a,,
eid,5388bcbc-b4e6-4a3d-bfff-8f38440e1368,opto_behavior,figure1_zi_glmhmm,1,SWC_NM_022,5388bcbc-b4e6-4a3d-bfff-8f38440e1368,,
eid,539e8157-7f97-4487-95d6-5486db2f6b4c,zapit,figure4_zapit_glmhmm,1,SWC_NM_071,539e8157-7f97-4487-95d6-5486db2f6b4c,,
eid,541e4b3c-5398-48ad-82ca-74db197d4044,opto_behavior,,1,SWC_NM_102,541e4b3c-5398-48ad-82ca-74db197d4044,,
eid,54866f36-4592-44f4-8a14-8acd1e84b71c,opto_behavior,,1,SWC_NM_102,54866f36-4592-44f4-8a14-8acd1e84b71c,,
eid,54a710b5-5985-44aa-9a7e-c36976621dae,zapit,figure4_zapit_glmhmm,1,SWC_NM_058,54a710b5-5985-44aa-9a7e-c36976621dae,,
eid,54b2b629-537a-4a8c-a584-93ccb71c9645,zapit,figure4_zapit_glmhmm,1,SWC_NM_082,54b2b629-537a-4a8c-a584-93ccb71c9645,,
eid,5525a41a-687d-44ee-9af2-2c46e53a27ce,opto_behavior,figure3_vls_d2_glmhmm,1,SWC_NM_065,5525a41a-687d-44ee-9af2-2c46e53a27ce,,
eid,55579718-eae5-4578-92ff-ba532fefc2f1,opto_behavior,figure1_zi_glmhmm,1,SWC_NM_111,55579718-eae5-4578-92ff-ba532fefc2f1,,
eid,55ab5631-73d8-4929-857d-38979ab5dd8d,zapit,figure4_zapit_glmhmm,1,SWC_NM_086,55ab5631-73d8-4929-857d-38979ab5dd8d,,
eid,55b1d768-6bd1-4365-b0b5-9f320f68af41,opto_behavior,supp1_hemisphere_specific,1,SWC_NM_018,55b1d768-6bd1-4365-b0b5-9f320f68af41,,
eid,55ccca2a-7b5b-419f-bd5e-fabae3efda80,zapit,figure4_zapit_glmhmm,1,SWC_NM_081,55ccca2a-7b5b-419f-bd5e-fabae3efda80,,
eid,55dc2621-8fb2-4635-b9f7-95d5a16faea1,opto_behavior,supp1_hemisphere_specific,1,SWC_NM_103,55dc2621-8fb2-4635-b9f7-95d5a16faea1,,
eid,561bf4c6-4efe-4820-a2aa-6552305495a0,opto_behavior,figure1_zi_glmhmm,2,SWC_NM_022,561bf4c6-4efe-4820-a2aa-6552305495a0,,
eid,5633930b-0d8d-439d-9329-baf9b93423e2,zapit,figure4_zapit_glmhmm,1,SWC_NM_058,5633930b-0d8d-439d-9329-baf9b93423e2,,
eid,56445d1b-8e49-4358-8cb7-4b85ba68c0a5,opto_behavior,,1,SWC_NM_035,56445d1b-8e49-4358-8cb7-4b85ba68c0a5,,
eid,5654a819-d54a-4ef0-ac2d-247624ab4f50,opto_behavior,figure3_stn_glmhmm,1,SWC_NM_026,5654a819-d54a-4ef0-ac2d-247624ab4f50,,
eid,5657ea05-3015-4f0c-955b-3fc8dbe96fd4,opto_behavior,,1,SWC_NM_089,5657ea05-3015-4f0c-955b-3fc8dbe96fd4,,
eid,568f91d7-8b01-4216-b563-71935d507614,opto_behavior,figure1_snr_glmhmm;supp1_glmhmm_states;supp1_hemisphere_specific;supp1_snr_no_glmhmm,1,SWC_NM_113,568f91d7-8b01-4216-b563-71935d507614,,
eid,56b6f822-4538-43c6-9f14-7831cedcb1bc,opto_behavior,figure3_vls_d1_glmhmm,1,SWC_NM_053,56b6f822-4538-43c6-9f14-7831cedcb1bc,,
eid,56c88b74-2219-47c6-80dd-43bbf5198743,zapit,figure4_zapit_glmhmm,1,SWC_NM_081,56c88b74-2219-47c6-80dd-43bbf5198743,,
eid,57388eb2-2bbf-4f9a-8c3d-43cf6a72fb2a,zapit,figure4_zapit_glmhmm,1,SWC_NM_082,57388eb2-2bbf-4f9a-8c3d-43cf6a72fb2a,,
eid,579b9718-8255-4b90-af09-1f5b4dc9cf61,zapit,,1,SWC_NM_072,579b9718-8255-4b90-af09-1f5b4dc9cf61,,
eid,57f4131b-d637-41c4-877f-8379e6de3538,opto_behavior,figure3_vls_d1_glmhmm,1,SWC_NM_101,57f4131b-d637-41c4-877f-8379e6de3538,,
eid,580100e9-94f1-4542-9183-f0b5234b29a3,zapit,figure4_zapit_glmhmm,1,SWC_NM_085,580100e9-94f1-4542-9183-f0b5234b29a3,,
eid,583bf8b4-c500-494e-be90-6548bf26173a,opto_behavior,,1,SWC_NM_026,583bf8b4-c500-494e-be90-6548bf26173a,,
eid,58637f6a-7977-443d-9686-472f68843a06,opto_behavior,figure3_vls_d1_glmhmm,1,SWC_NM_100,58637f6a-7977-443d-9686-472f68843a06,,
eid,58751cd1-2b46-4220-a067-0ee5673bc40d,zapit,figure4_zapit_glmhmm,1,SWC_NM_071,58751cd1-2b46-4220-a067-0ee5673bc40d,,
eid,588da2cc-15a1-4bb9-8898-0e373e1cd92a,zapit,figure4_zapit_glmhmm,1,SWC_NM_081,588da2cc-15a1-4bb9-8898-0e373e1cd92a,,
eid,58d42c6c-774a-4fb3-b673-0f90cfe10ab9,opto_behavior,supp1_hemisphere_specific,1,SWC_NM_113,58d42c6c-774a-4fb3-b673-0f90cfe10ab9,,
eid,595bbca6-95c4-48cb-8269-cac460b9e3b0,opto_behavior,figure1_zi_glmhmm,1,SWC_NM_111,595bbca6-95c4-48cb-8269-cac460b9e3b0,,
eid,59af6af8-fa5f-42fe-84a9-755e83c9314b,zapit,,1,SWC_NM_085,59af6af8-fa5f-42fe-84a9-755e83c9314b,,
eid,59e6bef0-f807-4afb-8b2b-bba63c034610,zapit,figure4_zapit_glmhmm,1,SWC_NM_091,59e6bef0-f807-4afb-8b2b-bba63c034610,,
eid,5a2bcb68-a425-43ef-aab1-e8707c25a6b2,opto_behavior,figure3_vls_d2_glmhmm,1,SWC_NM_089,5a2bcb68-a425-43ef-aab1-e8707c25a6b2,,
eid,5a4da112-5726-41b6-bcf0-1995ced6379b,opto_behavior,figure3_vls_d1_glmhmm,1,SWC_NM_100,5a4da112-5726-41b6-bcf0-1995ced6379b,,
eid,5a554045-d324-4d74-bd15-0076cf65119b,opto_behavior,figure3_vls_d2_glmhmm,1,SWC_NM_108,5a554045-d324-4d74-bd15-0076cf65119b,,
eid,5a6457b5-95bb-4026-b825-c38d8adc49e4,opto_behavior,figure1_snr_glmhmm;supp1_glmhmm_states;supp1_hemisphere_specific;supp1_snr_no_glmhmm,1,SWC_NM_008,5a6457b5-95bb-4026-b825-c38d8adc49e4,,
eid,5a6f0dae-2bee-439c-9da0-f69a6d1d18dc,opto_behavior,figure3_vls_d2_glmhmm,1,SWC_NM_065,5a6f0dae-2bee-439c-9da0-f69a6d1d18dc,,
eid,5ac637cf-9185-4602-aa9a-1226f31bb2a7,opto_behavior,figure3_vls_d1_glmhmm,1,SWC_NM_100,5ac637cf-9185-4602-aa9a-1226f31bb2a7,,
eid,5c3da739-6386-4167-9141-f03f56df1378,opto_behavior,figure3_vls_d1_glmhmm,1,SWC_NM_101,5c3da739-6386-4167-9141-f03f56df1378,,
eid,5c476c28-c6f1-454b-92bf-b790c81f1eb2,opto_behavior,figure3_vls_d1_glmhmm,1,SWC_NM_053,5c476c28-c6f1-454b-92bf-b790c81f1eb2,,
eid,5c78ef8b-50d5-4e34-9e05-1ac6964aa551,opto_behavior,figure1_snr_glmhmm;supp1_glmhmm_states;supp1_hemisphere_specific;supp1_snr_no_glmhmm,1,SWC_NM_008,5c78ef8b-50d5-4e34-9e05-1ac6964aa551,,
eid,5d8a1a00-4906-42e3-a9a1-0f9743817002,opto_behavior,figure3_vls_d2_glmhmm,1,SWC_NM_087,5d8a1a00-4906-42e3-a9a1-0f9743817002,,
eid,5d904819-1755-43a6-9d5b-bb47aee17c95,zapit,figure4_zapit_glmhmm,1,SWC_NM_081,5d904819-1755-43a6-9d5b-bb47aee17c95,,
eid,5d9acebd-7764-4b50-8ba1-41dcb2a2d637,opto_behavior,figure3_vls_d1_glmhmm,1,SWC_NM_101,5d9acebd-7764-4b50-8ba1-41dcb2a2d637,,
eid,5db032e9-d6c6-4e33-890b-c4dcc7806174,opto_behavior,figure3_vls_d1_glmhmm,1,SWC_NM_100,5db032e9-d6c6-4e33-890b-c4dcc7806174,,
eid,5dc2e328-94c7-449d-81f4-ca9ca33bc0e3,opto_behavior,,1,SWC_NM_051,5dc2e328-94c7-449d-81f4-ca9ca33bc0e3,,
eid,5e2652b8-a3be-43e7-ba97-3097f4cef637,zapit,figure4_zapit_glmhmm,1,SWC_NM_058,5e2652b8-a3be-43e7-ba97-3097f4cef637,,
eid,5e37ce85-aa69-4651-b8a0-03101faf4d33,opto_behavior,,1,SWC_NM_010,5e37ce85-aa69-4651-b8a0-03101faf4d33,,
eid,5f0964f7-7018-44f9-9310-1819055c88a4,opto_behavior,,1,SWC_NM_035,5f0964f7-7018-44f9-9310-1819055c88a4,,
eid,5f5fa4ab-0dd5-4df6-ba64-f707f82df638,zapit,figure4_zapit_glmhmm,1,SWC_NM_072,5f5fa4ab-0dd5-4df6-ba64-f707f82df638,,
eid,6011eef1-63d8-495e-9895-a271fd06dc53,opto_behavior,figure1_zi_glmhmm,1,SWC_NM_104,6011eef1-63d8-495e-9895-a271fd06dc53,,
eid,607afbbc-5fd9-4dae-aaa5-3edd187604f3,opto_behavior,figure3_stn_glmhmm,2,SWC_NM_024,607afbbc-5fd9-4dae-aaa5-3edd187604f3,,
eid,60a07d75-c1f5-4f69-88d5-e8cde9507f7e,opto_behavior,figure3_vls_d2_glmhmm,1,SWC_NM_109,60a07d75-c1f5-4f69-88d5-e8cde9507f7e,,
eid,60e0089d-d755-4e32-8a2b-f5dbd6b3a520,opto_behavior,supp1_hemisphere_specific,1,SWC_NM_011,60e0089d-d755-4e32-8a2b-f5dbd6b3a520,,
eid,60e7bc4d-f653-4934-a84a-a63ec446fe96,opto_behavior,,1,SWC_NM_102,60e7bc4d-f653-4934-a84a-a63ec446fe96,,
eid,60e8aba2-d738-45c4-be58-8602cdb94873,opto_behavior,supp1_hemisphere_specific,1,SWC_NM_096,60e8aba2-d738-45c4-be58-8602cdb94873,,
eid,617babd9-e386-487a-87dc-6469326785cc,zapit,figure4_zapit_glmhmm,1,SWC_NM_071,617babd9-e386-487a-87dc-6469326785cc,,
eid,617d0c3f-1658-411e-84b8-1d46bfc61cea,zapit,figure4_zapit_glmhmm,1,SWC_NM_081,617d0c3f-1658-411e-84b8-1d46bfc61cea,,
eid,61c10489-929f-4bdb-bc0e-a5feaf075183,opto_behavior,,1,SWC_NM_036,61c10489-929f-4bdb-bc0e-a5feaf075183,,
eid,62370077-f4eb-4d34-95cd-eeaf8f932602,opto_behavior,,1,SWC_NM_043,62370077-f4eb-4d34-95cd-eeaf8f932602,,
eid,625120a5-9cf7-40af-8b38-adad129c6891,zapit,figure4_zapit_glmhmm,1,SWC_NM_085,625120a5-9cf7-40af-8b38-adad129c6891,,
eid,627a7116-d41e-406c-ae78-9b13fbca3e89,opto_behavior,figure3_vls_d1_glmhmm,1,SWC_NM_099,627a7116-d41e-406c-ae78-9b13fbca3e89,,
eid,627b7021-ecf0-44b2-9286-9fafeb741459,opto_behavior,figure3_vls_d1_glmhmm,1,SWC_NM_101,627b7021-ecf0-44b2-9286-9fafeb741459,,
eid,62b08a60-aa55-4f35-b92f-3d46f9cd5dcd,opto_behavior,figure3_vls_d2_glmhmm,1,SWC_NM_109,62b08a60-aa55-4f35-b92f-3d46f9cd5dcd,,
eid,631af73a-23bf-4c63-b3b6-29382e3ec992,opto_behavior,,1,SWC_NM_035,631af73a-23bf-4c63-b3b6-29382e3ec992,,
eid,631c840d-8ce0-453f-829c-9ad7991d964b,opto_behavior,,1,SWC_NM_063,631c840d-8ce0-453f-829c-9ad7991d964b,,
eid,632ce799-4023-4c4b-9fda-21825edbf287,zapit,figure4_zapit_glmhmm,1,SWC_NM_085,632ce799-4023-4c4b-9fda-21825edbf287,,
eid,6340f6f5-b5ac-442d-bb14-8dff455b8fac,opto_behavior,,1,SWC_NM_110,6340f6f5-b5ac-442d-bb14-8dff455b8fac,,
eid,63504410-3830-40f4-9e7b-8b15e73b476c,opto_behavior,,1,SWC_NM_036,63504410-3830-40f4-9e7b-8b15e73b476c,,
eid,636e9324-0434-4422-a584-4e7a5324ad63,zapit,,1,SWC_NM_081,636e9324-0434-4422-a584-4e7a5324ad63,,
eid,63770e4b-7896-48d8-b17d-0bd480df1dc4,opto_behavior,figure3_vls_d1_glmhmm,1,SWC_NM_098,63770e4b-7896-48d8-b17d-0bd480df1dc4,,
eid,6399109a-f03d-46b8-82fc-fe205b682749,opto_behavior,figure3_vls_d2_glmhmm,1,SWC_NM_065,6399109a-f03d-46b8-82fc-fe205b682749,,
eid,63cd8105-e388-4d22-a396-f1e5f597b392,zapit,figure4_zapit_glmhmm,1,SWC_NM_057,63cd8105-e388-4d22-a396-f1e5f597b392,,
eid,63d72a1f-af17-4dac-a2e6-0d852fd0e89a,opto_behavior,figure1_snr_glmhmm;supp1_glmhmm_states;supp1_hemisphere_specific;supp1_snr_no_glmhmm,1,SWC_NM_096,63d72a1f-af17-4dac-a2e6-0d852fd0e89a,,
eid,63d83965-e02f-401e-9469-03d979d077f5,zapit,figure4_zapit_glmhmm,1,SWC_NM_082,63d83965-e02f-401e-9469-03d979d077f5,,
eid,63e2a4ae-80c3-4a87-8bee-64e4f604e389,opto_behavior,,1,SWC_NM_042,63e2a4ae-80c3-4a87-8bee-64e4f604e389,,
eid,640c41b6-632b-4c9b-ae0f-595e43b2d5aa,opto_behavior,figure3_vls_d2_glmhmm,2,SWC_NM_065,640c41b6-632b-4c9b-ae0f-595e43b2d5aa,,
eid,646e3bc6-9b24-4ad2-8226-1f6d6e74fd6c,zapit,,1,SWC_NM_057,646e3bc6-9b24-4ad2-8226-1f6d6e74fd6c,,
eid,646e5870-ee31-414a-ad4b-4b55c2ad5e25,opto_behavior,,1,SWC_NM_063,646e5870-ee31-414a-ad4b-4b55c2ad5e25,,
eid,647286b0-22ef-42d5-a502-c4529ec6dafb,zapit,figure4_zapit_glmhmm,1,SWC_NM_085,647286b0-22ef-42d5-a502-c4529ec6dafb,,
eid,647762ea-b634-40d7-8f1b-5c2d27029825,opto_behavior,,1,SWC_NM_102,647762ea-b634-40d7-8f1b-5c2d27029825,,
eid,649e2eec-c69c-4ef4-919e-45cd4ce5bc47,opto_behavior,figure3_vls_d2_glmhmm,1,SWC_NM_083,649e2eec-c69c-4ef4-919e-45cd4ce5bc47,,
eid,64a9517f-fefb-43dc-98d5-e0041e38e906,opto_behavior,,1,SWC_NM_035,64a9517f-fefb-43dc-98d5-e0041e38e906,,
eid,64bbe8d1-704f-4266-88a5-db9aa7fc9ef8,opto_behavior,,2,SWC_NM_026,64bbe8d1-704f-4266-88a5-db9aa7fc9ef8,,
eid,657d3542-b670-40b7-954f-56beb9ab004b,opto_behavior,,2,SWC_NM_051,657d3542-b670-40b7-954f-56beb9ab004b,,
eid,65d7c1b5-c17c-4c15-a738-e18969a4b33d,zapit,,1,SWC_NM_082,65d7c1b5-c17c-4c15-a738-e18969a4b33d,,
eid,65ea4186-ca91-4082-9e72-282dc83b7fbb,zapit,figure4_zapit_glmhmm,1,SWC_NM_085,65ea4186-ca91-4082-9e72-282dc83b7fbb,,
eid,6614827e-4fa2-4911-9ef6-f6a75e135d5e,zapit,figure4_zapit_glmhmm,1,SWC_NM_085,6614827e-4fa2-4911-9ef6-f6a75e135d5e,,
eid,66833316-92e3-4743-8bc3-683af9034a7e,opto_behavior,,1,SWC_NM_111,66833316-92e3-4743-8bc3-683af9034a7e,,
eid,6686d0c5-079c-495e-939f-cd35f9da09dc,opto_behavior,figure3_vls_d1_glmhmm,1,SWC_NM_099,6686d0c5-079c-495e-939f-cd35f9da09dc,,
eid,66a8f4ea-f783-494d-a154-96f077a9852a,zapit,figure4_zapit_glmhmm,1,SWC_NM_085,66a8f4ea-f783-494d-a154-96f077a9852a,,
eid,66e34ece-416d-471a-a3af-878f06fdae22,zapit,figure4_zapit_glmhmm,1,SWC_NM_071,66e34ece-416d-471a-a3af-878f06fdae22,,
eid,67688ca2-a5a3-4cea-8131-8da5b920dcff,opto_behavior,figure3_stn_glmhmm,1,SWC_NM_025,67688ca2-a5a3-4cea-8131-8da5b920dcff,,
eid,677fe3e5-1d1e-4123-9250-28f5e3be2e9b,opto_behavior,supp1_hemisphere_specific,1,SWC_NM_096,677fe3e5-1d1e-4123-9250-28f5e3be2e9b,,
eid,6793cda3-d753-4d5b-9043-f00e7eff4cba,zapit,,1,SWC_NM_057,6793cda3-d753-4d5b-9043-f00e7eff4cba,,
eid,67a3d9a8-5ec5-4ed6-9473-f3c16f62d087,opto_behavior,supp1_hemisphere_specific,1,SWC_NM_008,67a3d9a8-5ec5-4ed6-9473-f3c16f62d087,,
eid,67a7b96c-c3d1-440f-9023-0ad50dfae94b,opto_behavior,figure3_stn_glmhmm,1,SWC_NM_026,67a7b96c-c3d1-440f-9023-0ad50dfae94b,,
eid,681a022d-7158-40de-9ffc-a780ebe3a26d,opto_behavior,figure1_zi_glmhmm,1,SWC_NM_022,681a022d-7158-40de-9ffc-a780ebe3a26d,,
eid,6825a34c-98bf-4643-861a-288d3545dbfb,zapit,figure4_zapit_glmhmm,1,SWC_NM_086,6825a34c-98bf-4643-861a-288d3545dbfb,,
eid,68bc47e2-12ec-4b4e-8b8a-4cbc07005b06,zapit,figure4_zapit_glmhmm,1,SWC_NM_081,68bc47e2-12ec-4b4e-8b8a-4cbc07005b06,,
eid,6926d194-3d7a-4aa2-a03c-5aa27969cc10,opto_behavior,supp1_hemisphere_specific,1,SWC_NM_096,6926d194-3d7a-4aa2-a03c-5aa27969cc10,,
eid,6949338e-2c5b-4a81-8b9a-28c2c3b2aadd,opto_behavior,figure1_zi_glmhmm,1,SWC_NM_111,6949338e-2c5b-4a81-8b9a-28c2c3b2aadd,,
eid,69670d64-f5e3-444a-b25d-ca77e9233480,zapit,,1,SWC_NM_057,69670d64-f5e3-444a-b25d-ca77e9233480,,
eid,69845bb7-2a57-41d7-98ab-61b8c5b14b99,zapit,figure4_zapit_glmhmm,1,SWC_NM_072,69845bb7-2a57-41d7-98ab-61b8c5b14b99,,
eid,69a8fb76-d8cb-4529-90f9-cbac8e6f67a1,opto_behavior,figure1_zi_glmhmm,1,SWC_NM_111,69a8fb76-d8cb-4529-90f9-cbac8e6f67a1,,
eid,69d52afd-957b-4e91-8bf3-2f83c0053682,opto_behavior,,1,SWC_NM_037,69d52afd-957b-4e91-8bf3-2f83c0053682,,
eid,6a1ea1ef-cc54-42ff-9e3c-4a97d71af5e9,opto_behavior,,1,SWC_NM_102,6a1ea1ef-cc54-42ff-9e3c-4a97d71af5e9,,
eid,6a33474e-8093-4cc8-9cbd-866d04fdb511,opto_behavior,figure3_vls_d1_glmhmm,1,SWC_NM_073,6a33474e-8093-4cc8-9cbd-866d04fdb511,,
eid,6a44a4b7-4041-4e74-8477-da40f28cc1bc,zapit,figure4_zapit_glmhmm,1,SWC_NM_058,6a44a4b7-4041-4e74-8477-da40f28cc1bc,,
eid,6a7bec00-546b-4b78-afa8-7c73d0164653,opto_behavior,figure3_vls_d2_glmhmm,1,SWC_NM_087,6a7bec00-546b-4b78-afa8-7c73d0164653,,
eid,6a971abe-3287-487b-b1ee-faef050303e4,opto_behavior,figure3_vls_d1_glmhmm,1,SWC_NM_053,6a971abe-3287-487b-b1ee-faef050303e4,,
eid,6abd16bd-d86c-4d63-9f45-8f729d8ceff8,opto_behavior,,1,SWC_NM_088,6abd16bd-d86c-4d63-9f45-8f729d8ceff8,,
eid,6ac687b8-a991-46f6-a571-8ba695a5c51b,zapit,figure4_zapit_glmhmm,1,SWC_NM_082,6ac687b8-a991-46f6-a571-8ba695a5c51b,,
eid,6ac7cec5-9c87-46da-8dc8-6619cca21d9b,zapit,figure4_zapit_glmhmm,1,SWC_NM_072,6ac7cec5-9c87-46da-8dc8-6619cca21d9b,,
eid,6b480c09-af07-4574-b04f-9ed2b862318a,zapit,,1,SWC_NM_071,6b480c09-af07-4574-b04f-9ed2b862318a,,
eid,6b4a1004-9508-4ef4-b7a7-7cd10a676948,opto_behavior,figure3_stn_glmhmm,1,SWC_NM_026,6b4a1004-9508-4ef4-b7a7-7cd10a676948,,
eid,6b528511-4da3-4d31-888e-0299397bdbdb,opto_behavior,,1,SWC_NM_102,6b528511-4da3-4d31-888e-0299397bdbdb,,
eid,6bec8bb3-fdb0-4b0c-b271-cda764daa056,zapit,,1,SWC_NM_086,6bec8bb3-fdb0-4b0c-b271-cda764daa056,,
eid,6bf5168a-657d-420e-9288-738ed5a51310,zapit,figure4_zapit_glmhmm,1,SWC_NM_086,6bf5168a-657d-420e-9288-738ed5a51310,,
eid,6c00228c-fea0-49b2-8d3a-70c4f11cae00,opto_behavior,,1,SWC_NM_024,6c00228c-fea0-49b2-8d3a-70c4f11cae00,,
eid,6c01b126-12cf-4739-8aa3-120bc62e2aee,opto_behavior,supp1_hemisphere_specific,1,SWC_NM_012,6c01b126-12cf-4739-8aa3-120bc62e2aee,,
eid,6c339ccb-c7ac-47b8-9943-fd4262f620da,opto_behavior,,1,SWC_NM_080,6c339ccb-c7ac-47b8-9943-fd4262f620da,,
eid,6c8e3a2b-6dc9-4484-9398-4daf97f9d28d,opto_behavior,figure1_snr_glmhmm;supp1_glmhmm_states;supp1_hemisphere_specific;supp1_snr_no_glmhmm,1,SWC_NM_113,6c8e3a2b-6dc9-4484-9398-4daf97f9d28d,,
eid,6cc5b3d5-653b-45a6-b2d8-851e40172017,zapit,figure4_zapit_glmhmm,1,SWC_NM_057,6cc5b3d5-653b-45a6-b2d8-851e40172017,,
eid,6cf99b0a-d7c7-419e-8d8c-b115bb0af824,opto_behavior,,1,SWC_NM_110,6cf99b0a-d7c7-419e-8d8c-b115bb0af824,,
eid,6d2652ab-abdc-4e34-9f82-1be1ae95393e,opto_behavior,,1,SWC_NM_035,6d2652ab-abdc-4e34-9f82-1be1ae95393e,,
eid,6d9a2931-b876-4ac8-ad01-6cec2c0c572a,opto_behavior,,2,SWC_NM_111,6d9a2931-b876-4ac8-ad01-6cec2c0c572a,,
eid,6daaa3c9-67c1-497a-932a-e4c521c8cf3d,opto_behavior,,1,SWC_NM_018,6daaa3c9-67c1-497a-932a-e4c521c8cf3d,,
eid,6df60d30-1457-4994-ae41-fe8c15145436,opto_behavior,,1,SWC_NM_102,6df60d30-1457-4994-ae41-fe8c15145436,,
eid,6e5baa0d-c3d3-412b-a2c4-4f0167ed79da,zapit,,1,SWC_NM_082,6e5baa0d-c3d3-412b-a2c4-4f0167ed79da,,
eid,6ea09269-412e-45e0-a2cd-4ed25057e2c6,zapit,figure4_zapit_glmhmm,1,SWC_NM_085,6ea09269-412e-45e0-a2cd-4ed25057e2c6,,
eid,6f37d7b0-8aa4-448f-9469-8ceadf2d7dcb,opto_behavior,figure3_vls_d1_glmhmm,1,SWC_NM_099,6f37d7b0-8aa4-448f-9469-8ceadf2d7dcb,,
eid,6f403baf-ebbd-4467-b8c8-53b7d24e5de8,opto_behavior,figure3_vls_d2_glmhmm,1,SWC_NM_089,6f403baf-ebbd-4467-b8c8-53b7d24e5de8,,
eid,6f4a4ca6-5933-439a-ac3e-a7af05ee5f8c,zapit,figure4_zapit_glmhmm,1,SWC_NM_082,6f4a4ca6-5933-439a-ac3e-a7af05ee5f8c,,
eid,6f79d062-9d04-4467-b3ef-c6afd1b961cb,opto_behavior,,1,SWC_NM_024,6f79d062-9d04-4467-b3ef-c6afd1b961cb,,
eid,6f7e2e29-68d1-4c8c-a7a5-4ec0baad08eb,opto_behavior,figure1_zi_glmhmm,1,SWC_NM_003,6f7e2e29-68d1-4c8c-a7a5-4ec0baad08eb,,
eid,6fce2eae-965d-49d6-9b5d-60316cf5d260,zapit,,1,SWC_NM_085,6fce2eae-965d-49d6-9b5d-60316cf5d260,,
eid,6fed1652-f0b2-4194-89d4-21b043e14f92,opto_behavior,figure3_vls_d1_glmhmm,1,SWC_NM_099,6fed1652-f0b2-4194-89d4-21b043e14f92,,
eid,70f12ab3-22a1-4812-b7e2-dc3dc6505ae2,opto_behavior,figure1_snr_glmhmm;supp1_glmhmm_states;supp1_hemisphere_specific;supp1_snr_no_glmhmm,1,SWC_NM_113,70f12ab3-22a1-4812-b7e2-dc3dc6505ae2,,
eid,711650a9-bfc6-4493-a3c4-71ee92605ad6,opto_behavior,supp1_hemisphere_specific,1,SWC_NM_103,711650a9-bfc6-4493-a3c4-71ee92605ad6,,
eid,72ad6aba-78cd-461e-9400-a14f4052807e,zapit,,1,SWC_NM_071,72ad6aba-78cd-461e-9400-a14f4052807e,,
eid,7334eb59-36bf-42ec-93b5-0676005eb422,opto_behavior,,1,SWC_NM_049,7334eb59-36bf-42ec-93b5-0676005eb422,,
eid,7373f901-2f6e-48f4-981c-30192a9299de,opto_behavior,,1,SWC_NM_011,7373f901-2f6e-48f4-981c-30192a9299de,,
eid,73dd127a-c233-4848-a789-e0768a0c6a3e,zapit,,1,SWC_NM_072,73dd127a-c233-4848-a789-e0768a0c6a3e,,
eid,7405c333-5640-40fd-8f41-b69dc0f2433c,opto_behavior,figure3_vls_d2_glmhmm,1,SWC_NM_065,7405c333-5640-40fd-8f41-b69dc0f2433c,,
eid,74586452-6ce3-4be5-a86c-ed0ffb6b0be9,opto_behavior,,1,SWC_NM_036,74586452-6ce3-4be5-a86c-ed0ffb6b0be9,,
eid,74c09dd3-1037-4020-a4d9-b499fd6599be,opto_behavior,,1,SWC_NM_036,74c09dd3-1037-4020-a4d9-b499fd6599be,,
eid,7504026d-a0f8-433d-bd4f-f1d35e1cc4e2,opto_behavior,figure3_stn_glmhmm,1,SWC_NM_024,7504026d-a0f8-433d-bd4f-f1d35e1cc4e2,,
eid,75202410-a01a-4730-ae3e-f647887120ff,zapit,,1,SWC_NM_057,75202410-a01a-4730-ae3e-f647887120ff,,
eid,75615687-3cca-4728-841f-10874bfe78be,opto_behavior,figure3_stn_glmhmm,1,SWC_NM_024,75615687-3cca-4728-841f-10874bfe78be,,
eid,75876671-a6c4-49ce-96e8-ea860ceff3b9,opto_behavior,figure1_snr_glmhmm;supp1_glmhmm_states;supp1_hemisphere_specific;supp1_snr_no_glmhmm,1,SWC_NM_096,75876671-a6c4-49ce-96e8-ea860ceff3b9,,
eid,75999961-3c0b-4c13-a055-36cb83ea8edc,opto_behavior,figure3_vls_d2_glmhmm,1,SWC_NM_087,75999961-3c0b-4c13-a055-36cb83ea8edc,,
eid,75aa4c2f-4c7b-4fb2-b062-aa3f99b3126f,opto_behavior,figure3_vls_d2_glmhmm,1,SWC_NM_065,75aa4c2f-4c7b-4fb2-b062-aa3f99b3126f,,
eid,75d0b280-5413-4f4e-b05a-de481b693f85,opto_behavior,figure3_vls_d1_glmhmm,1,SWC_NM_099,75d0b280-5413-4f4e-b05a-de481b693f85,,
eid,75f548d0-2069-427f-a4ee-f9a816558731,opto_behavior,,2,SWC_NM_037,75f548d0-2069-427f-a4ee-f9a816558731,,
eid,76056eba-5ef0-4603-a4ff-1b6efa4eb5a3,opto_behavior,,1,SWC_NM_100,76056eba-5ef0-4603-a4ff-1b6efa4eb5a3,,
eid,760fafa6-a61b-4297-894b-d0bc60618048,opto_behavior,,1,SWC_NM_110,760fafa6-a61b-4297-894b-d0bc60618048,,
eid,767729b9-0468-42f3-a6e0-d92e437886c3,opto_behavior,figure3_vls_d1_glmhmm,1,SWC_NM_100,767729b9-0468-42f3-a6e0-d92e437886c3,,
eid,76862a7b-f07e-47e3-b8ea-dc4588109cef,opto_behavior,figure3_stn_glmhmm,2,SWC_NM_026,76862a7b-f07e-47e3-b8ea-dc4588109cef,,
eid,76af3bdb-0842-4418-b06b-1ca45c519c53,opto_behavior,,1,SWC_NM_035,76af3bdb-0842-4418-b06b-1ca45c519c53,,
eid,7708e1e0-e3bd-4097-950c-4d09d1ffabe3,opto_behavior,supp1_hemisphere_specific,1,SWC_NM_103,7708e1e0-e3bd-4097-950c-4d09d1ffabe3,,
eid,77268c3c-7879-4a7a-b83c-97e17293613a,opto_behavior,figure3_stn_glmhmm,2,SWC_NM_024,77268c3c-7879-4a7a-b83c-97e17293613a,,
eid,7761f18b-7335-4b79-aad8-d8c77c21468a,opto_behavior,figure3_vls_d1_glmhmm,1,SWC_NM_098,7761f18b-7335-4b79-aad8-d8c77c21468a,,
eid,7776fc4b-88f6-4d1d-bca6-67f1f301259f,opto_behavior,figure3_vls_d2_glmhmm,1,SWC_NM_065,7776fc4b-88f6-4d1d-bca6-67f1f301259f,,
eid,779182c1-64c8-431f-87dd-b23964232795,opto_behavior,,1,SWC_NM_042,779182c1-64c8-431f-87dd-b23964232795,,
eid,7791c224-b38d-4a1f-a133-beb043ee1301,opto_behavior,,1,SWC_NM_026,7791c224-b38d-4a1f-a133-beb043ee1301,,
eid,77f65fe9-5650-41cc-983e-79497ec47d9b,opto_behavior,figure3_vls_d2_glmhmm,1,SWC_NM_089,77f65fe9-5650-41cc-983e-79497ec47d9b,,
eid,7824c281-c510-4680-b919-74c15575d9d8,opto_behavior,figure3_vls_d2_glmhmm,1,SWC_NM_109,7824c281-c510-4680-b919-74c15575d9d8,,
eid,784af2de-8082-4117-8149-aa967558b4a3,opto_behavior,,1,SWC_NM_026,784af2de-8082-4117-8149-aa967558b4a3,,
eid,786b0feb-31a8-4598-a51d-7f13ffb936d1,opto_behavior,supp1_hemisphere_specific,2,SWC_NM_018,786b0feb-31a8-4598-a51d-7f13ffb936d1,,
eid,78a0ee20-c1ea-43a2-b561-f4a6ae99223f,zapit,figure4_zapit_glmhmm,1,SWC_NM_072,78a0ee20-c1ea-43a2-b561-f4a6ae99223f,,
eid,78ed1b73-386e-4f26-8efb-857356233d00,zapit,,1,SWC_NM_085,78ed1b73-386e-4f26-8efb-857356233d00,,
eid,79468bd8-6fa2-48e4-8151-88951b33a8e0,opto_behavior,figure3_stn_glmhmm,1,SWC_NM_026,79468bd8-6fa2-48e4-8151-88951b33a8e0,,
eid,797ba676-802b-4101-b822-2bd129bc0c6d,opto_behavior,figure3_vls_d2_glmhmm,1,SWC_NM_109,797ba676-802b-4101-b822-2bd129bc0c6d,,
eid,799d763e-b415-4766-8e22-36c318c57b3b,opto_behavior,figure3_vls_d2_glmhmm,1,SWC_NM_065,799d763e-b415-4766-8e22-36c318c57b3b,,
eid,79f59f2b-3dcc-453b-a841-813760c51c1b,opto_behavior,figure3_vls_d2_glmhmm,1,SWC_NM_083,79f59f2b-3dcc-453b-a841-813760c51c1b,,
eid,7a018614-71ac-4c59-b641-09457360953f,opto_behavior,figure3_vls_d2_glmhmm,1,SWC_NM_089,7a018614-71ac-4c59-b641-09457360953f,,
eid,7ad95a36-2fdc-48c8-9865-0f2d79ba921b,opto_behavior,,1,SWC_NM_105,7ad95a36-2fdc-48c8-9865-0f2d79ba921b,,
eid,7ade859f-02cb-4b8f-bb9d-957b26ece7be,opto_behavior,,1,SWC_NM_010,7ade859f-02cb-4b8f-bb9d-957b26ece7be,,
eid,7ae2b0ea-9982-4fb8-8d02-c918f6d09a44,opto_behavior,,1,SWC_NM_036,7ae2b0ea-9982-4fb8-8d02-c918f6d09a44,,
eid,7af643b1-ca4c-4625-8bf0-5f667328e2e8,opto_behavior,,1,SWC_NM_108,7af643b1-ca4c-4625-8bf0-5f667328e2e8,,
eid,7b3632dc-5166-4b7e-ad12-d6ff203af76d,opto_behavior,,2,SWC_NM_024,7b3632dc-5166-4b7e-ad12-d6ff203af76d,,
eid,7b9b5248-4239-4e4b-bdf5-baa56c59c69d,opto_behavior,,1,SWC_NM_051,7b9b5248-4239-4e4b-bdf5-baa56c59c69d,,
eid,7bd7cbf6-e3ab-4222-ade8-458a5afb30f9,opto_behavior,figure3_stn_glmhmm,2,SWC_NM_025,7bd7cbf6-e3ab-4222-ade8-458a5afb30f9,,
eid,7be2d560-e4cd-42c4-b998-af77229534f8,opto_behavior,figure1_zi_glmhmm,1,SWC_NM_111,7be2d560-e4cd-42c4-b998-af77229534f8,,
eid,7ccb9f02-5a54-4e68-9263-d2a2230bd651,opto_behavior,figure3_vls_d2_glmhmm,1,SWC_NM_109,7ccb9f02-5a54-4e68-9263-d2a2230bd651,,
eid,7dd4db33-7c27-4491-b0b5-3b5af9f526dd,opto_behavior,supp1_hemisphere_specific,1,SWC_NM_011,7dd4db33-7c27-4491-b0b5-3b5af9f526dd,,
eid,7ddc484c-ad74-488b-bb17-8b1034ccefb7,zapit,figure4_zapit_glmhmm,1,SWC_NM_082,7ddc484c-ad74-488b-bb17-8b1034ccefb7,,
eid,7dfd1974-1618-496c-9b0e-ba89f9f3f160,zapit,figure4_zapit_glmhmm,1,SWC_NM_081,7dfd1974-1618-496c-9b0e-ba89f9f3f160,,
eid,7e1987cc-ca9a-4b64-bb5f-a68726e36f52,opto_behavior,supp1_hemisphere_specific,1,SWC_NM_096,7e1987cc-ca9a-4b64-bb5f-a68726e36f52,,
eid,7ec24b48-a65e-492a-89ef-142dace45da5,zapit,,1,SWC_NM_071,7ec24b48-a65e-492a-89ef-142dace45da5,,
eid,7f37d94b-a3f8-4ad3-af45-d5b2fce5119d,opto_behavior,,1,SWC_NM_036,7f37d94b-a3f8-4ad3-af45-d5b2fce5119d,,
eid,7f560157-d9d8-4ccd-94fb-5c3b55dad328,opto_behavior,,1,SWC_NM_051,7f560157-d9d8-4ccd-94fb-5c3b55dad328,,
eid,7f649c2d-e4b3-4a34-8dd0-e3c63f2750d6,opto_behavior,figure1_snr_glmhmm;supp1_glmhmm_states;supp1_hemisphere_specific;supp1_snr_no_glmhmm,1,SWC_NM_103,7f649c2d-e4b3-4a34-8dd0-e3c63f2750d6,,
eid,7f7e966c-56c3-4fa7-b430-b324fa707af3,zapit,,1,SWC_NM_072,7f7e966c-56c3-4fa7-b430-b324fa707af3,,
eid,7f869985-4779-4e07-9e89-4f31267dd5e8,opto_behavior,figure3_stn_glmhmm,2,SWC_NM_024,7f869985-4779-4e07-9e89-4f31267dd5e8,,
eid,7ff4f416-4b5e-404e-a0d2-7d16a4df2129,opto_behavior,,1,SWC_NM_102,7ff4f416-4b5e-404e-a0d2-7d16a4df2129,,
eid,7ffbaef8-191e-4037-a60c-c70b0f3888d9,opto_behavior,figure3_vls_d1_glmhmm,1,SWC_NM_105,7ffbaef8-191e-4037-a60c-c70b0f3888d9,,
eid,8024753a-5726-472a-8cb7-3b5c534a35ad,opto_behavior,,1,SWC_NM_049,8024753a-5726-472a-8cb7-3b5c534a35ad,,
eid,80a2e5c9-285f-49b9-abef-57a5bc594f35,opto_behavior,figure3_stn_glmhmm,2,SWC_NM_025,80a2e5c9-285f-49b9-abef-57a5bc594f35,,
eid,80d81805-2402-47af-a7cd-dfcf2eea94ab,opto_behavior,figure3_vls_d1_glmhmm,1,SWC_NM_105,80d81805-2402-47af-a7cd-dfcf2eea94ab,,
eid,811df538-0391-4c57-9165-d4f6f336da12,opto_behavior,figure3_vls_d2_glmhmm,1,SWC_NM_065,811df538-0391-4c57-9165-d4f6f336da12,,
eid,81368cca-beda-48f6-8c9b-a16bbe8c7ebf,opto_behavior,,1,SWC_NM_049,81368cca-beda-48f6-8c9b-a16bbe8c7ebf,,
eid,81d6093f-29ca-496f-82d5-82cd70b13316,opto_behavior,figure1_zi_glmhmm,1,SWC_NM_022,81d6093f-29ca-496f-82d5-82cd70b13316,,
eid,81e58c8f-bfbd-4c54-b7ee-56d1d37767cc,opto_behavior,figure3_stn_glmhmm,1,SWC_NM_024,81e58c8f-bfbd-4c54-b7ee-56d1d37767cc,,
eid,82518ed0-469f-4311-aedc-fad2c9d5ea0b,zapit,figure4_zapit_glmhmm,1,SWC_NM_058,82518ed0-469f-4311-aedc-fad2c9d5ea0b,,
eid,827fb7d6-4680-42b6-a7cd-c95b393a8502,opto_behavior,figure3_stn_glmhmm,2,SWC_NM_025,827fb7d6-4680-42b6-a7cd-c95b393a8502,,
eid,82940d8e-ca0e-41e2-9bba-3eed7a843bf6,zapit,,1,SWC_NM_081,82940d8e-ca0e-41e2-9bba-3eed7a843bf6,,
eid,82ada5f7-88ce-4796-8923-72c6f373bcf3,zapit,figure4_zapit_glmhmm,1,SWC_NM_091,82ada5f7-88ce-4796-8923-72c6f373bcf3,,
eid,82c1f04f-ea07-41fa-a8a9-bff69ee72b6a,opto_behavior,supp1_hemisphere_specific,1,SWC_NM_080,82c1f04f-ea07-41fa-a8a9-bff69ee72b6a,,
eid,82e041f8-b677-48a2-84d6-b42deb4803b7,opto_behavior,,1,SWC_NM_036,82e041f8-b677-48a2-84d6-b42deb4803b7,,
eid,83b50d6a-c88e-4454-b250-233a1d6a11e2,opto_behavior,,1,SWC_NM_051,83b50d6a-c88e-4454-b250-233a1d6a11e2,,
eid,84734bec-d898-4f50-b659-b4a7b7686fe8,opto_behavior,,1,SWC_NM_024,84734bec-d898-4f50-b659-b4a7b7686fe8,,
eid,847cdd72-0859-4bb4-9bba-c3b11045d7c8,opto_behavior,,1,SWC_NM_011,847cdd72-0859-4bb4-9bba-c3b11045d7c8,,
eid,84911885-3efa-4398-a699-4805b3ad9a93,opto_behavior,,1,SWC_NM_042,84911885-3efa-4398-a699-4805b3ad9a93,,
eid,84c5c7e8-c19b-490f-a878-7672047440da,opto_behavior,,1,SWC_NM_036,84c5c7e8-c19b-490f-a878-7672047440da,,
eid,84c6c1fa-0830-4923-a649-716f79451384,opto_behavior,figure3_vls_d2_glmhmm,1,SWC_NM_065,84c6c1fa-0830-4923-a649-716f79451384,,
eid,851a3966-a5bb-4a36-9a69-45c9ce743628,zapit,,1,SWC_NM_086,851a3966-a5bb-4a36-9a69-45c9ce743628,,
eid,8547e4c3-6cd6-493a-ac0e-395424a8084b,opto_behavior,,1,SWC_NM_080,8547e4c3-6cd6-493a-ac0e-395424a8084b,,
eid,8590c233-37f2-4b70-b3ee-807d52728676,opto_behavior,figure3_vls_d1_glmhmm,1,SWC_NM_100,8590c233-37f2-4b70-b3ee-807d52728676,,
eid,85b45f72-99f4-487b-9ae7-c93bc4d1e32c,opto_behavior,figure3_vls_d2_glmhmm,1,SWC_NM_087,85b45f72-99f4-487b-9ae7-c93bc4d1e32c,,
eid,85d98d54-2149-4310-8cb0-02a44c6a4bc4,opto_behavior,,2,SWC_NM_093,85d98d54-2149-4310-8cb0-02a44c6a4bc4,,
eid,85e51b98-b263-4138-b4ea-2b641c889508,zapit,figure4_zapit_glmhmm,1,SWC_NM_072,85e51b98-b263-4138-b4ea-2b641c889508,,
eid,860172ec-22bf-4bdf-aee7-1a9e85536e59,zapit,figure4_zapit_glmhmm,1,SWC_NM_057,860172ec-22bf-4bdf-aee7-1a9e85536e59,,
eid,86558f58-2797-4b54-b250-6652fecf8660,opto_behavior,supp1_hemisphere_specific,1,SWC_NM_080,86558f58-2797-4b54-b250-6652fecf8660,,
eid,866547c2-c965-4278-aedf-0df750e29a7b,opto_behavior,,2,SWC_NM_018,866547c2-c965-4278-aedf-0df750e29a7b,,
eid,86b2fe93-2d47-4a0a-a3b1-2a4f6a6e3da9,zapit,figure4_zapit_glmhmm,1,SWC_NM_086,86b2fe93-2d47-4a0a-a3b1-2a4f6a6e3da9,,
eid,86e24147-7d3c-42e8-ad62-b82497e6e9bc,zapit,figure4_zapit_glmhmm,1,SWC_NM_071,86e24147-7d3c-42e8-ad62-b82497e6e9bc,,
eid,872c9452-08e9-4136-9a02-6355a6df099c,opto_behavior,,1,SWC_NM_104,872c9452-08e9-4136-9a02-6355a6df099c,,
eid,873134ba-4723-4895-b9ed-a23a72a1c2ec,zapit,,1,SWC_NM_071,873134ba-4723-4895-b9ed-a23a72a1c2ec,,
eid,87484eda-da05-4470-8a7e-4bde707e423d,opto_behavior,figure3_stn_glmhmm,2,SWC_NM_025,87484eda-da05-4470-8a7e-4bde707e423d,,
eid,87d94eeb-3754-414a-9dba-453f84b0f5fe,opto_behavior,figure1_zi_glmhmm,2,SWC_NM_003,87d94eeb-3754-414a-9dba-453f84b0f5fe,,
eid,87e1051e-a6bb-47d0-9ab2-8bec0efdecf2,zapit,,1,SWC_NM_085,87e1051e-a6bb-47d0-9ab2-8bec0efdecf2,,
eid,8815e5b5-c107-493a-b032-936941cb0363,opto_behavior,,1,SWC_NM_051,8815e5b5-c107-493a-b032-936941cb0363,,
eid,881c6abc-b885-4793-be49-ae17ed4e42fe,opto_behavior,,1,SWC_NM_102,881c6abc-b885-4793-be49-ae17ed4e42fe,,
eid,8833a0d2-468b-4a13-b940-a31356f39323,zapit,figure4_zapit_glmhmm,1,SWC_NM_081,8833a0d2-468b-4a13-b940-a31356f39323,,
eid,88726cf3-2821-4075-8bfa-bdfcf1c6bfd8,opto_behavior,supp1_hemisphere_specific,1,SWC_NM_004,88726cf3-2821-4075-8bfa-bdfcf1c6bfd8,,
eid,88afa934-5374-45fc-bdda-77c45ba52cc3,zapit,,1,SWC_NM_085,88afa934-5374-45fc-bdda-77c45ba52cc3,,
eid,88c1806e-ad89-4c21-8365-c4861d5a612a,opto_behavior,figure3_vls_d1_glmhmm,1,SWC_NM_099,88c1806e-ad89-4c21-8365-c4861d5a612a,,
eid,88eb5799-9efc-4358-a076-e409f037952d,opto_behavior,,1,SWC_NM_104,88eb5799-9efc-4358-a076-e409f037952d,,
eid,88f4fbf9-9dc1-4031-a641-15911721c440,zapit,,1,SWC_NM_072,88f4fbf9-9dc1-4031-a641-15911721c440,,
eid,890959d8-d0d3-4194-9726-a3e47577471f,opto_behavior,figure3_vls_d1_glmhmm,1,SWC_NM_098,890959d8-d0d3-4194-9726-a3e47577471f,,
eid,892c68f1-0eb6-4ddb-9b39-47be3f9a937a,zapit,,1,SWC_NM_071,892c68f1-0eb6-4ddb-9b39-47be3f9a937a,,
eid,897c1ade-8ebb-4621-9c73-4b5ab204bdfc,opto_behavior,figure3_vls_d2_glmhmm,1,SWC_NM_089,897c1ade-8ebb-4621-9c73-4b5ab204bdfc,,
eid,89bdad9f-7eff-4fac-86c1-9a9154fa7fca,zapit,,1,SWC_NM_057,89bdad9f-7eff-4fac-86c1-9a9154fa7fca,,
eid,89e7ea34-0181-4ffb-ad8c-5a3adeeca918,opto_behavior,figure3_vls_d2_glmhmm,1,SWC_NM_087,89e7ea34-0181-4ffb-ad8c-5a3adeeca918,,
eid,89ead274-0247-49b0-95b5-f6aa77b9431c,zapit,,1,SWC_NM_071,89ead274-0247-49b0-95b5-f6aa77b9431c,,
eid,8a09bb30-a040-41b4-bfe0-492a0cc921e7,opto_behavior,supp1_hemisphere_specific,1,SWC_NM_008,8a09bb30-a040-41b4-bfe0-492a0cc921e7,,
eid,8a723d82-59d8-47e5-b3bd-e99bf5a7e1d6,opto_behavior,supp1_hemisphere_specific,1,SWC_NM_113,8a723d82-59d8-47e5-b3bd-e99bf5a7e1d6,,
eid,8a992f77-84a3-473f-8856-95302ba27fae,opto_behavior,figure3_vls_d1_glmhmm,1,SWC_NM_100,8a992f77-84a3-473f-8856-95302ba27fae,,
eid,8aafcd89-2952-483d-b9db-c930e7166cdd,opto_behavior,figure3_vls_d2_glmhmm,1,SWC_NM_109,8aafcd89-2952-483d-b9db-c930e7166cdd,,
eid,8ab5909a-3ea4-4b1a-9e7c-4cbd7e82e398,opto_behavior,,1,SWC_NM_110,8ab5909a-3ea4-4b1a-9e7c-4cbd7e82e398,,
eid,8ac06404-d0b2-41a2-a478-394cf9561dc7,opto_behavior,figure3_vls_d2_glmhmm,1,SWC_NM_089,8ac06404-d0b2-41a2-a478-394cf9561dc7,,
eid,8ad0b793-0faf-4ee6-ba4e-fd0ac99f14bf,zapit,figure4_zapit_glmhmm,1,SWC_NM_058,8ad0b793-0faf-4ee6-ba4e-fd0ac99f14bf,,
eid,8b0545fa-3a21-43b2-bfcb-7cfed09961cb,opto_behavior,figure1_zi_glmhmm,1,SWC_NM_003,8b0545fa-3a21-43b2-bfcb-7cfed09961cb,,
eid,8b4f0ea4-9185-44eb-a27e-40238563bef7,opto_behavior,figure1_zi_glmhmm,1,SWC_NM_010,8b4f0ea4-9185-44eb-a27e-40238563bef7,,
eid,8b60db57-1ec4-419a-8424-c33739d54dbb,opto_behavior,supp1_hemisphere_specific,1,SWC_NM_018,8b60db57-1ec4-419a-8424-c33739d54dbb,,
eid,8b746ff6-eccf-4071-a78a-f2897ee8d688,zapit,figure4_zapit_glmhmm,1,SWC_NM_085,8b746ff6-eccf-4071-a78a-f2897ee8d688,,
eid,8c070089-7fb4-4bd9-b88e-c99b498f7acf,opto_behavior,figure1_snr_glmhmm;supp1_glmhmm_states;supp1_hemisphere_specific;supp1_snr_no_glmhmm,1,SWC_NM_018,8c070089-7fb4-4bd9-b88e-c99b498f7acf,,
eid,8c2163f0-41c3-4c2c-8293-b6523790bfb4,opto_behavior,supp1_hemisphere_specific,1,SWC_NM_004,8c2163f0-41c3-4c2c-8293-b6523790bfb4,,
eid,8ce5314a-dadf-443d-a2d8-20e6af85e469,zapit,figure4_zapit_glmhmm,1,SWC_NM_081,8ce5314a-dadf-443d-a2d8-20e6af85e469,,
eid,8cf213e9-f60b-4b81-b268-bc95fb61cdfe,zapit,figure4_zapit_glmhmm,1,SWC_NM_071,8cf213e9-f60b-4b81-b268-bc95fb61cdfe,,
eid,8d5ea7ad-ecdc-408f-8237-f27a8d2eaab9,opto_behavior,figure1_snr_glmhmm;supp1_glmhmm_states;supp1_hemisphere_specific;supp1_snr_no_glmhmm,1,SWC_NM_096,8d5ea7ad-ecdc-408f-8237-f27a8d2eaab9,,
eid,8d7d34e1-6613-4e37-b4e8-8d38347c5141,zapit,figure4_zapit_glmhmm,1,SWC_NM_085,8d7d34e1-6613-4e37-b4e8-8d38347c5141,,
eid,8d9c0607-7550-4bca-af9b-c26fa1162729,zapit,figure4_zapit_glmhmm,1,SWC_NM_072,8d9c0607-7550-4bca-af9b-c26fa1162729,,
eid,8df5a96a-c4ec-4f1c-bb63-c232fb598607,zapit,figure4_zapit_glmhmm,1,SWC_NM_058,8df5a96a-c4ec-4f1c-bb63-c232fb598607,,
eid,8e146cdf-a627-4d51-8894-3c4055f90beb,zapit,figure4_zapit_glmhmm,1,SWC_NM_082,8e146cdf-a627-4d51-8894-3c4055f90beb,,
eid,8e3bec84-9a1e-4d97-a22d-f08793b1dc6d,opto_behavior,,1,SWC_NM_035,8e3bec84-9a1e-4d97-a22d-f08793b1dc6d,,
eid,8e6c8994-6a12-4e2c-b066-958b9f84ab67,opto_behavior,figure1_zi_glmhmm,1,SWC_NM_010,8e6c8994-6a12-4e2c-b066-958b9f84ab67,,
eid,8e71c2f4-f931-4b1b-8f45-1ccb8b2460e8,opto_behavior,,1,SWC_NM_008,8e71c2f4-f931-4b1b-8f45-1ccb8b2460e8,,
eid,8ee3b9ba-d327-4583-a46f-02ef9b837d98,opto_behavior,figure3_vls_d1_glmhmm,1,SWC_NM_099,8ee3b9ba-d327-4583-a46f-02ef9b837d98,,
eid,8fc44e79-5d11-40c5-b338-87dfd1c115d3,opto_behavior,,2,SWC_NM_035,8fc44e79-5d11-40c5-b338-87dfd1c115d3,,
eid,90742c5d-dbef-4f97-9c26-cfbee9413f24,zapit,figure4_zapit_glmhmm,1,SWC_NM_081,90742c5d-dbef-4f97-9c26-cfbee9413f24,,
eid,9087e545-269b-454a-8dce-90ea449ef7a0,zapit,,1,SWC_NM_081,9087e545-269b-454a-8dce-90ea449ef7a0,,
eid,90e0413e-539b-432d-8e50-212f4ce19487,opto_behavior,,1,SWC_NM_110,90e0413e-539b-432d-8e50-212f4ce19487,,
eid,91038046-b631-4424-abef-00dc331511f3,zapit,figure4_zapit_glmhmm,1,SWC_NM_082,91038046-b631-4424-abef-00dc331511f3,,
eid,911a0794-bcd9-41e3-a015-c6818d2a0dc1,opto_behavior,,1,SWC_NM_106,911a0794-bcd9-41e3-a015-c6818d2a0dc1,,
eid,911f1c21-acb0-4b8d-825a-c415d6b204f8,opto_behavior,,1,SWC_NM_102,911f1c21-acb0-4b8d-825a-c415d6b204f8,,
eid,91857de2-766f-43e2-a3cc-ace233485ebd,opto_behavior,figure3_stn_glmhmm,2,SWC_NM_026,91857de2-766f-43e2-a3cc-ace233485ebd,,
eid,9189a3d6-bf67-40c8-b725-650207348ea8,opto_behavior,figure3_vls_d2_glmhmm,1,SWC_NM_108,9189a3d6-bf67-40c8-b725-650207348ea8,,
eid,91c7d835-107d-440a-935f-bb7f99f01c99,opto_behavior,supp1_hemisphere_specific,1,SWC_NM_113,91c7d835-107d-440a-935f-bb7f99f01c99,,
eid,92521a6b-4ecc-4617-aa27-ea4edab804e4,zapit,,1,SWC_NM_086,92521a6b-4ecc-4617-aa27-ea4edab804e4,,
eid,931ad575-14cf-4aa1-89a1-768ae43db45a,zapit,,1,SWC_NM_085,931ad575-14cf-4aa1-89a1-768ae43db45a,,
eid,93608635-6b1d-45df-a484-18ef6f17a937,zapit,figure4_zapit_glmhmm,1,SWC_NM_085,93608635-6b1d-45df-a484-18ef6f17a937,,
eid,9428f5fc-a6b9-4689-8200-b0a846933a1d,opto_behavior,,1,SWC_NM_018,9428f5fc-a6b9-4689-8200-b0a846933a1d,,
eid,947bf043-ff1d-4dc7-8db3-ec05164ccfb7,opto_behavior,,1,SWC_NM_042,947bf043-ff1d-4dc7-8db3-ec05164ccfb7,,
eid,947da2a5-e353-46d2-8630-fe5456251df2,zapit,figure4_zapit_glmhmm,1,SWC_NM_090,947da2a5-e353-46d2-8630-fe5456251df2,,
eid,9496c947-84de-47d5-b8b3-25f4d7dc03e2,zapit,,1,SWC_NM_057,9496c947-84de-47d5-b8b3-25f4d7dc03e2,,
eid,949ffb0c-a81a-49ea-a5c8-b0f50400e955,opto_behavior,,1,SWC_NM_043,949ffb0c-a81a-49ea-a5c8-b0f50400e955,,
eid,94a30725-7b79-4eb2-8938-7838e874f367,opto_behavior,figure3_vls_d1_glmhmm,1,SWC_NM_053,94a30725-7b79-4eb2-8938-7838e874f367,,
eid,94adaf4a-f52d-4bb0-ae4c-54f235379e3d,zapit,figure4_zapit_glmhmm,1,SWC_NM_072,94adaf4a-f52d-4bb0-ae4c-54f235379e3d,,
eid,94d02ee9-ab83-4dad-9d75-6c43fa0e2a31,zapit,figure4_zapit_glmhmm,1,SWC_NM_091,94d02ee9-ab83-4dad-9d75-6c43fa0e2a31,,
eid,956cb2a4-5bda-4d96-b8cd-496d700157eb,opto_behavior,figure3_vls_d1_glmhmm,1,SWC_NM_099,956cb2a4-5bda-4d96-b8cd-496d700157eb,,
eid,95704630-82ff-4a83-b583-e47e7b261df0,zapit,figure4_zapit_glmhmm,1,SWC_NM_085,95704630-82ff-4a83-b583-e47e7b261df0,,
eid,95794d97-dd6d-411e-92a2-e4d4839b1165,zapit,figure4_zapit_glmhmm,1,SWC_NM_071,95794d97-dd6d-411e-92a2-e4d4839b1165,,
eid,959fc67f-1819-454c-8a32-fef40342d6df,opto_behavior,,1,SWC_NM_106,959fc67f-1819-454c-8a32-fef40342d6df,,
eid,95a313a8-37f0-4520-bf75-0ec369d2f5ba,opto_behavior,figure3_vls_d2_glmhmm,1,SWC_NM_089,95a313a8-37f0-4520-bf75-0ec369d2f5ba,,
eid,95acdc6e-8959-4d9a-b039-9c28a9f06ee0,opto_behavior,figure1_snr_glmhmm;supp1_glmhmm_states;supp1_hemisphere_specific;supp1_snr_no_glmhmm,1,SWC_NM_012,95acdc6e-8959-4d9a-b039-9c28a9f06ee0,,
eid,95b46097-4cc0-4574-9ed3-7d9a2fd4b5ca,opto_behavior,,2,SWC_NM_022,95b46097-4cc0-4574-9ed3-7d9a2fd4b5ca,,
eid,95f11fa0-a548-4eb5-8fa4-d62e2d1db0f3,opto_behavior,figure3_vls_d2_glmhmm,1,SWC_NM_065,95f11fa0-a548-4eb5-8fa4-d62e2d1db0f3,,
eid,95f3745b-64c8-46db-924a-3cb867349804,opto_behavior,,1,SWC_NM_035,95f3745b-64c8-46db-924a-3cb867349804,,
eid,9606af89-12f6-4a57-8cd9-24f733beae8a,opto_behavior,figure3_stn_glmhmm,1,SWC_NM_025,9606af89-12f6-4a57-8cd9-24f733beae8a,,
eid,960f2fb8-d2de-4dc9-89a0-6d8498e5658a,zapit,figure4_zapit_glmhmm,1,SWC_NM_085,960f2fb8-d2de-4dc9-89a0-6d8498e5658a,,
eid,963cc308-96f3-4be9-9ace-f78fd41cf92c,zapit,figure4_zapit_glmhmm,1,SWC_NM_072,963cc308-96f3-4be9-9ace-f78fd41cf92c,,
eid,96468f7e-df40-4b3f-9651-cfb25d8d0b3e,opto_behavior,,1,SWC_NM_035,96468f7e-df40-4b3f-9651-cfb25d8d0b3e,,
eid,967e1337-9ef2-4334-a36a-f45edbe3e544,opto_behavior,figure3_vls_d2_glmhmm,1,SWC_NM_083,967e1337-9ef2-4334-a36a-f45edbe3e544,,
eid,96813852-4a35-4f74-9c12-29140021e2d4,opto_behavior,figure3_vls_d1_glmhmm,1,SWC_NM_100,96813852-4a35-4f74-9c12-29140021e2d4,,
eid,96aaa6e1-1b1d-46e9-b8a0-47de29d195a7,opto_behavior,,1,SWC_NM_008,96aaa6e1-1b1d-46e9-b8a0-47de29d195a7,,
eid,96bb0ab8-9671-4d53-8f82-4297b91f45cd,opto_behavior,figure3_vls_d1_glmhmm,1,SWC_NM_100,96bb0ab8-9671-4d53-8f82-4297b91f45cd,,
eid,96d56638-8bea-494f-9baf-d7495bfb11db,zapit,figure4_zapit_glmhmm,1,SWC_NM_090,96d56638-8bea-494f-9baf-d7495bfb11db,,
eid,96ff08d6-b9f1-4596-bc70-ee10c7502670,opto_behavior,figure3_vls_d1_glmhmm,1,SWC_NM_053,96ff08d6-b9f1-4596-bc70-ee10c7502670,,
eid,970c4bcd-5a46-4d4b-bc4e-b2e93075501b,zapit,,1,SWC_NM_072,970c4bcd-5a46-4d4b-bc4e-b2e93075501b,,
eid,971510e1-87e0-4199-91a3-9105ed59fa6b,zapit,figure4_zapit_glmhmm,1,SWC_NM_081,971510e1-87e0-4199-91a3-9105ed59fa6b,,
eid,9719c885-fe34-46f7-bf20-413d836f4c19,opto_behavior,figure1_snr_glmhmm;supp1_glmhmm_states;supp1_hemisphere_specific;supp1_snr_no_glmhmm,1,SWC_NM_103,9719c885-fe34-46f7-bf20-413d836f4c19,,
eid,97555715-ddfd-4e98-be18-c5616125cde5,opto_behavior,,1,SWC_NM_037,97555715-ddfd-4e98-be18-c5616125cde5,,
eid,976077e3-132f-4f41-8b36-e289a6c9b59d,opto_behavior,figure1_zi_glmhmm,1,SWC_NM_111,976077e3-132f-4f41-8b36-e289a6c9b59d,,
eid,9776f121-3a76-402c-9c3d-96190c30e187,opto_behavior,supp1_hemisphere_specific,1,SWC_NM_103,9776f121-3a76-402c-9c3d-96190c30e187,,
eid,979436c7-383c-4093-b722-ec44b28750de,opto_behavior,figure3_vls_d1_glmhmm,1,SWC_NM_099,979436c7-383c-4093-b722-ec44b28750de,,
eid,9826572e-e0d1-4abd-ab76-a05541469b54,zapit,figure4_zapit_glmhmm,1,SWC_NM_082,9826572e-e0d1-4abd-ab76-a05541469b54,,
eid,98566e39-3e37-4943-8ed3-fa608febc6a2,opto_behavior,,1,SWC_NM_093,98566e39-3e37-4943-8ed3-fa608febc6a2,,
eid,985a0bca-ac8c-4bf9-8277-626dfaea8626,zapit,figure4_zapit_glmhmm,1,SWC_NM_081,985a0bca-ac8c-4bf9-8277-626dfaea8626,,
eid,987d7a03-ac5f-46c2-a2f4-e1e69f1aa1d9,opto_behavior,figure1_snr_glmhmm;supp1_glmhmm_states;supp1_hemisphere_specific;supp1_snr_no_glmhmm,1,SWC_NM_096,987d7a03-ac5f-46c2-a2f4-e1e69f1aa1d9,,
eid,98e221dc-e3bf-4970-832c-7685214a2bf2,zapit,,1,SWC_NM_071,98e221dc-e3bf-4970-832c-7685214a2bf2,,
eid,98ee5eaf-d3bd-4101-a4ed-b074f537798a,opto_behavior,,2,SWC_NM_010;SWC_NM_012,98ee5eaf-d3bd-4101-a4ed-b074f537798a,,
eid,99008bca-5218-427a-a79f-fd99d4255ac6,opto_behavior,figure3_vls_d2_glmhmm,1,SWC_NM_109,99008bca-5218-427a-a79f-fd99d4255ac6,,
eid,9934246e-0e5a-4fe9-90dc-bf179c84482f,opto_behavior,supp1_hemisphere_specific,1,SWC_NM_016,9934246e-0e5a-4fe9-90dc-bf179c84482f,,
eid,994aa1f0-3fb7-45a8-bfb3-a2d5f9bc66c4,opto_behavior,figure3_vls_d1_glmhmm,1,SWC_NM_101,994aa1f0-3fb7-45a8-bfb3-a2d5f9bc66c4,,
eid,997bed88-f960-4d40-9e3b-872727784e3c,opto_behavior,supp1_hemisphere_specific,1,SWC_NM_011,997bed88-f960-4d40-9e3b-872727784e3c,,
eid,99835b18-182d-484e-9fd8-61431e6f3789,opto_behavior,,1,SWC_NM_106,99835b18-182d-484e-9fd8-61431e6f3789,,
eid,99b7285b-b018-4f84-bd2a-34e53bbe5cd2,opto_behavior,figure3_vls_d2_glmhmm,1,SWC_NM_109,99b7285b-b018-4f84-bd2a-34e53bbe5cd2,,
eid,99c5cd8f-817b-4e7d-97d1-7d89cd54af3e,opto_behavior,figure3_vls_d2_glmhmm,1,SWC_NM_065,99c5cd8f-817b-4e7d-97d1-7d89cd54af3e,,
eid,99ec3503-d0c7-4c87-b0e3-901b240af919,zapit,figure4_zapit_glmhmm,1,SWC_NM_085,99ec3503-d0c7-4c87-b0e3-901b240af919,,
eid,9a22208a-ceeb-42e3-a97c-797b0f037efc,zapit,figure4_zapit_glmhmm,1,SWC_NM_081,9a22208a-ceeb-42e3-a97c-797b0f037efc,,
eid,9a477d5c-21a3-4d88-ad20-2cac23f2e975,opto_behavior,figure3_vls_d2_glmhmm,1,SWC_NM_108,9a477d5c-21a3-4d88-ad20-2cac23f2e975,,
eid,9a4c58d7-26f5-433e-a6f1-2c603e5eb06a,opto_behavior,,1,SWC_NM_110,9a4c58d7-26f5-433e-a6f1-2c603e5eb06a,,
eid,9a6f6206-5958-450f-84a0-9689d1ef34c3,opto_behavior,figure3_vls_d1_glmhmm,1,SWC_NM_053,9a6f6206-5958-450f-84a0-9689d1ef34c3,,
eid,9a7972da-6cf2-44ec-be1c-28008003e539,opto_behavior,figure1_snr_glmhmm;supp1_glmhmm_states;supp1_hemisphere_specific;supp1_snr_no_glmhmm,1,SWC_NM_103,9a7972da-6cf2-44ec-be1c-28008003e539,,
eid,9add8a8e-7de0-49da-8c00-8041bed1f9df,opto_behavior,,1,SWC_NM_102,9add8a8e-7de0-49da-8c00-8041bed1f9df,,
eid,9bbb497e-4a0a-4c95-b448-e34d44ee61a8,zapit,figure4_zapit_glmhmm,1,SWC_NM_086,9bbb497e-4a0a-4c95-b448-e34d44ee61a8,,
eid,9c303b53-0747-4d7a-9b39-ba68d1441942,opto_behavior,,1,SWC_NM_102,9c303b53-0747-4d7a-9b39-ba68d1441942,,
eid,9c4b3fd9-f937-4f2b-9b7b-39be7bc2a7f8,opto_behavior,figure3_stn_glmhmm,1,SWC_NM_024,9c4b3fd9-f937-4f2b-9b7b-39be7bc2a7f8,,
eid,9cc77c22-08f2-49cd-b37d-905397fab334,opto_behavior,,1,SWC_NM_016,9cc77c22-08f2-49cd-b37d-905397fab334,,
eid,9cd4ff60-be51-4aff-912d-67a11dd0fc75,opto_behavior,figure3_vls_d2_glmhmm,1,SWC_NM_083,9cd4ff60-be51-4aff-912d-67a11dd0fc75,,
eid,9cf85b9f-9151-4f38-b59b-1f2cd1fda704,opto_behavior,,1,SWC_NM_065,9cf85b9f-9151-4f38-b59b-1f2cd1fda704,,
eid,9d2c19a6-df4b-43f8-a8af-c3cf9f4c9f9d,opto_behavior,figure3_vls_d2_glmhmm,1,SWC_NM_109,9d2c19a6-df4b-43f8-a8af-c3cf9f4c9f9d,,
eid,9d306baa-31cb-4c02-9577-f3113d2fc77d,opto_behavior,figure1_zi_glmhmm,1,SWC_NM_111,9d306baa-31cb-4c02-9577-f3113d2fc77d,,
eid,9d55cbc0-7f4c-4dcd-a3a8-525aeb39bca8,opto_behavior,,1,SWC_NM_049,9d55cbc0-7f4c-4dcd-a3a8-525aeb39bca8,,
eid,9d6109f3-8529-481f-9ece-eeec42fa3648,opto_behavior,figure3_vls_d2_glmhmm,1,SWC_NM_108,9d6109f3-8529-481f-9ece-eeec42fa3648,,
eid,9d67f331-b93f-43a9-a8af-22c48efc338c,opto_behavior,supp1_hemisphere_specific,1,SWC_NM_096,9d67f331-b93f-43a9-a8af-22c48efc338c,,
eid,9da10bc1-6e6d-40a9-b387-285b509e9bb6,zapit,,1,SWC_NM_057,9da10bc1-6e6d-40a9-b387-285b509e9bb6,,
eid,9df83e5b-256f-4e48-8e1d-76517005710b,opto_behavior,,1,SWC_NM_073,9df83e5b-256f-4e48-8e1d-76517005710b,,
eid,9e04d416-7463-4370-830a-bda8f03ffe17,opto_behavior,figure3_vls_d1_glmhmm,1,SWC_NM_073,9e04d416-7463-4370-830a-bda8f03ffe17,,
eid,9e0fe336-8409-4187-b89f-e45b3718d125,zapit,figure4_zapit_glmhmm,1,SWC_NM_057,9e0fe336-8409-4187-b89f-e45b3718d125,,
eid,9e2ebea3-450d-41da-8066-77cbbc3b46c7,opto_behavior,,1,SWC_NM_035,9e2ebea3-450d-41da-8066-77cbbc3b46c7,,
eid,9e4b80e4-ae85-4e5e-8e1d-519eb68347be,opto_behavior,,1,SWC_NM_011,9e4b80e4-ae85-4e5e-8e1d-519eb68347be,,
eid,9e63140c-094f-4ab0-b33e-a2682af47a8f,zapit,figure4_zapit_glmhmm,1,SWC_NM_082,9e63140c-094f-4ab0-b33e-a2682af47a8f,,
eid,9e6ba046-d48f-4913-a433-ecca9a1049fc,opto_behavior,figure3_vls_d2_glmhmm,1,SWC_NM_087,9e6ba046-d48f-4913-a433-ecca9a1049fc,,
eid,9ea88450-65e7-4c6c-a619-76cccbc163a8,opto_behavior,figure1_snr_glmhmm;supp1_glmhmm_states;supp1_hemisphere_specific;supp1_snr_no_glmhmm,1,SWC_NM_018,9ea88450-65e7-4c6c-a619-76cccbc163a8,,
eid,9ee13d3f-3721-4656-9521-3179222c0426,opto_behavior,,1,SWC_NM_049,9ee13d3f-3721-4656-9521-3179222c0426,,
eid,9f7fc9ca-d43b-479e-9e2a-08a475b94f3a,opto_behavior,supp1_hemisphere_specific,1,SWC_NM_103,9f7fc9ca-d43b-479e-9e2a-08a475b94f3a,,
eid,9fa6297f-93a9-499d-ae38-2eed6e55565d,opto_behavior,,2,SWC_NM_096,9fa6297f-93a9-499d-ae38-2eed6e55565d,,
eid,9fec4695-637b-4a22-ab75-f751546e3729,opto_behavior,figure3_vls_d2_glmhmm,1,SWC_NM_065,9fec4695-637b-4a22-ab75-f751546e3729,,
eid,a01456bd-810d-44d3-afc8-e6251efa5399,zapit,figure4_zapit_glmhmm,1,SWC_NM_057,a01456bd-810d-44d3-afc8-e6251efa5399,,
eid,a014ef1e-7710-40ac-afd4-0402f1e12a7c,opto_behavior,,1,SWC_NM_051,a014ef1e-7710-40ac-afd4-0402f1e12a7c,,
eid,a022ff94-4504-468a-86d1-c8843855bc1f,opto_behavior,supp1_hemisphere_specific,1,SWC_NM_080,a022ff94-4504-468a-86d1-c8843855bc1f,,
eid,a0343dc0-911a-4ba8-a968-105274075537,opto_behavior,,1,SWC_NM_043,a0343dc0-911a-4ba8-a968-105274075537,,
eid,a04a6503-116b-48c9-a8cd-ced434b03c0d,zapit,figure4_zapit_glmhmm,1,SWC_NM_085,a04a6503-116b-48c9-a8cd-ced434b03c0d,,
eid,a079d54f-825f-4267-925b-a2ec3ba1b631,opto_behavior,,1,SWC_NM_036,a079d54f-825f-4267-925b-a2ec3ba1b631,,
eid,a08fc1e6-e299-45a9-a4ff-311f770c4a20,opto_behavior,supp1_hemisphere_specific,1,SWC_NM_103,a08fc1e6-e299-45a9-a4ff-311f770c4a20,,
eid,a0910156-ce33-4bb5-b367-a8fbffeb94c1,opto_behavior,figure3_vls_d1_glmhmm,1,SWC_NM_101,a0910156-ce33-4bb5-b367-a8fbffeb94c1,,
eid,a0dce8e3-bbf8-4230-a909-89e30e7a5e1f,opto_behavior,figure3_vls_d2_glmhmm,1,SWC_NM_083,a0dce8e3-bbf8-4230-a909-89e30e7a5e1f,,
eid,a0f4b0fb-388e-4a15-a3fc-4792814f18ac,opto_behavior,,1,SWC_NM_035,a0f4b0fb-388e-4a15-a3fc-4792814f18ac,,
eid,a0f828ce-1ef6-428e-a65c-ad3010ac482e,zapit,,1,SWC_NM_086,a0f828ce-1ef6-428e-a65c-ad3010ac482e,,
eid,a0fc0a1b-6fe7-46f6-a731-4fa4cf334459,zapit,figure4_zapit_glmhmm,1,SWC_NM_058,a0fc0a1b-6fe7-46f6-a731-4fa4cf334459,,
eid,a109e274-2379-409f-afd8-783ac2852565,opto_behavior,,2,SWC_NM_042,a109e274-2379-409f-afd8-783ac2852565,,
eid,a10cdb6b-f044-4040-9e0d-51a7dfaa1e86,zapit,figure4_zapit_glmhmm,1,SWC_NM_071,a10cdb6b-f044-4040-9e0d-51a7dfaa1e86,,
eid,a159c54d-767c-43da-9aba-a595926d88a4,zapit,,1,SWC_NM_085,a159c54d-767c-43da-9aba-a595926d88a4,,
eid,a1b744fd-828f-456c-9a4a-fadfee19de1b,opto_behavior,supp1_hemisphere_specific,1,SWC_NM_080,a1b744fd-828f-456c-9a4a-fadfee19de1b,,
eid,a1c81975-0c12-4ca7-aac6-193f2ef8eada,opto_behavior,,1,SWC_NM_102,a1c81975-0c12-4ca7-aac6-193f2ef8eada,,
eid,a1d88cbc-ac86-4649-afef-5ac579f8e5a5,zapit,,1,SWC_NM_086,a1d88cbc-ac86-4649-afef-5ac579f8e5a5,,
eid,a1d962cc-4669-470b-af40-509a0d411268,opto_behavior,,1,SWC_NM_051,a1d962cc-4669-470b-af40-509a0d411268,,
eid,a21a94cb-9731-470b-ab32-0e780a2118a3,zapit,,1,SWC_NM_071,a21a94cb-9731-470b-ab32-0e780a2118a3,,
eid,a2c97656-fb3d-4587-9980-c0ad26a712c0,zapit,,1,SWC_NM_085,a2c97656-fb3d-4587-9980-c0ad26a712c0,,
eid,a31836c9-3d0c-460d-aacb-aa12c97ef3be,opto_behavior,,1,SWC_NM_102,a31836c9-3d0c-460d-aacb-aa12c97ef3be,,
eid,a3264491-161d-4add-9c69-5d9c613abec6,opto_behavior,,1,SWC_NM_080,a3264491-161d-4add-9c69-5d9c613abec6,,
eid,a34085ff-e190-46b6-b786-df0be8e0227e,opto_behavior,figure3_vls_d2_glmhmm,1,SWC_NM_065,a34085ff-e190-46b6-b786-df0be8e0227e,,
eid,a346634b-5d82-4b0d-b332-0df8d4bda767,zapit,figure4_zapit_glmhmm,1,SWC_NM_081,a346634b-5d82-4b0d-b332-0df8d4bda767,,
eid,a34c3639-4a0c-4bb2-b369-dd72487e4e1f,opto_behavior,,1,SWC_NM_036,a34c3639-4a0c-4bb2-b369-dd72487e4e1f,,
eid,a3973b9f-43a3-42e0-aca8-bdc04955a4c0,zapit,figure4_zapit_glmhmm,1,SWC_NM_086,a3973b9f-43a3-42e0-aca8-bdc04955a4c0,,
eid,a3a18538-7b1f-4f70-9dea-26e00733ecdc,opto_behavior,figure3_vls_d1_glmhmm,1,SWC_NM_098,a3a18538-7b1f-4f70-9dea-26e00733ecdc,,
eid,a3a49b17-4218-4a37-953c-db7e772a6c04,opto_behavior,,1,SWC_NM_096,a3a49b17-4218-4a37-953c-db7e772a6c04,,
eid,a3acb50a-97d9-4f50-b3be-e572e9ccad31,zapit,,1,SWC_NM_086,a3acb50a-97d9-4f50-b3be-e572e9ccad31,,
eid,a3dad990-0323-4e0b-8a2f-6bf13cfab3e1,opto_behavior,supp1_hemisphere_specific,1,SWC_NM_113,a3dad990-0323-4e0b-8a2f-6bf13cfab3e1,,
eid,a3dda1d9-372b-4d58-a6b9-7f549fb01709,zapit,,1,SWC_NM_057,a3dda1d9-372b-4d58-a6b9-7f549fb01709,,
eid,a3f7d1da-d3ce-42eb-a2d2-e60d722b464f,zapit,,1,SWC_NM_086,a3f7d1da-d3ce-42eb-a2d2-e60d722b464f,,
eid,a3f900dc-786a-4c11-896d-796534e38ad0,opto_behavior,figure3_vls_d1_glmhmm,1,SWC_NM_105,a3f900dc-786a-4c11-896d-796534e38ad0,,
eid,a418eb79-b949-4fdf-9fad-b5d8b240e638,opto_behavior,supp1_hemisphere_specific,1,SWC_NM_012,a418eb79-b949-4fdf-9fad-b5d8b240e638,,
eid,a4501dd7-8613-4cdf-99ef-ca56971557c5,opto_behavior,supp1_hemisphere_specific,1,SWC_NM_012,a4501dd7-8613-4cdf-99ef-ca56971557c5,,
eid,a455ce8b-3abe-41ca-8ad3-21e69cb3b87c,opto_behavior,supp1_hemisphere_specific,1,SWC_NM_113,a455ce8b-3abe-41ca-8ad3-21e69cb3b87c,,
eid,a457b999-3c71-4c34-abf2-a397996fa30d,opto_behavior,supp1_hemisphere_specific,1,SWC_NM_113,a457b999-3c71-4c34-abf2-a397996fa30d,,
eid,a480cc48-493f-434b-8196-98d22252fc27,opto_behavior,figure3_vls_d2_glmhmm,1,SWC_NM_087,a480cc48-493f-434b-8196-98d22252fc27,,
eid,a506d5df-404c-4ad2-b391-057429b37afb,opto_behavior,figure1_zi_glmhmm,1,SWC_NM_111,a506d5df-404c-4ad2-b391-057429b37afb,,
eid,a5a82e1a-e012-4a86-a240-3513d9c4cfb6,opto_behavior,figure3_vls_d2_glmhmm,1,SWC_NM_083,a5a82e1a-e012-4a86-a240-3513d9c4cfb6,,
eid,a5c3a7bf-23af-44ba-aa17-6814a84264c7,opto_behavior,,1,SWC_NM_036,a5c3a7bf-23af-44ba-aa17-6814a84264c7,,
eid,a5d59778-e076-4e48-9d6c-d500d691339a,opto_behavior,figure3_vls_d1_glmhmm,1,SWC_NM_101,a5d59778-e076-4e48-9d6c-d500d691339a,,
eid,a61ec24b-6085-4f3d-9f51-4cbbce4ea8be,zapit,figure4_zapit_glmhmm,1,SWC_NM_086,a61ec24b-6085-4f3d-9f51-4cbbce4ea8be,,
eid,a65aa3be-0521-45be-b979-b8b262d37d49,zapit,,1,SWC_NM_086,a65aa3be-0521-45be-b979-b8b262d37d49,,
eid,a6f3c306-6e9b-47aa-91a2-5ef560fefc17,opto_behavior,supp1_hemisphere_specific,1,SWC_NM_113,a6f3c306-6e9b-47aa-91a2-5ef560fefc17,,
eid,a6fe82bf-8d76-4a07-8dfe-0da5cb168e06,opto_behavior,,1,SWC_NM_035,a6fe82bf-8d76-4a07-8dfe-0da5cb168e06,,
eid,a75a0f51-65c8-48d7-9e47-0a207c49656f,zapit,,1,SWC_NM_072,a75a0f51-65c8-48d7-9e47-0a207c49656f,,
eid,a775f6d4-d83e-4ef4-ae98-8a72a79d6517,opto_behavior,,1,SWC_NM_043,a775f6d4-d83e-4ef4-ae98-8a72a79d6517,,
eid,a7c9a06d-7998-44d7-9dd9-f288f9cc87ff,opto_behavior,figure3_vls_d2_glmhmm,1,SWC_NM_109,a7c9a06d-7998-44d7-9dd9-f288f9cc87ff,,
eid,a8e39cd4-e35f-4818-a2e6-c78862f361ba,opto_behavior,figure3_vls_d2_glmhmm,1,SWC_NM_109,a8e39cd4-e35f-4818-a2e6-c78862f361ba,,
eid,a8f4b965-89b6-4905-b953-3f6f7c42bbb7,opto_behavior,supp1_hemisphere_specific,1,SWC_NM_004,a8f4b965-89b6-4905-b953-3f6f7c42bbb7,,
eid,a9d36372-0eb9-4080-8344-8a671ec1c5b0,opto_behavior,figure3_vls_d2_glmhmm,1,SWC_NM_109,a9d36372-0eb9-4080-8344-8a671ec1c5b0,,
eid,a9e099d3-2159-44f9-9e49-f42f360e6d75,opto_behavior,figure3_vls_d2_glmhmm,1,SWC_NM_065,a9e099d3-2159-44f9-9e49-f42f360e6d75,,
eid,a9e6ca81-f6ac-4cf2-aefd-56ea2e10fea6,opto_behavior,figure3_vls_d1_glmhmm,1,SWC_NM_099,a9e6ca81-f6ac-4cf2-aefd-56ea2e10fea6,,
eid,aa3edfa1-5a55-4079-96ea-80ef8f5bcb95,zapit,,1,SWC_NM_071,aa3edfa1-5a55-4079-96ea-80ef8f5bcb95,,
eid,aabe7656-2d2f-44ee-9e87-bd5ca4102523,opto_behavior,,1,SWC_NM_037,aabe7656-2d2f-44ee-9e87-bd5ca4102523,,
eid,ab329d9a-7c14-4c67-9782-40fc519f9cd3,opto_behavior,figure3_vls_d1_glmhmm,1,SWC_NM_073,ab329d9a-7c14-4c67-9782-40fc519f9cd3,,
eid,ab3ee693-82aa-40d4-b215-e0f284d07aaa,opto_behavior,,1,SWC_NM_049,ab3ee693-82aa-40d4-b215-e0f284d07aaa,,
eid,ab4938a4-b64c-4a91-8620-d8707a2d2df6,opto_behavior,figure1_zi_glmhmm,1,SWC_NM_010,ab4938a4-b64c-4a91-8620-d8707a2d2df6,,
eid,ab9f1a5c-9637-4837-90d1-dd2a666b08bd,opto_behavior,,1,SWC_NM_099,ab9f1a5c-9637-4837-90d1-dd2a666b08bd,,
eid,abb899e8-6322-4ba0-abd0-b1bdff48d3ef,zapit,figure4_zapit_glmhmm,1,SWC_NM_090,abb899e8-6322-4ba0-abd0-b1bdff48d3ef,,
eid,abf38955-b5d4-4319-921a-f0658188ad57,opto_behavior,figure3_stn_glmhmm,2,SWC_NM_025,abf38955-b5d4-4319-921a-f0658188ad57,,
eid,ac52a1ce-3b6c-4421-bc12-3d898d7d6527,opto_behavior,figure3_stn_glmhmm,2,SWC_NM_026,ac52a1ce-3b6c-4421-bc12-3d898d7d6527,,
eid,ac72bdf7-0a3b-43ec-a110-a173eade8855,zapit,figure4_zapit_glmhmm,1,SWC_NM_072,ac72bdf7-0a3b-43ec-a110-a173eade8855,,
eid,ad8495d1-6341-4a9d-9eb9-f6c397eec797,opto_behavior,figure3_vls_d1_glmhmm,1,SWC_NM_100,ad8495d1-6341-4a9d-9eb9-f6c397eec797,,
eid,ae095f0e-f4fa-413a-9559-d5398502a880,opto_behavior,,1,SWC_NM_106,ae095f0e-f4fa-413a-9559-d5398502a880,,
eid,ae7d982d-4f45-4e81-9dc3-5810f3004450,opto_behavior,,1,SWC_NM_065,ae7d982d-4f45-4e81-9dc3-5810f3004450,,
eid,ae981ae0-748d-4edc-9a6f-98ea1b417c34,opto_behavior,supp1_hemisphere_specific,1,SWC_NM_004,ae981ae0-748d-4edc-9a6f-98ea1b417c34,,
eid,aedf9c64-5605-4beb-8fb4-a2ef66ecd4b4,opto_behavior,figure3_vls_d2_glmhmm,1,SWC_NM_065,aedf9c64-5605-4beb-8fb4-a2ef66ecd4b4,,
eid,af0e43f5-d3a4-44af-9924-20eecff02744,opto_behavior,figure3_vls_d1_glmhmm,1,SWC_NM_053,af0e43f5-d3a4-44af-9924-20eecff02744,,
eid,af3b4d94-5129-4e5a-a143-1ed54e8f2dc8,opto_behavior,figure3_vls_d2_glmhmm,1,SWC_NM_109,af3b4d94-5129-4e5a-a143-1ed54e8f2dc8,,
eid,af6163b6-1427-4d72-8c78-831d30fffe2f,opto_behavior,,1,SWC_NM_049,af6163b6-1427-4d72-8c78-831d30fffe2f,,
eid,b002842b-7101-46e6-a585-72dc08e0265f,zapit,figure4_zapit_glmhmm,1,SWC_NM_058,b002842b-7101-46e6-a585-72dc08e0265f,,
eid,b0229669-5d43-4558-bcb3-3f11d23430d4,zapit,,1,SWC_NM_057,b0229669-5d43-4558-bcb3-3f11d23430d4,,
eid,b049230e-d30b-4458-bd89-dfc114f15869,opto_behavior,figure3_vls_d2_glmhmm,1,SWC_NM_083,b049230e-d30b-4458-bd89-dfc114f15869,,
eid,b05d84d0-ee90-478b-b172-02122295fad0,opto_behavior,figure3_vls_d2_glmhmm,1,SWC_NM_065,b05d84d0-ee90-478b-b172-02122295fad0,,
eid,b0734d14-c1c0-4291-94e6-96a5f7d7d86a,opto_behavior,,1,SWC_NM_042,b0734d14-c1c0-4291-94e6-96a5f7d7d86a,,
eid,b09b7f9b-4833-426c-b395-1599b2e015f9,opto_behavior,,1,SWC_NM_053,b09b7f9b-4833-426c-b395-1599b2e015f9,,
eid,b172e5f6-c6ce-455e-b6c8-819824013dd6,opto_behavior,supp1_hemisphere_specific,1,SWC_NM_113,b172e5f6-c6ce-455e-b6c8-819824013dd6,,
eid,b19c533d-e9ac-4dcf-bf21-8e936fe48df3,zapit,figure4_zapit_glmhmm,1,SWC_NM_091,b19c533d-e9ac-4dcf-bf21-8e936fe48df3,,
eid,b1b0a076-1527-4d1e-a714-27adbfff6219,opto_behavior,,1,SWC_NM_035,b1b0a076-1527-4d1e-a714-27adbfff6219,,
eid,b1dd1c50-6fbe-4f9b-8267-0b48a819c78e,opto_behavior,,1,SWC_NM_004,b1dd1c50-6fbe-4f9b-8267-0b48a819c78e,,
eid,b1f5abe0-8261-498c-a8e6-24381750da18,opto_behavior,supp1_hemisphere_specific,2,SWC_NM_018,b1f5abe0-8261-498c-a8e6-24381750da18,,
eid,b2c4bd2b-5c8e-4c18-8a4b-e8e9e49d1895,zapit,,1,SWC_NM_081,b2c4bd2b-5c8e-4c18-8a4b-e8e9e49d1895,,
eid,b2da6e36-e25c-4b2a-9937-2ab30003ac48,opto_behavior,,1,SWC_NM_010,b2da6e36-e25c-4b2a-9937-2ab30003ac48,,
eid,b3052281-b541-474e-8791-bc7594ec4a49,opto_behavior,supp1_hemisphere_specific,1,SWC_NM_113,b3052281-b541-474e-8791-bc7594ec4a49,,
eid,b31fbbd9-aa6d-445d-80c4-4d56adeea1a5,zapit,,1,SWC_NM_086,b31fbbd9-aa6d-445d-80c4-4d56adeea1a5,,
eid,b3571586-df64-4fef-a7fc-c29e5b2c8a2b,zapit,figure4_zapit_glmhmm,1,SWC_NM_085,b3571586-df64-4fef-a7fc-c29e5b2c8a2b,,
eid,b40f3329-6a02-4df7-9570-3d6fee26cb93,zapit,,1,SWC_NM_072,b40f3329-6a02-4df7-9570-3d6fee26cb93,,
eid,b44d3c9a-93f4-47e4-8f4f-45870519e80d,zapit,figure4_zapit_glmhmm,1,SWC_NM_082,b44d3c9a-93f4-47e4-8f4f-45870519e80d,,
eid,b482f991-a90b-44e3-bc6f-c7133e0188a0,opto_behavior,figure3_vls_d1_glmhmm,1,SWC_NM_101,b482f991-a90b-44e3-bc6f-c7133e0188a0,,
eid,b4cff50c-934f-4855-9aa3-9b04d989de59,opto_behavior,,1,SWC_NM_035,b4cff50c-934f-4855-9aa3-9b04d989de59,,
eid,b4dd0cff-3aed-4b74-973a-0a015cc2ad11,opto_behavior,supp1_hemisphere_specific,1,SWC_NM_018,b4dd0cff-3aed-4b74-973a-0a015cc2ad11,,
eid,b4fa0296-28ef-4e31-af9e-514e2537bb9c,opto_behavior,figure3_stn_glmhmm,1,SWC_NM_025,b4fa0296-28ef-4e31-af9e-514e2537bb9c,,
eid,b505a85c-9612-4f75-b64f-33722f94b7c7,zapit,,1,SWC_NM_072,b505a85c-9612-4f75-b64f-33722f94b7c7,,
eid,b55d70f1-a56e-4f1c-9b93-bd2c95325d5d,opto_behavior,supp1_hemisphere_specific,1,SWC_NM_103,b55d70f1-a56e-4f1c-9b93-bd2c95325d5d,,
eid,b5bfa109-109b-446a-b047-97261872a430,opto_behavior,figure3_vls_d2_glmhmm,1,SWC_NM_108,b5bfa109-109b-446a-b047-97261872a430,,
eid,b61091b1-96b4-4571-a501-bab7a04e36e5,opto_behavior,,1,SWC_NM_110,b61091b1-96b4-4571-a501-bab7a04e36e5,,
eid,b64467f6-0fb9-4d77-8c97-eacb3a15dffe,opto_behavior,figure3_stn_glmhmm,1,SWC_NM_024,b64467f6-0fb9-4d77-8c97-eacb3a15dffe,,
eid,b6de331a-495a-42b3-b029-ee743a99ac10,opto_behavior,,1,SWC_NM_026,b6de331a-495a-42b3-b029-ee743a99ac10,,
eid,b6e5583d-b69d-4658-b665-9b2a038a77c8,opto_behavior,figure3_vls_d2_glmhmm,1,SWC_NM_083,b6e5583d-b69d-4658-b665-9b2a038a77c8,,
eid,b6f80439-98e6-41cf-a7e8-7216b1d93feb,opto_behavior,,1,SWC_NM_025,b6f80439-98e6-41cf-a7e8-7216b1d93feb,,
eid,b754992d-ac3a-477f-a4d9-421e10f34681,opto_behavior,figure3_stn_glmhmm,1,SWC_NM_024,b754992d-ac3a-477f-a4d9-421e10f34681,,
eid,b759d11f-e9ab-414a-9363-996c140a9503,opto_behavior,figure3_vls_d1_glmhmm,1,SWC_NM_099,b759d11f-e9ab-414a-9363-996c140a9503,,
eid,b7651593-5549-4e7a-b006-4c7eb5267529,opto_behavior,,1,SWC_NM_111,b7651593-5549-4e7a-b006-4c7eb5267529,,
eid,b786c122-24f7-4fe9-ac1f-269fa1c517cb,opto_behavior,figure3_vls_d2_glmhmm,1,SWC_NM_107,b786c122-24f7-4fe9-ac1f-269fa1c517cb,,
eid,b7b8153b-a6b5-4bab-9759-130e71a777d1,opto_behavior,figure1_zi_glmhmm,2,SWC_NM_022,b7b8153b-a6b5-4bab-9759-130e71a777d1,,
eid,b7fd4cba-2bd2-4e36-8bd1-13832cc91fdd,zapit,figure4_zapit_glmhmm,1,SWC_NM_090,b7fd4cba-2bd2-4e36-8bd1-13832cc91fdd,,
eid,b872338e-baf4-408e-a1a2-6cc11cb825b8,opto_behavior,,1,SWC_NM_049,b872338e-baf4-408e-a1a2-6cc11cb825b8,,
eid,b8bbf15b-115c-495a-86b4-818bbacb39fe,opto_behavior,,1,SWC_NM_035,b8bbf15b-115c-495a-86b4-818bbacb39fe,,
eid,b8f6a17f-5965-4ee3-98ac-60be1504ba04,zapit,figure4_zapit_glmhmm,1,SWC_NM_071,b8f6a17f-5965-4ee3-98ac-60be1504ba04,,
eid,b9144091-420f-4a4b-b896-002d65fa07d0,zapit,figure4_zapit_glmhmm,1,SWC_NM_082,b9144091-420f-4a4b-b896-002d65fa07d0,,
eid,b9186c7c-d5e0-481e-81b4-6d854e54ef63,opto_behavior,,1,SWC_NM_110,b9186c7c-d5e0-481e-81b4-6d854e54ef63,,
eid,b97d421b-96d8-46bf-bb79-0b89761a5237,opto_behavior,,1,SWC_NM_110,b97d421b-96d8-46bf-bb79-0b89761a5237,,
eid,b9e4878b-1dbb-49d3-909f-d1fe4475ff9a,opto_behavior,,1,SWC_NM_102,b9e4878b-1dbb-49d3-909f-d1fe4475ff9a,,
eid,ba0ac3a9-7ab0-4d1c-be3a-ddf593fd0241,opto_behavior,,1,SWC_NM_049,ba0ac3a9-7ab0-4d1c-be3a-ddf593fd0241,,
eid,ba25fc85-b7d3-44cb-9689-3c0b2f761416,opto_behavior,figure1_zi_glmhmm,1,SWC_NM_104,ba25fc85-b7d3-44cb-9689-3c0b2f761416,,
eid,ba7bbd72-c41a-4dbd-9992-4a51489f4289,opto_behavior,,2,SWC_NM_003,ba7bbd72-c41a-4dbd-9992-4a51489f4289,,
eid,babbd6b0-dbab-4598-87d4-00b4c723ad3e,opto_behavior,,1,SWC_NM_049,babbd6b0-dbab-4598-87d4-00b4c723ad3e,,
eid,bacfcc69-bc68-4086-b131-78ce43db1f10,opto_behavior,figure3_vls_d2_glmhmm,1,SWC_NM_108,bacfcc69-bc68-4086-b131-78ce43db1f10,,
eid,bae55a88-eb85-4d24-9621-6a99e2bb71e8,zapit,figure4_zapit_glmhmm,1,SWC_NM_090,bae55a88-eb85-4d24-9621-6a99e2bb71e8,,
eid,bb16ba38-34f1-452c-84a5-ca910b49b2cb,zapit,figure4_zapit_glmhmm,1,SWC_NM_058,bb16ba38-34f1-452c-84a5-ca910b49b2cb,,
eid,bb3a4433-65db-4640-8690-5bbc81ef8d49,opto_behavior,figure1_zi_glmhmm,1,SWC_NM_003,bb3a4433-65db-4640-8690-5bbc81ef8d49,,
eid,bb590645-fd17-4025-84e5-e65d3ef948ea,opto_behavior,,1,SWC_NM_025,bb590645-fd17-4025-84e5-e65d3ef948ea,,
eid,bb70f30c-261e-48f7-8bc0-99b1bc84f8f9,opto_behavior,,1,SWC_NM_110,bb70f30c-261e-48f7-8bc0-99b1bc84f8f9,,
eid,bbb93ef8-8439-4515-96a1-776c797bb7d8,opto_behavior,,1,SWC_NM_022,bbb93ef8-8439-4515-96a1-776c797bb7d8,,
eid,bbe8ea3d-b942-4d56-b281-baed2f3d3143,opto_behavior,figure1_snr_glmhmm;supp1_glmhmm_states;supp1_hemisphere_specific;supp1_snr_no_glmhmm,2,SWC_NM_096,bbe8ea3d-b942-4d56-b281-baed2f3d3143,,
eid,bbecd194-0be4-4acc-9b11-e4d8395db0a8,opto_behavior,figure1_zi_glmhmm,1,SWC_NM_104,bbecd194-0be4-4acc-9b11-e4d8395db0a8,,
eid,bc1d5d38-e056-4cf7-91c5-6af3dbc44b4f,zapit,figure4_zapit_glmhmm,1,SWC_NM_090,bc1d5d38-e056-4cf7-91c5-6af3dbc44b4f,,
eid,bc3b3cb8-e526-4d30-bfcb-1e5320938009,zapit,figure4_zapit_glmhmm,1,SWC_NM_082,bc3b3cb8-e526-4d30-bfcb-1e5320938009,,
eid,bc467278-6c15-488c-8113-2c21f0201d09,opto_behavior,figure3_vls_d2_glmhmm,1,SWC_NM_089,bc467278-6c15-488c-8113-2c21f0201d09,,
eid,bc5cc639-7ea2-4f25-be88-70f7e81e5d4e,opto_behavior,figure3_vls_d1_glmhmm,1,SWC_NM_099,bc5cc639-7ea2-4f25-be88-70f7e81e5d4e,,
eid,bca63bed-244c-4cb6-b173-26661d02e901,opto_behavior,figure3_stn_glmhmm,1,SWC_NM_024,bca63bed-244c-4cb6-b173-26661d02e901,,
eid,bcb9118d-7428-424c-808f-eb0914c687f4,opto_behavior,figure3_vls_d2_glmhmm,1,SWC_NM_087,bcb9118d-7428-424c-808f-eb0914c687f4,,
eid,bd6bbfe0-0390-4d1a-b132-127e82e98e09,zapit,figure4_zapit_glmhmm,1,SWC_NM_071,bd6bbfe0-0390-4d1a-b132-127e82e98e09,,
eid,bd8d53d9-c829-4124-8577-eb9bcb7263f6,opto_behavior,figure3_vls_d2_glmhmm,1,SWC_NM_089,bd8d53d9-c829-4124-8577-eb9bcb7263f6,,
eid,bd9b8aa3-e80a-4d6c-8845-f293b59b9e94,zapit,figure4_zapit_glmhmm,1,SWC_NM_082,bd9b8aa3-e80a-4d6c-8845-f293b59b9e94,,
eid,bdb9743e-77c4-44b9-947d-a2ad1e9862e2,opto_behavior,figure3_vls_d1_glmhmm,1,SWC_NM_101,bdb9743e-77c4-44b9-947d-a2ad1e9862e2,,
eid,be1b5f79-1d0c-4156-bb85-d659639c5f0d,opto_behavior,figure3_vls_d2_glmhmm,1,SWC_NM_065,be1b5f79-1d0c-4156-bb85-d659639c5f0d,,
eid,be392f15-acc6-4f9c-ab8d-03dc7c09dd77,opto_behavior,supp1_hemisphere_specific,1,SWC_NM_096,be392f15-acc6-4f9c-ab8d-03dc7c09dd77,,
eid,be50456b-7477-4638-887e-a8895e34b7b2,opto_behavior,,1,SWC_NM_036,be50456b-7477-4638-887e-a8895e34b7b2,,
eid,be7b5af4-be82-4be4-903d-678c59d8d365,opto_behavior,,1,SWC_NM_008,be7b5af4-be82-4be4-903d-678c59d8d365,,
eid,beccfebc-956e-4265-abb9-be74704bd930,opto_behavior,figure1_zi_glmhmm,1,SWC_NM_111,beccfebc-956e-4265-abb9-be74704bd930,,
eid,bef903f8-fedb-42b7-83e7-c06446bb766b,opto_behavior,,2,SWC_NM_036,bef903f8-fedb-42b7-83e7-c06446bb766b,,
eid,bef93e88-35dd-493d-86d0-48302a8a5953,opto_behavior,figure3_vls_d2_glmhmm,1,SWC_NM_087,bef93e88-35dd-493d-86d0-48302a8a5953,,
eid,bf0ce134-b9fd-45e1-aec0-505abfefdd49,opto_behavior,figure3_vls_d2_glmhmm,1,SWC_NM_087,bf0ce134-b9fd-45e1-aec0-505abfefdd49,,
eid,bf4ec174-84fc-432c-808a-f2ad01ace010,opto_behavior,,1,SWC_NM_110,bf4ec174-84fc-432c-808a-f2ad01ace010,,
eid,bf81a0a2-8b27-4fc7-9d6f-684063d8c75e,opto_behavior,figure3_vls_d2_glmhmm,1,SWC_NM_083,bf81a0a2-8b27-4fc7-9d6f-684063d8c75e,,
eid,bfa34f53-058a-4516-8f96-a8fcb04ade1d,zapit,figure4_zapit_glmhmm,1,SWC_NM_072,bfa34f53-058a-4516-8f96-a8fcb04ade1d,,
eid,bfeae9f2-be48-4b06-bcfd-9ed48da0b493,zapit,figure4_zapit_glmhmm,1,SWC_NM_072,bfeae9f2-be48-4b06-bcfd-9ed48da0b493,,
eid,bff9e217-49fa-4037-9895-0de60696d92f,zapit,figure4_zapit_glmhmm,1,SWC_NM_085,bff9e217-49fa-4037-9895-0de60696d92f,,
eid,c0892faa-519e-430f-9b40-992b09fd618a,opto_behavior,,1,SWC_NM_025,c0892faa-519e-430f-9b40-992b09fd618a,,
eid,c0b113eb-6de8-4606-a910-7adb14004af4,opto_behavior,figure3_vls_d2_glmhmm,1,SWC_NM_065,c0b113eb-6de8-4606-a910-7adb14004af4,,
eid,c0dd7673-0673-4ac1-b3ce-0e1b9bc6ec05,opto_behavior,figure3_vls_d1_glmhmm,1,SWC_NM_101,c0dd7673-0673-4ac1-b3ce-0e1b9bc6ec05,,
eid,c0e0f994-7f1f-4c71-a781-9843f034ef50,opto_behavior,,1,SWC_NM_035,c0e0f994-7f1f-4c71-a781-9843f034ef50,,
eid,c0efd96b-8a4c-4eaf-b5d6-281f6dae4b7e,zapit,figure4_zapit_glmhmm,1,SWC_NM_082,c0efd96b-8a4c-4eaf-b5d6-281f6dae4b7e,,
eid,c1095784-72f3-406b-b0d3-83fd7e305988,opto_behavior,figure3_vls_d1_glmhmm,1,SWC_NM_099,c1095784-72f3-406b-b0d3-83fd7e305988,,
eid,c11808b2-e37f-4e32-8557-4e5789356d90,zapit,,1,SWC_NM_085,c11808b2-e37f-4e32-8557-4e5789356d90,,
eid,c118dbfb-39ec-4ef8-9ed1-959748b4192e,zapit,figure4_zapit_glmhmm,1,SWC_NM_071,c118dbfb-39ec-4ef8-9ed1-959748b4192e,,
eid,c11d4536-8b6d-4815-bdff-8053256a75b7,zapit,figure4_zapit_glmhmm,1,SWC_NM_085,c11d4536-8b6d-4815-bdff-8053256a75b7,,
eid,c13b4708-6f17-4c0f-ae1f-9ad27ed70a47,zapit,,1,SWC_NM_071,c13b4708-6f17-4c0f-ae1f-9ad27ed70a47,,
eid,c18f821b-eb37-440e-9f89-07f0aada683d,zapit,,1,SWC_NM_085,c18f821b-eb37-440e-9f89-07f0aada683d,,
eid,c192f964-f05d-49cf-89c1-ab36f358d282,opto_behavior,figure3_vls_d1_glmhmm,1,SWC_NM_099,c192f964-f05d-49cf-89c1-ab36f358d282,,
eid,c1f650d5-fee2-4ec1-8ed4-d7bb4ce3cb0c,opto_behavior,figure3_vls_d2_glmhmm,1,SWC_NM_065,c1f650d5-fee2-4ec1-8ed4-d7bb4ce3cb0c,,
eid,c23de770-6f3c-41a8-b0c6-8c11389042c4,zapit,,1,SWC_NM_086,c23de770-6f3c-41a8-b0c6-8c11389042c4,,
eid,c279da4e-2a82-4ff4-8b00-812ee5c014ea,opto_behavior,figure3_vls_d1_glmhmm,1,SWC_NM_073,c279da4e-2a82-4ff4-8b00-812ee5c014ea,,
eid,c295ed7e-dcf7-4e42-b0ef-661df88c9bb5,opto_behavior,,1,SWC_NM_106,c295ed7e-dcf7-4e42-b0ef-661df88c9bb5,,
eid,c2a819bb-0cdf-4f91-8646-d227f65f6c78,opto_behavior,,1,SWC_NM_035,c2a819bb-0cdf-4f91-8646-d227f65f6c78,,
eid,c2c3cc18-e125-42e3-b2ac-fc6b6e1e70b8,opto_behavior,,1,SWC_NM_036,c2c3cc18-e125-42e3-b2ac-fc6b6e1e70b8,,
eid,c2ea4acb-bb23-4609-a0f9-d316875a79fb,zapit,,1,SWC_NM_086,c2ea4acb-bb23-4609-a0f9-d316875a79fb,,
eid,c3065b9f-46c3-4bff-84f4-1652c2e22a51,opto_behavior,figure3_vls_d2_glmhmm,1,SWC_NM_107,c3065b9f-46c3-4bff-84f4-1652c2e22a51,,
eid,c34237da-348a-429e-830c-f881553f901e,opto_behavior,figure3_vls_d2_glmhmm,1,SWC_NM_065,c34237da-348a-429e-830c-f881553f901e,,
eid,c34afa9d-872c-4237-b585-62dac85b333a,opto_behavior,figure1_snr_glmhmm;supp1_glmhmm_states;supp1_hemisphere_specific;supp1_snr_no_glmhmm,1,SWC_NM_096,c34afa9d-872c-4237-b585-62dac85b333a,,
eid,c431b9fc-512f-4bba-b5a5-0891fff5fce6,opto_behavior,,1,SWC_NM_110,c431b9fc-512f-4bba-b5a5-0891fff5fce6,,
eid,c44751ce-3ef1-4fb1-9744-a8f6ac4b28ac,opto_behavior,figure1_zi_glmhmm,1,SWC_NM_010,c44751ce-3ef1-4fb1-9744-a8f6ac4b28ac,,
eid,c47c69bf-20b9-4b2e-907f-6e25798fa08f,opto_behavior,,1,SWC_NM_102,c47c69bf-20b9-4b2e-907f-6e25798fa08f,,
eid,c48a16d9-3532-4812-8a79-debc28a83b01,zapit,figure4_zapit_glmhmm,1,SWC_NM_071,c48a16d9-3532-4812-8a79-debc28a83b01,,
eid,c4910490-89bb-44ac-93f7-d3cf685d9286,opto_behavior,figure1_zi_glmhmm,1,SWC_NM_104,c4910490-89bb-44ac-93f7-d3cf685d9286,,
eid,c4f246b4-454c-4d42-9e4a-daf2c92b7787,opto_behavior,,1,SWC_NM_025,c4f246b4-454c-4d42-9e4a-daf2c92b7787,,
eid,c5438bf2-631a-4021-b501-2c9adbddb238,zapit,,1,SWC_NM_086,c5438bf2-631a-4021-b501-2c9adbddb238,,
eid,c558a4bd-0960-49c4-94ec-7964168a05a7,opto_behavior,figure3_vls_d1_glmhmm,1,SWC_NM_053,c558a4bd-0960-49c4-94ec-7964168a05a7,,
eid,c5649fc0-3867-4616-8068-e4f2f198ab60,zapit,figure4_zapit_glmhmm,1,SWC_NM_086,c5649fc0-3867-4616-8068-e4f2f198ab60,,
eid,c684a122-d976-458f-a101-23e772abfbc8,opto_behavior,figure3_vls_d1_glmhmm,1,SWC_NM_100,c684a122-d976-458f-a101-23e772abfbc8,,
eid,c6e05a2f-6500-4d42-a317-7a2398e3c0f0,zapit,figure4_zapit_glmhmm,1,SWC_NM_082,c6e05a2f-6500-4d42-a317-7a2398e3c0f0,,
eid,c70d6be4-a6b0-43e1-8dad-4112e421786d,opto_behavior,figure3_vls_d2_glmhmm,1,SWC_NM_065,c70d6be4-a6b0-43e1-8dad-4112e421786d,,
eid,c721f67a-4fed-423b-8480-4d17e59d4800,zapit,figure4_zapit_glmhmm,1,SWC_NM_081,c721f67a-4fed-423b-8480-4d17e59d4800,,
eid,c7301a1f-5bd0-4606-8b7d-f6580672e562,zapit,figure4_zapit_glmhmm,1,SWC_NM_071,c7301a1f-5bd0-4606-8b7d-f6580672e562,,
eid,c82ceab1-ad8f-42aa-bb2d-c9594315d2cd,opto_behavior,figure3_stn_glmhmm,1,SWC_NM_024,c82ceab1-ad8f-42aa-bb2d-c9594315d2cd,,
eid,c88820b6-e3cd-44b2-bd98-2d0ccfb8d8ab,zapit,figure4_zapit_glmhmm,1,SWC_NM_082,c88820b6-e3cd-44b2-bd98-2d0ccfb8d8ab,,
eid,c8aa5aec-d45c-4074-b8c4-47b42d1b2b8e,opto_behavior,,1,SWC_NM_104,c8aa5aec-d45c-4074-b8c4-47b42d1b2b8e,,
eid,c8ce5eb7-0773-4eaf-8ae2-e440183c831d,zapit,figure4_zapit_glmhmm,1,SWC_NM_086,c8ce5eb7-0773-4eaf-8ae2-e440183c831d,,
eid,c90780f1-9304-4bcf-b74b-6ec9cae581ad,opto_behavior,supp1_hemisphere_specific,1,SWC_NM_004,c90780f1-9304-4bcf-b74b-6ec9cae581ad,,
eid,c908300c-d600-4b0b-baea-27e427a1722c,zapit,,1,SWC_NM_082,c908300c-d600-4b0b-baea-27e427a1722c,,
eid,c9f6d00a-b6ca-4d83-a1fd-6082453445ee,opto_behavior,,1,SWC_NM_003,c9f6d00a-b6ca-4d83-a1fd-6082453445ee,,
eid,ca25b543-07cf-4701-a2a4-7139a5ed28c7,zapit,,1,SWC_NM_086,ca25b543-07cf-4701-a2a4-7139a5ed28c7,,
eid,ca498612-10c7-4921-b394-87259e6ca735,opto_behavior,,1,SWC_NM_043,ca498612-10c7-4921-b394-87259e6ca735,,
eid,ca58a8db-8817-4cd0-acb8-1712191949a7,zapit,,1,SWC_NM_071,ca58a8db-8817-4cd0-acb8-1712191949a7,,
eid,ca97595c-1ae9-4bf5-8703-4368abe28c9e,opto_behavior,supp1_hemisphere_specific,1,SWC_NM_016,ca97595c-1ae9-4bf5-8703-4368abe28c9e,,
eid,cab61256-6121-4c99-b894-25c41293d9e8,opto_behavior,supp1_hemisphere_specific,1,SWC_NM_103,cab61256-6121-4c99-b894-25c41293d9e8,,
eid,cab9a767-05b4-4033-b074-225db0d37221,opto_behavior,figure3_stn_glmhmm,1,SWC_NM_026,cab9a767-05b4-4033-b074-225db0d37221,,
eid,cb124905-f035-4b45-acc6-5eefd06f695b,opto_behavior,,1,SWC_NM_022,cb124905-f035-4b45-acc6-5eefd06f695b,,
eid,cb16969f-fdf4-48a9-a32f-790d4abca59e,opto_behavior,,1,SWC_NM_102,cb16969f-fdf4-48a9-a32f-790d4abca59e,,
eid,cb64de66-f749-4664-b9d3-d26489e271e1,zapit,,1,SWC_NM_072,cb64de66-f749-4664-b9d3-d26489e271e1,,
eid,cb8f7026-175b-4386-97ae-46858a721197,opto_behavior,,2,SWC_NM_024,cb8f7026-175b-4386-97ae-46858a721197,,
eid,cbc8839b-9820-4f63-bf3b-b05ec6d8b939,zapit,figure4_zapit_glmhmm,1,SWC_NM_082,cbc8839b-9820-4f63-bf3b-b05ec6d8b939,,
eid,cc14dbaf-300b-4df5-8fba-edb4b4b06cf8,opto_behavior,,2,SWC_NM_016,cc14dbaf-300b-4df5-8fba-edb4b4b06cf8,,
eid,cc161745-bc5f-437f-9e4d-aaa5f60cedb3,zapit,figure4_zapit_glmhmm,1,SWC_NM_082,cc161745-bc5f-437f-9e4d-aaa5f60cedb3,,
eid,cc800aa2-768a-4ca3-8710-99a9fa1d2e79,opto_behavior,supp1_hemisphere_specific,1,SWC_NM_016,cc800aa2-768a-4ca3-8710-99a9fa1d2e79,,
eid,cc930af5-0246-4eb7-ae73-0c825fc035ed,zapit,figure4_zapit_glmhmm,1,SWC_NM_081,cc930af5-0246-4eb7-ae73-0c825fc035ed,,
eid,ccf42b1c-8ed4-4265-afe6-2afb25d10d08,opto_behavior,supp1_hemisphere_specific,1,SWC_NM_012,ccf42b1c-8ed4-4265-afe6-2afb25d10d08,,
eid,cd14cece-cef0-4fc7-aafa-1664898cf145,zapit,figure4_zapit_glmhmm,1,SWC_NM_072,cd14cece-cef0-4fc7-aafa-1664898cf145,,
eid,cd1b600d-00e2-4542-a94e-1864237342ac,zapit,figure4_zapit_glmhmm,1,SWC_NM_082,cd1b600d-00e2-4542-a94e-1864237342ac,,
eid,cd998125-3ee8-4b01-b362-66e9f82d0ab8,opto_behavior,figure3_vls_d2_glmhmm,1,SWC_NM_065,cd998125-3ee8-4b01-b362-66e9f82d0ab8,,
eid,cdbc2205-9717-400d-8b0b-1d20f81e42e3,opto_behavior,figure3_vls_d1_glmhmm,1,SWC_NM_101,cdbc2205-9717-400d-8b0b-1d20f81e42e3,,
eid,ce39afdf-d31e-48aa-a325-5aa925b33d27,opto_behavior,figure3_vls_d2_glmhmm,1,SWC_NM_109,ce39afdf-d31e-48aa-a325-5aa925b33d27,,
eid,ce6be632-7986-4e05-b2c3-231d459d4dc4,opto_behavior,,1,SWC_NM_026,ce6be632-7986-4e05-b2c3-231d459d4dc4,,
eid,ce8d7b48-22a6-4b8d-b3ca-19101174f1e1,zapit,figure4_zapit_glmhmm,1,SWC_NM_082,ce8d7b48-22a6-4b8d-b3ca-19101174f1e1,,
eid,cf2b1b1c-f7bc-4c54-8845-2ef923f5b67d,opto_behavior,figure3_vls_d2_glmhmm,1,SWC_NM_087,cf2b1b1c-f7bc-4c54-8845-2ef923f5b67d,,
eid,cf3a1d93-486a-4f76-99bd-41539d29c4d3,opto_behavior,,1,SWC_NM_036,cf3a1d93-486a-4f76-99bd-41539d29c4d3,,
eid,cf7163c1-fbde-450e-885f-b57c2d5a8b08,opto_behavior,figure3_vls_d2_glmhmm,1,SWC_NM_109,cf7163c1-fbde-450e-885f-b57c2d5a8b08,,
eid,cf77ab3e-a8f9-44e0-8109-620bd6fd7a09,opto_behavior,figure3_vls_d1_glmhmm,1,SWC_NM_100,cf77ab3e-a8f9-44e0-8109-620bd6fd7a09,,
eid,cf88dc0a-9ae1-49a6-a86e-4cda25810c6d,zapit,figure4_zapit_glmhmm,1,SWC_NM_072,cf88dc0a-9ae1-49a6-a86e-4cda25810c6d,,
eid,cf9db26e-5a55-4838-b853-340a70c6ca45,opto_behavior,,1,SWC_NM_022,cf9db26e-5a55-4838-b853-340a70c6ca45,,
eid,cfce8001-7886-4a62-9c0a-371fcbc95eb7,opto_behavior,figure3_vls_d1_glmhmm,1,SWC_NM_073,cfce8001-7886-4a62-9c0a-371fcbc95eb7,,
eid,cfde78ae-0d8f-4a06-9e7f-8fe9fe7d1813,opto_behavior,figure1_snr_glmhmm;supp1_glmhmm_states;supp1_hemisphere_specific;supp1_snr_no_glmhmm,1,SWC_NM_018,cfde78ae-0d8f-4a06-9e7f-8fe9fe7d1813,,
eid,d01fb7d7-aa75-445b-87b0-d6f9ca4f0749,opto_behavior,supp1_hemisphere_specific,1,SWC_NM_096,d01fb7d7-aa75-445b-87b0-d6f9ca4f0749,,
eid,d080423e-4a43-4012-963d-5332b048396e,zapit,figure4_zapit_glmhmm,1,SWC_NM_086,d080423e-4a43-4012-963d-5332b048396e,,
eid,d0a1186d-cf12-42fb-9937-ae4036197f4a,zapit,,1,SWC_NM_081,d0a1186d-cf12-42fb-9937-ae4036197f4a,,
eid,d0bff1e3-acbd-480f-820d-01a2b802855d,zapit,figure4_zapit_glmhmm,1,SWC_NM_071,d0bff1e3-acbd-480f-820d-01a2b802855d,,
eid,d0d3ac54-9986-47c5-a76c-14085134afd9,opto_behavior,,1,SWC_NM_042,d0d3ac54-9986-47c5-a76c-14085134afd9,,
eid,d11b9fa2-3992-438c-a56d-4c926bd509a3,opto_behavior,figure1_snr_glmhmm;supp1_glmhmm_states;supp1_hemisphere_specific;supp1_snr_no_glmhmm,1,SWC_NM_103,d11b9fa2-3992-438c-a56d-4c926bd509a3,,
eid,d14f301c-2e12-4725-a4ee-d8185a039355,opto_behavior,figure3_vls_d1_glmhmm,1,SWC_NM_099,d14f301c-2e12-4725-a4ee-d8185a039355,,
eid,d1a66312-dad9-4951-8a9c-7497c3aaf69f,opto_behavior,,1,SWC_NM_018,d1a66312-dad9-4951-8a9c-7497c3aaf69f,,
eid,d1e4163e-2f90-4300-86ef-ef3bd08de130,zapit,figure4_zapit_glmhmm,1,SWC_NM_081,d1e4163e-2f90-4300-86ef-ef3bd08de130,,
eid,d20bfba3-383b-462a-bc2c-135806d9a486,zapit,,1,SWC_NM_072,d20bfba3-383b-462a-bc2c-135806d9a486,,
eid,d2283217-d659-4b45-a08a-e86556b65547,opto_behavior,figure1_zi_glmhmm,1,SWC_NM_111,d2283217-d659-4b45-a08a-e86556b65547,,
eid,d23014c6-ea5a-4cc9-98bc-70916879ce7f,opto_behavior,,1,SWC_NM_051,d23014c6-ea5a-4cc9-98bc-70916879ce7f,,
eid,d2a43b28-bf31-42b5-b472-d977b67d79a6,opto_behavior,supp1_hemisphere_specific,1,SWC_NM_096,d2a43b28-bf31-42b5-b472-d977b67d79a6,,
eid,d2c3c17a-af3b-42ce-b6ef-b6d1e639bc2f,opto_behavior,figure3_vls_d1_glmhmm,1,SWC_NM_099,d2c3c17a-af3b-42ce-b6ef-b6d1e639bc2f,,
eid,d2e1be73-5f46-4eb2-80b0-a1ca9ad19f8a,zapit,figure4_zapit_glmhmm,1,SWC_NM_082,d2e1be73-5f46-4eb2-80b0-a1ca9ad19f8a,,
eid,d2f085c3-0a84-48c6-88fa-e6b25bd89938,opto_behavior,figure3_stn_glmhmm,1,SWC_NM_024,d2f085c3-0a84-48c6-88fa-e6b25bd89938,,
eid,d31ef283-f862-43a6-a848-ebbe03ac62e7,opto_behavior,figure3_vls_d1_glmhmm,1,SWC_NM_100,d31ef283-f862-43a6-a848-ebbe03ac62e7,,
eid,d32cf403-2784-4cf2-8204-81113857bd07,opto_behavior,,1,SWC_NM_102,d32cf403-2784-4cf2-8204-81113857bd07,,
eid,d34ca07c-cff2-4884-afc0-78ff3d7a945c,opto_behavior,,1,SWC_NM_102,d34ca07c-cff2-4884-afc0-78ff3d7a945c,,
eid,d3542e8b-c171-4e20-bbaf-d6487785e9f5,opto_behavior,,1,SWC_NM_042,d3542e8b-c171-4e20-bbaf-d6487785e9f5,,
eid,d371049d-bebc-4488-ad8e-3f364d409fc9,opto_behavior,figure3_stn_glmhmm,1,SWC_NM_024,d371049d-bebc-4488-ad8e-3f364d409fc9,,
eid,d3a91403-7c69-4794-982c-8d4e6fe12ba4,opto_behavior,figure3_vls_d2_glmhmm,1,SWC_NM_089,d3a91403-7c69-4794-982c-8d4e6fe12ba4,,
eid,d4008fa7-9ed6-4658-ae1e-ca97fdd697aa,opto_behavior,figure3_vls_d1_glmhmm,1,SWC_NM_101,d4008fa7-9ed6-4658-ae1e-ca97fdd697aa,,
eid,d406c461-d724-4d4d-8861-65f33fc6a3b5,zapit,figure4_zapit_glmhmm,1,SWC_NM_058,d406c461-d724-4d4d-8861-65f33fc6a3b5,,
eid,d426b002-ff10-4861-a460-9518fc49834d,zapit,,1,SWC_NM_085,d426b002-ff10-4861-a460-9518fc49834d,,
eid,d4aa23cf-f18c-4d1c-a608-6e16cf381bcf,opto_behavior,,1,SWC_NM_110,d4aa23cf-f18c-4d1c-a608-6e16cf381bcf,,
eid,d5638791-f527-49e6-9776-78e9cb733900,zapit,figure4_zapit_glmhmm,1,SWC_NM_072,d5638791-f527-49e6-9776-78e9cb733900,,
eid,d57405c3-1e8b-406f-96f3-566d0b8ed5fd,opto_behavior,,1,SWC_NM_063,d57405c3-1e8b-406f-96f3-566d0b8ed5fd,,
eid,d58b338d-6315-4bc1-b3d3-7995908fa4ae,opto_behavior,figure3_vls_d2_glmhmm,1,SWC_NM_083,d58b338d-6315-4bc1-b3d3-7995908fa4ae,,
eid,d5b1e763-aef9-412d-ade0-db38692ce19b,opto_behavior,supp1_hemisphere_specific,1,SWC_NM_096,d5b1e763-aef9-412d-ade0-db38692ce19b,,
eid,d5b2ce58-65d4-42f3-841d-59358e386090,opto_behavior,figure3_vls_d1_glmhmm,1,SWC_NM_053,d5b2ce58-65d4-42f3-841d-59358e386090,,
eid,d5cb4a94-0e4b-44ea-aee9-8fd2f5a70dc2,opto_behavior,supp1_hemisphere_specific,1,SWC_NM_080,d5cb4a94-0e4b-44ea-aee9-8fd2f5a70dc2,,
eid,d5d8c0a2-18be-4531-aef4-88651b255d04,opto_behavior,figure3_vls_d2_glmhmm,1,SWC_NM_083,d5d8c0a2-18be-4531-aef4-88651b255d04,,
eid,d669ac0a-1411-4834-983c-9e5a2d6cf4a8,zapit,figure4_zapit_glmhmm,1,SWC_NM_091,d669ac0a-1411-4834-983c-9e5a2d6cf4a8,,
eid,d66bb33c-d59d-4ab4-827e-2e7550afa856,opto_behavior,figure3_vls_d1_glmhmm,1,SWC_NM_098,d66bb33c-d59d-4ab4-827e-2e7550afa856,,
eid,d70115ec-4589-4dbe-8ae8-2191c9b5af94,opto_behavior,,1,SWC_NM_010,d70115ec-4589-4dbe-8ae8-2191c9b5af94,,
eid,d71ec5e3-f257-47e2-8690-f943d13e0c13,opto_behavior,figure1_snr_glmhmm;supp1_glmhmm_states;supp1_hemisphere_specific;supp1_snr_no_glmhmm,1,SWC_NM_011,d71ec5e3-f257-47e2-8690-f943d13e0c13,,
eid,d75fefd9-4203-41a8-a3fc-33a1c031d90e,opto_behavior,figure1_zi_glmhmm;supp1_hemisphere_specific,2,SWC_NM_010;SWC_NM_012,d75fefd9-4203-41a8-a3fc-33a1c031d90e,,
eid,d7aff52b-60ea-4d6e-973b-fec5c2b3b4c4,zapit,figure4_zapit_glmhmm,1,SWC_NM_086,d7aff52b-60ea-4d6e-973b-fec5c2b3b4c4,,
eid,d7c26891-6275-4a30-9584-74d7fada6cd4,opto_behavior,figure3_vls_d1_glmhmm,1,SWC_NM_099,d7c26891-6275-4a30-9584-74d7fada6cd4,,
eid,d7eb6ed5-d623-40ef-a822-83e91b4cd0dc,opto_behavior,figure3_vls_d1_glmhmm,1,SWC_NM_098,d7eb6ed5-d623-40ef-a822-83e91b4cd0dc,,
eid,d81147d3-8198-4c71-8559-ea5aab2f358a,zapit,figure4_zapit_glmhmm,1,SWC_NM_086,d81147d3-8198-4c71-8559-ea5aab2f358a,,
eid,d8381daf-2ec2-4315-9191-e06a2dc79055,zapit,,1,SWC_NM_081,d8381daf-2ec2-4315-9191-e06a2dc79055,,
eid,d877c1d3-61a2-4eca-9daf-cf30600e6115,zapit,figure4_zapit_glmhmm,1,SWC_NM_071,d877c1d3-61a2-4eca-9daf-cf30600e6115,,
eid,d87971e3-1253-49ea-9574-8d094c782e29,opto_behavior,figure1_zi_glmhmm,1,SWC_NM_022,d87971e3-1253-49ea-9574-8d094c782e29,,
eid,d896a03e-2994-4676-bab7-e0bd1160fe9b,zapit,figure4_zapit_glmhmm,1,SWC_NM_085,d896a03e-2994-4676-bab7-e0bd1160fe9b,,
eid,d99a3f2a-b9da-42f2-851d-bf6cd57e752e,zapit,figure4_zapit_glmhmm,1,SWC_NM_057,d99a3f2a-b9da-42f2-851d-bf6cd57e752e,,
eid,d9ac52da-036b-405a-8280-c7a58a578786,opto_behavior,figure3_vls_d1_glmhmm,1,SWC_NM_099,d9ac52da-036b-405a-8280-c7a58a578786,,
eid,d9bb48d5-d886-499e-bd4a-203c5277f64f,opto_behavior,,1,SWC_NM_035,d9bb48d5-d886-499e-bd4a-203c5277f64f,,
eid,d9dab492-0243-4135-b6aa-09ddc92e2d77,opto_behavior,figure1_zi_glmhmm,1,SWC_NM_003,d9dab492-0243-4135-b6aa-09ddc92e2d77,,
eid,da0ccad4-33fb-45f5-be60-434789df1758,opto_behavior,,1,SWC_NM_035,da0ccad4-33fb-45f5-be60-434789df1758,,
eid,da48644d-6859-4838-8e2c-5435e5e83764,opto_behavior,,1,SWC_NM_037,da48644d-6859-4838-8e2c-5435e5e83764,,
eid,da601e9e-f2a5-4032-8b30-20f994e84487,opto_behavior,,1,SWC_NM_049,da601e9e-f2a5-4032-8b30-20f994e84487,,
eid,da723670-99ce-4baf-9f1d-6d008a29b1ac,opto_behavior,,1,SWC_NM_102,da723670-99ce-4baf-9f1d-6d008a29b1ac,,
eid,da8e7231-8ceb-4efa-a3e1-3e3838b420b6,opto_behavior,,1,SWC_NM_063,da8e7231-8ceb-4efa-a3e1-3e3838b420b6,,
eid,daa5c24d-5eb4-4c10-ab93-a8d8a46b6ffa,opto_behavior,,1,SWC_NM_106,daa5c24d-5eb4-4c10-ab93-a8d8a46b6ffa,,
eid,dacbc9a8-3cf0-4c82-a67f-f1e6baee2aa3,opto_behavior,,1,SWC_NM_049,dacbc9a8-3cf0-4c82-a67f-f1e6baee2aa3,,
eid,db759891-2760-48fa-98d8-00f53dccb8d1,opto_behavior,,1,SWC_NM_024,db759891-2760-48fa-98d8-00f53dccb8d1,,
eid,dc247ecb-001d-4efa-9a52-4a331f9551bc,zapit,,1,SWC_NM_085,dc247ecb-001d-4efa-9a52-4a331f9551bc,,
eid,dc38e69a-e451-450a-bae3-0a085571810b,opto_behavior,,1,SWC_NM_102,dc38e69a-e451-450a-bae3-0a085571810b,,
eid,dc6ac32b-7600-44a3-94b0-eb41d6d3fc32,opto_behavior,,1,SWC_NM_110,dc6ac32b-7600-44a3-94b0-eb41d6d3fc32,,
eid,dcb443ef-f59f-4a46-9f5b-9b8ed5ac4e8a,opto_behavior,,1,SWC_NM_102,dcb443ef-f59f-4a46-9f5b-9b8ed5ac4e8a,,
eid,dcf05b87-72c8-46a4-ad1b-b2dbb5909f5e,zapit,figure4_zapit_glmhmm,1,SWC_NM_085,dcf05b87-72c8-46a4-ad1b-b2dbb5909f5e,,
eid,dd0dd584-3b33-4560-8a53-ce2b4264350f,opto_behavior,figure3_vls_d1_glmhmm,1,SWC_NM_100,dd0dd584-3b33-4560-8a53-ce2b4264350f,,
eid,dd64e7e8-eee5-4a68-9799-b776527e3137,opto_behavior,supp1_hemisphere_specific,1,SWC_NM_018,dd64e7e8-eee5-4a68-9799-b776527e3137,,
eid,dd738cd2-b0b9-4305-ad59-d15a1e3f8d34,opto_behavior,,1,SWC_NM_106,dd738cd2-b0b9-4305-ad59-d15a1e3f8d34,,
eid,de807e1b-664e-48a2-925a-315e8bdeb90f,opto_behavior,figure3_vls_d2_glmhmm,1,SWC_NM_107,de807e1b-664e-48a2-925a-315e8bdeb90f,,
eid,ded6f278-2a54-41c3-8124-3962e8cd2683,zapit,figure4_zapit_glmhmm,1,SWC_NM_086,ded6f278-2a54-41c3-8124-3962e8cd2683,,
eid,df18fbc5-1306-4baf-b463-6252137f7e90,opto_behavior,figure1_snr_glmhmm;supp1_glmhmm_states;supp1_hemisphere_specific;supp1_snr_no_glmhmm,1,SWC_NM_096,df18fbc5-1306-4baf-b463-6252137f7e90,,
eid,df35f035-6e52-4c9d-b492-d5026f4ff946,zapit,figure4_zapit_glmhmm,1,SWC_NM_081,df35f035-6e52-4c9d-b492-d5026f4ff946,,
eid,e00d2e52-ec50-4f96-b97e-bff436c5d169,opto_behavior,figure3_vls_d2_glmhmm,1,SWC_NM_087,e00d2e52-ec50-4f96-b97e-bff436c5d169,,
eid,e012f6c9-4a7e-40c4-9174-8fcbddd2b21c,opto_behavior,figure3_vls_d2_glmhmm,1,SWC_NM_065,e012f6c9-4a7e-40c4-9174-8fcbddd2b21c,,
eid,e03b2c10-8791-4074-8a4e-a65db5a5ea10,zapit,figure4_zapit_glmhmm,1,SWC_NM_086,e03b2c10-8791-4074-8a4e-a65db5a5ea10,,
eid,e059b876-c4ef-4a6b-aa1e-6ffc496ed9fc,opto_behavior,supp1_hemisphere_specific,1,SWC_NM_018,e059b876-c4ef-4a6b-aa1e-6ffc496ed9fc,,
eid,e0638e3d-00ca-4338-88ce-8703b1bf779e,opto_behavior,figure3_vls_d2_glmhmm,1,SWC_NM_065,e0638e3d-00ca-4338-88ce-8703b1bf779e,,
eid,e06c7556-0586-448f-94f7-f735e9e5a72e,zapit,figure4_zapit_glmhmm,1,SWC_NM_081,e06c7556-0586-448f-94f7-f735e9e5a72e,,
eid,e0913c11-ad2e-4fb9-a2ab-70f041fc624c,zapit,figure4_zapit_glmhmm,1,SWC_NM_058,e0913c11-ad2e-4fb9-a2ab-70f041fc624c,,
eid,e098791a-305b-4338-9f3f-562a89948603,opto_behavior,supp1_hemisphere_specific,1,SWC_NM_004,e098791a-305b-4338-9f3f-562a89948603,,
eid,e107d121-c253-4e12-9150-e22f4877bd94,zapit,figure4_zapit_glmhmm,1,SWC_NM_086,e107d121-c253-4e12-9150-e22f4877bd94,,
eid,e170ea22-f828-4435-99e9-36220d050c4c,opto_behavior,figure3_vls_d1_glmhmm,1,SWC_NM_053,e170ea22-f828-4435-99e9-36220d050c4c,,
eid,e1bcd040-be3e-4b42-ae53-5519e72c1138,zapit,figure4_zapit_glmhmm,1,SWC_NM_081,e1bcd040-be3e-4b42-ae53-5519e72c1138,,
eid,e210f059-1b3a-492d-bb1e-af41da8bb617,opto_behavior,,1,SWC_NM_104,e210f059-1b3a-492d-bb1e-af41da8bb617,,
eid,e27b3878-2914-416f-99dd-9d4a46d58b8a,zapit,figure4_zapit_glmhmm,1,SWC_NM_085,e27b3878-2914-416f-99dd-9d4a46d58b8a,,
eid,e27df933-fddd-4446-b621-6b3c6fee652d,zapit,figure4_zapit_glmhmm,1,SWC_NM_072,e27df933-fddd-4446-b621-6b3c6fee652d,,
eid,e2a4db4a-352f-49a2-80bf-3e5dc3e81fe9,zapit,figure4_zapit_glmhmm,1,SWC_NM_058,e2a4db4a-352f-49a2-80bf-3e5dc3e81fe9,,
eid,e2b73d55-9939-477e-9b1f-790737aae7f0,opto_behavior,figure3_vls_d2_glmhmm,1,SWC_NM_087,e2b73d55-9939-477e-9b1f-790737aae7f0,,
eid,e44f1809-9e17-4def-9a78-b8b8988432fa,zapit,figure4_zapit_glmhmm,1,SWC_NM_081,e44f1809-9e17-4def-9a78-b8b8988432fa,,
eid,e458efaa-2569-4cc5-a59e-acbba79568dc,zapit,figure4_zapit_glmhmm,1,SWC_NM_082,e458efaa-2569-4cc5-a59e-acbba79568dc,,
eid,e4786276-0cb8-45fa-97cb-182658596d3f,opto_behavior,,1,SWC_NM_037,e4786276-0cb8-45fa-97cb-182658596d3f,,
eid,e49d896c-e724-4966-98d9-6bfd9691a70f,opto_behavior,,1,SWC_NM_035,e49d896c-e724-4966-98d9-6bfd9691a70f,,
eid,e4a51dfa-b784-4ade-b60a-aecfd36df014,zapit,figure4_zapit_glmhmm,1,SWC_NM_090,e4a51dfa-b784-4ade-b60a-aecfd36df014,,
eid,e4c5fadc-e7d9-4e03-b772-6980109ba5f3,zapit,,1,SWC_NM_085,e4c5fadc-e7d9-4e03-b772-6980109ba5f3,,
eid,e4e7afa9-47dd-4e3c-9053-d8601ead8eb1,zapit,figure4_zapit_glmhmm,1,SWC_NM_072,e4e7afa9-47dd-4e3c-9053-d8601ead8eb1,,
eid,e56d0d56-00ac-4cba-8ea5-3429632d87d4,opto_behavior,,1,SWC_NM_035,e56d0d56-00ac-4cba-8ea5-3429632d87d4,,
eid,e5f0eb8c-bfb5-416e-a070-ec13b37c60e4,zapit,figure4_zapit_glmhmm,1,SWC_NM_081,e5f0eb8c-bfb5-416e-a070-ec13b37c60e4,,
eid,e5ff91b5-4338-4ed9-8472-3c06deb4d416,opto_behavior,,1,SWC_NM_065,e5ff91b5-4338-4ed9-8472-3c06deb4d416,,
eid,e605fa1b-14c9-45be-9d46-2c8b9f92d2ea,zapit,,1,SWC_NM_071,e605fa1b-14c9-45be-9d46-2c8b9f92d2ea,,
eid,e6542b28-ffea-4607-b1a2-95162bb26919,opto_behavior,,1,SWC_NM_063,e6542b28-ffea-4607-b1a2-95162bb26919,,
eid,e6854350-cc03-49e8-9c7e-8f5e13c4c757,opto_behavior,figure3_vls_d2_glmhmm,1,SWC_NM_065,e6854350-cc03-49e8-9c7e-8f5e13c4c757,,
eid,e6cd3aaa-fb33-460d-8e18-34aab15df855,opto_behavior,,1,SWC_NM_113,e6cd3aaa-fb33-460d-8e18-34aab15df855,,
eid,e6e132f5-7a94-4ddb-ba7b-3763e2aafb95,opto_behavior,supp1_hemisphere_specific,1,SWC_NM_103,e6e132f5-7a94-4ddb-ba7b-3763e2aafb95,,
eid,e70717a2-406b-4e80-8115-5bd8ef849bc1,opto_behavior,,1,SWC_NM_049,e70717a2-406b-4e80-8115-5bd8ef849bc1,,
eid,e70af17a-00c3-4549-979d-c06bfb1deb21,zapit,figure4_zapit_glmhmm,1,SWC_NM_057,e70af17a-00c3-4549-979d-c06bfb1deb21,,
eid,e71f9e0f-d334-49b2-840e-fb1e5081b56a,zapit,,1,SWC_NM_072,e71f9e0f-d334-49b2-840e-fb1e5081b56a,,
eid,e7560128-50ef-4c3d-8cac-c5988e1e68c5,zapit,figure4_zapit_glmhmm,1,SWC_NM_086,e7560128-50ef-4c3d-8cac-c5988e1e68c5,,
eid,e7ab04b3-cb02-4e5e-a54a-c5119e3105bb,zapit,figure4_zapit_glmhmm,1,SWC_NM_085,e7ab04b3-cb02-4e5e-a54a-c5119e3105bb,,
eid,e7c55eb5-70d2-47ed-be6c-1eb04d024dd6,zapit,figure4_zapit_glmhmm,1,SWC_NM_082,e7c55eb5-70d2-47ed-be6c-1eb04d024dd6,,
eid,e7c61b0e-b713-480f-8acc-0f480620f895,opto_behavior,,1,SWC_NM_042,e7c61b0e-b713-480f-8acc-0f480620f895,,
eid,e7dee8c0-4fd4-4c36-bca8-48eb22ddd58d,opto_behavior,figure3_vls_d2_glmhmm,1,SWC_NM_083,e7dee8c0-4fd4-4c36-bca8-48eb22ddd58d,,
eid,e7ff6f1a-ad1f-4a0b-b54c-584c3c3921c0,opto_behavior,figure3_vls_d1_glmhmm,1,SWC_NM_101,e7ff6f1a-ad1f-4a0b-b54c-584c3c3921c0,,
eid,e801d9af-7d38-46f8-87ca-cb4c89f25d6d,opto_behavior,,1,SWC_NM_093,e801d9af-7d38-46f8-87ca-cb4c89f25d6d,,
eid,e8448c2f-d2e3-48e2-bed0-407815bba120,zapit,figure4_zapit_glmhmm,1,SWC_NM_072,e8448c2f-d2e3-48e2-bed0-407815bba120,,
eid,e85e64c7-6831-4c90-9418-eeae073838ce,opto_behavior,,1,SWC_NM_110,e85e64c7-6831-4c90-9418-eeae073838ce,,
eid,e8933f87-c00d-4e84-811b-38459b8b36ca,opto_behavior,figure3_stn_glmhmm,1,SWC_NM_024,e8933f87-c00d-4e84-811b-38459b8b36ca,,
eid,e8db73ec-eff4-4704-a81b-ecbd00c5daf0,opto_behavior,,1,SWC_NM_025,e8db73ec-eff4-4704-a81b-ecbd00c5daf0,,
eid,e90552b8-a0d1-455e-92b4-d2dcc4e9d39d,opto_behavior,figure3_vls_d2_glmhmm,1,SWC_NM_087,e90552b8-a0d1-455e-92b4-d2dcc4e9d39d,,
eid,e9af32db-f649-4a82-bb3e-032038e719a9,opto_behavior,,1,SWC_NM_111,e9af32db-f649-4a82-bb3e-032038e719a9,,
eid,e9bae280-d294-4310-af89-b1a98da5cc8e,opto_behavior,,2,SWC_NM_037,e9bae280-d294-4310-af89-b1a98da5cc8e,,
eid,e9f298e0-744e-4d7f-b042-7a02ff524838,zapit,figure4_zapit_glmhmm,1,SWC_NM_071,e9f298e0-744e-4d7f-b042-7a02ff524838,,
eid,ea066425-3994-4182-98e8-e78ff08b5d5e,zapit,figure4_zapit_glmhmm,1,SWC_NM_082,ea066425-3994-4182-98e8-e78ff08b5d5e,,
eid,ea0eb232-5d95-4702-888d-b014c96419a2,opto_behavior,figure3_vls_d1_glmhmm,1,SWC_NM_053,ea0eb232-5d95-4702-888d-b014c96419a2,,
eid,ea556218-d0a8-454b-a835-459edb0e71cb,opto_behavior,figure1_zi_glmhmm,1,SWC_NM_111,ea556218-d0a8-454b-a835-459edb0e71cb,,
eid,ea769a04-61bb-464d-9e70-0bca05697ce1,zapit,figure4_zapit_glmhmm,1,SWC_NM_085,ea769a04-61bb-464d-9e70-0bca05697ce1,,
eid,ea8060a6-d0be-4ead-a0e8-589172299419,opto_behavior,figure1_zi_glmhmm,1,SWC_NM_111,ea8060a6-d0be-4ead-a0e8-589172299419,,
eid,ea9f947a-e166-4fdf-863e-781e37c19234,opto_behavior,,1,SWC_NM_022,ea9f947a-e166-4fdf-863e-781e37c19234,,
eid,eab374d8-c1e4-4e4b-9391-5c1b42b02e5e,opto_behavior,,1,SWC_NM_022,eab374d8-c1e4-4e4b-9391-5c1b42b02e5e,,
eid,eab4dda8-d7b5-4122-9137-369311730ddb,zapit,figure4_zapit_glmhmm,1,SWC_NM_072,eab4dda8-d7b5-4122-9137-369311730ddb,,
eid,eab9579c-9830-4dbd-88df-1ef0baea22bf,zapit,figure4_zapit_glmhmm,1,SWC_NM_086,eab9579c-9830-4dbd-88df-1ef0baea22bf,,
eid,eac9db5e-9fa7-4f5b-9bf6-ed3ef19f1e0b,opto_behavior,figure1_snr_glmhmm;supp1_glmhmm_states;supp1_hemisphere_specific;supp1_snr_no_glmhmm,1,SWC_NM_113,eac9db5e-9fa7-4f5b-9bf6-ed3ef19f1e0b,,
eid,eb15155d-61c3-4cf1-b999-eb2bf33a2bcf,opto_behavior,figure1_zi_glmhmm,1,SWC_NM_111,eb15155d-61c3-4cf1-b999-eb2bf33a2bcf,,
eid,ebb2a978-25a2-41bf-92d9-9af021c52b33,opto_behavior,figure1_snr_glmhmm;supp1_glmhmm_states;supp1_hemisphere_specific;supp1_snr_no_glmhmm,1,SWC_NM_113,ebb2a978-25a2-41bf-92d9-9af021c52b33,,
eid,ebfd7f0d-92f7-4a6d-800e-a2586c8d8237,opto_behavior,figure3_vls_d2_glmhmm,1,SWC_NM_083,ebfd7f0d-92f7-4a6d-800e-a2586c8d8237,,
eid,ec790553-d67b-4b25-97ad-4040254457e8,zapit,figure4_zapit_glmhmm,1,SWC_NM_081,ec790553-d67b-4b25-97ad-4040254457e8,,
eid,ecbc6cfb-a420-4025-bc8c-9059b8505999,zapit,figure4_zapit_glmhmm,1,SWC_NM_071,ecbc6cfb-a420-4025-bc8c-9059b8505999,,
eid,ed27c5bf-7b72-40de-9167-a74eac48a4c8,opto_behavior,figure1_snr_glmhmm;supp1_glmhmm_states;supp1_hemisphere_specific;supp1_snr_no_glmhmm,1,SWC_NM_008,ed27c5bf-7b72-40de-9167-a74eac48a4c8,,
eid,ed55c4ec-20cd-42b9-8a41-efa0cfc28484,opto_behavior,figure3_vls_d2_glmhmm,1,SWC_NM_089,ed55c4ec-20cd-42b9-8a41-efa0cfc28484,,
eid,ed7f9aa6-cbb6-4fb0-a96e-b8689c4d8cea,opto_behavior,figure3_vls_d2_glmhmm,1,SWC_NM_065,ed7f9aa6-cbb6-4fb0-a96e-b8689c4d8cea,,
eid,edcaf465-4d4e-4d0d-86a0-aec5733ccd13,opto_behavior,,1,SWC_NM_004,edcaf465-4d4e-4d0d-86a0-aec5733ccd13,,
eid,ee1d1d58-45e8-48ec-a135-aea27fc9a9d8,zapit,,1,SWC_NM_072,ee1d1d58-45e8-48ec-a135-aea27fc9a9d8,,
eid,ee207cfd-ec3e-4339-b528-b9c4cbcf5e05,opto_behavior,,1,SWC_NM_096,ee207cfd-ec3e-4339-b528-b9c4cbcf5e05,,
eid,ee2da30b-68e7-406c-b4b3-b1ce245ca514,opto_behavior,figure1_snr_glmhmm;supp1_glmhmm_states;supp1_hemisphere_specific;supp1_snr_no_glmhmm,1,SWC_NM_103,ee2da30b-68e7-406c-b4b3-b1ce245ca514,,
eid,ee50646a-58fb-4f36-8add-6ed74657e5b4,opto_behavior,figure3_vls_d2_glmhmm,1,SWC_NM_087,ee50646a-58fb-4f36-8add-6ed74657e5b4,,
eid,eebdc207-19cc-48c4-8fa8-1262cae5ad8a,opto_behavior,figure3_vls_d1_glmhmm,1,SWC_NM_105,eebdc207-19cc-48c4-8fa8-1262cae5ad8a,,
eid,eee1e6d6-4ab7-4a17-860e-209f1cf2ca31,opto_behavior,,1,SWC_NM_043,eee1e6d6-4ab7-4a17-860e-209f1cf2ca31,,
eid,ef21ee63-faab-449b-a04d-9d042b84c241,opto_behavior,,1,SWC_NM_063,ef21ee63-faab-449b-a04d-9d042b84c241,,
eid,ef541b2e-e60a-4c92-9953-afdc7c642659,opto_behavior,supp1_hemisphere_specific,1,SWC_NM_096,ef541b2e-e60a-4c92-9953-afdc7c642659,,
eid,ef77efd8-d1ba-4904-ad7b-565e1425198b,opto_behavior,figure3_vls_d1_glmhmm,1,SWC_NM_053,ef77efd8-d1ba-4904-ad7b-565e1425198b,,
eid,ef962323-9464-483f-992c-6a3de096a963,opto_behavior,figure1_snr_glmhmm;supp1_glmhmm_states;supp1_hemisphere_specific;supp1_snr_no_glmhmm,1,SWC_NM_012,ef962323-9464-483f-992c-6a3de096a963,,
eid,ef9ea8b9-521f-4c0c-a74e-c797da71c5c4,opto_behavior,figure3_vls_d1_glmhmm,1,SWC_NM_099,ef9ea8b9-521f-4c0c-a74e-c797da71c5c4,,
eid,efeef8a4-af69-44ef-9cfa-44c91ab67926,opto_behavior,supp1_hemisphere_specific,2,SWC_NM_016,efeef8a4-af69-44ef-9cfa-44c91ab67926,,
eid,f00a07ca-c5bb-4cb8-a5ca-af72504fa944,opto_behavior,figure3_vls_d2_glmhmm,1,SWC_NM_089,f00a07ca-c5bb-4cb8-a5ca-af72504fa944,,
eid,f0147d1f-c8e3-4916-a1c5-5b369dc437b9,opto_behavior,figure3_vls_d2_glmhmm,1,SWC_NM_083,f0147d1f-c8e3-4916-a1c5-5b369dc437b9,,
eid,f0780250-d261-4337-b736-303658a7848a,opto_behavior,supp1_hemisphere_specific,1,SWC_NM_011,f0780250-d261-4337-b736-303658a7848a,,
eid,f086452c-a5b8-41db-b0b8-e424f562422c,opto_behavior,,1,SWC_NM_102,f086452c-a5b8-41db-b0b8-e424f562422c,,
eid,f10a88fa-467c-462d-8be1-cf062d6b9a4f,zapit,figure4_zapit_glmhmm,1,SWC_NM_071,f10a88fa-467c-462d-8be1-cf062d6b9a4f,,
eid,f11bbc0e-d84b-44cd-b926-bc9643f6b4fa,opto_behavior,figure3_vls_d2_glmhmm,1,SWC_NM_083,f11bbc0e-d84b-44cd-b926-bc9643f6b4fa,,
eid,f18559d5-cc43-4643-aa1b-e6c829b33840,opto_behavior,figure3_stn_glmhmm,1,SWC_NM_026,f18559d5-cc43-4643-aa1b-e6c829b33840,,
eid,f19252da-1ba6-49fd-ad2f-9a759712d747,opto_behavior,,1,SWC_NM_111,f19252da-1ba6-49fd-ad2f-9a759712d747,,
eid,f1a212b9-e6c0-4dc2-bd9c-5c27c3b42c18,zapit,,1,SWC_NM_071,f1a212b9-e6c0-4dc2-bd9c-5c27c3b42c18,,
eid,f1e2b348-cdb5-4c0d-9ad2-41f16e47ec0a,opto_behavior,supp1_hemisphere_specific,1,SWC_NM_113,f1e2b348-cdb5-4c0d-9ad2-41f16e47ec0a,,
eid,f2ac3a6e-2744-43f2-9c06-25d3c667bc77,opto_behavior,,1,SWC_NM_104,f2ac3a6e-2744-43f2-9c06-25d3c667bc77,,
eid,f2d64f81-1f89-46d9-9e84-f7aa2613bf96,zapit,,1,SWC_NM_057,f2d64f81-1f89-46d9-9e84-f7aa2613bf96,,
eid,f34139fc-421e-45f3-9edf-33c2df9abdef,opto_behavior,figure3_vls_d1_glmhmm,1,SWC_NM_073,f34139fc-421e-45f3-9edf-33c2df9abdef,,
eid,f3818e1f-51c4-477e-bbea-783f77f84843,zapit,,1,SWC_NM_071,f3818e1f-51c4-477e-bbea-783f77f84843,,
eid,f3eff6d6-953f-4ed3-8653-4535bd489e7a,opto_behavior,figure3_vls_d1_glmhmm,1,SWC_NM_105,f3eff6d6-953f-4ed3-8653-4535bd489e7a,,
eid,f3fd97dd-135a-49fc-a8cd-b114efe3a238,zapit,,1,SWC_NM_086,f3fd97dd-135a-49fc-a8cd-b114efe3a238,,
eid,f453dd8b-8edc-4885-af0b-e9b92a3b8703,opto_behavior,figure3_stn_glmhmm,2,SWC_NM_025,f453dd8b-8edc-4885-af0b-e9b92a3b8703,,
eid,f48f1c90-056f-471c-be3e-98c61763ece2,zapit,figure4_zapit_glmhmm,1,SWC_NM_086,f48f1c90-056f-471c-be3e-98c61763ece2,,
eid,f4d0076a-d9ef-4952-92ec-0ec92936fda1,opto_behavior,,1,SWC_NM_026,f4d0076a-d9ef-4952-92ec-0ec92936fda1,,
eid,f4fb120a-dbad-48ff-a9e3-680944aaa79f,opto_behavior,figure3_vls_d2_glmhmm,1,SWC_NM_083,f4fb120a-dbad-48ff-a9e3-680944aaa79f,,
eid,f50db341-bb52-4bb5-959a-4ae1679584cd,opto_behavior,,1,SWC_NM_049,f50db341-bb52-4bb5-959a-4ae1679584cd,,
eid,f51ef757-6a15-43bb-b7cf-d6fd6561d61e,zapit,,1,SWC_NM_057,f51ef757-6a15-43bb-b7cf-d6fd6561d61e,,
eid,f52e81b7-8db6-4369-a044-26b68a3f8c91,opto_behavior,supp1_hemisphere_specific,1,SWC_NM_113,f52e81b7-8db6-4369-a044-26b68a3f8c91,,
eid,f59be80a-b2ef-4d3f-98fc-daf1920a6f68,zapit,figure4_zapit_glmhmm,1,SWC_NM_081,f59be80a-b2ef-4d3f-98fc-daf1920a6f68,,
eid,f60ded91-33c9-4da9-b29c-dbaeffe5bed2,opto_behavior,figure1_zi_glmhmm,1,SWC_NM_111,f60ded91-33c9-4da9-b29c-dbaeffe5bed2,,
eid,f61bf717-0b44-44d5-a0da-52531d397200,opto_behavior,,1,SWC_NM_102,f61bf717-0b44-44d5-a0da-52531d397200,,
eid,f62bbff2-a1c6-4646-9306-454f1c5b07a9,opto_behavior,figure3_stn_glmhmm,1,SWC_NM_024,f62bbff2-a1c6-4646-9306-454f1c5b07a9,,
eid,f62fcab4-878d-4dc1-8f6f-38bb917ce6cd,opto_behavior,figure3_vls_d1_glmhmm,1,SWC_NM_099,f62fcab4-878d-4dc1-8f6f-38bb917ce6cd,,
eid,f6864aef-e9e9-4eca-b9cd-143f73886a4b,zapit,figure4_zapit_glmhmm,1,SWC_NM_082,f6864aef-e9e9-4eca-b9cd-143f73886a4b,,
eid,f68a32ec-baaf-4816-b633-c3a1bf80b4e1,zapit,figure4_zapit_glmhmm,1,SWC_NM_081,f68a32ec-baaf-4816-b633-c3a1bf80b4e1,,
eid,f706374b-a294-4c88-9225-71ea79b31398,opto_behavior,,1,SWC_NM_106,f706374b-a294-4c88-9225-71ea79b31398,,
eid,f75cbd34-48fe-4c3f-b76e-af2b678580da,opto_behavior,,1,SWC_NM_104,f75cbd34-48fe-4c3f-b76e-af2b678580da,,
eid,f78cbd4c-4a96-4da4-b2fd-b8d140150841,opto_behavior,supp1_hemisphere_specific,1,SWC_NM_004,f78cbd4c-4a96-4da4-b2fd-b8d140150841,,
eid,f7f95217-287e-436b-9df4-9f6945b0e7ca,opto_behavior,,1,SWC_NM_049,f7f95217-287e-436b-9df4-9f6945b0e7ca,,
eid,f84bc6b7-d419-4c5c-afdb-cb7cf0847ef2,zapit,,1,SWC_NM_081,f84bc6b7-d419-4c5c-afdb-cb7cf0847ef2,,
eid,f87cebbf-d8cf-4938-9658-582d5201e932,zapit,figure4_zapit_glmhmm,1,SWC_NM_081,f87cebbf-d8cf-4938-9658-582d5201e932,,
eid,f88fc8aa-b95b-4b28-94e7-4da50689a1cf,zapit,figure4_zapit_glmhmm,1,SWC_NM_071,f88fc8aa-b95b-4b28-94e7-4da50689a1cf,,
eid,f89442d6-da7c-4731-b88a-f264f6d1934b,opto_behavior,supp1_hemisphere_specific,1,SWC_NM_113,f89442d6-da7c-4731-b88a-f264f6d1934b,,
eid,f89a3596-d30b-4380-808b-fc54155fb4c0,opto_behavior,,1,SWC_NM_102,f89a3596-d30b-4380-808b-fc54155fb4c0,,
eid,f8a05df6-1b8c-4db5-acbf-1a594c5cf459,opto_behavior,figure3_vls_d1_glmhmm,1,SWC_NM_073,f8a05df6-1b8c-4db5-acbf-1a594c5cf459,,
eid,f8cb9ec4-9712-4514-a5e2-0ddcaac963e2,opto_behavior,,1,SWC_NM_063,f8cb9ec4-9712-4514-a5e2-0ddcaac963e2,,
eid,f97c3110-b38d-4b44-bd77-885061a741e1,opto_behavior,,1,SWC_NM_065,f97c3110-b38d-4b44-bd77-885061a741e1,,
eid,f99a7ba5-5afa-418e-ba4c-a8819d39a528,zapit,figure4_zapit_glmhmm,1,SWC_NM_086,f99a7ba5-5afa-418e-ba4c-a8819d39a528,,
eid,fa1adb19-64a2-487a-8460-20899c15a12b,opto_behavior,figure3_vls_d1_glmhmm,1,SWC_NM_098,fa1adb19-64a2-487a-8460-20899c15a12b,,
eid,fa418725-acfd-4853-975d-66041008affa,opto_behavior,,1,SWC_NM_036,fa418725-acfd-4853-975d-66041008affa,,
eid,fa9315db-a903-4ab2-9317-e092ef98cd83,zapit,figure4_zapit_glmhmm,1,SWC_NM_082,fa9315db-a903-4ab2-9317-e092ef98cd83,,
eid,faa36bc9-3f24-4aad-b770-867d3bc04db9,opto_behavior,figure3_vls_d2_glmhmm,1,SWC_NM_083,faa36bc9-3f24-4aad-b770-867d3bc04db9,,
eid,fadf5c7f-d450-45ac-8ca8-01ae773232d4,zapit,figure4_zapit_glmhmm,1,SWC_NM_081,fadf5c7f-d450-45ac-8ca8-01ae773232d4,,
eid,fb17bd2f-3300-4c36-8071-f5b573b6b627,opto_behavior,figure3_vls_d2_glmhmm,1,SWC_NM_083,fb17bd2f-3300-4c36-8071-f5b573b6b627,,
eid,fb1cc70a-75ba-4cad-82a1-ab8cc7729592,zapit,figure4_zapit_glmhmm,1,SWC_NM_086,fb1cc70a-75ba-4cad-82a1-ab8cc7729592,,
eid,fb6ad2c6-3a78-4763-bb40-40f6c959964d,zapit,,1,SWC_NM_085,fb6ad2c6-3a78-4763-bb40-40f6c959964d,,
eid,fb97795b-8960-42fd-98c0-52e862fe1970,opto_behavior,supp1_hemisphere_specific,1,SWC_NM_113,fb97795b-8960-42fd-98c0-52e862fe1970,,
eid,fbb48e96-3e51-4ddd-bdfb-a6593bd933fb,opto_behavior,figure3_vls_d1_glmhmm,1,SWC_NM_099,fbb48e96-3e51-4ddd-bdfb-a6593bd933fb,,
eid,fc1ddebd-3365-4301-bb94-538b7f33d3c4,zapit,,1,SWC_NM_085,fc1ddebd-3365-4301-bb94-538b7f33d3c4,,
eid,fc33d0eb-fc57-44c1-a58a-42dfb86a6e44,zapit,figure4_zapit_glmhmm,1,SWC_NM_086,fc33d0eb-fc57-44c1-a58a-42dfb86a6e44,,
eid,fc4787ef-8e61-45d6-afee-d87ce5f1dca1,zapit,figure4_zapit_glmhmm,1,SWC_NM_091,fc4787ef-8e61-45d6-afee-d87ce5f1dca1,,
eid,fc9d905c-d474-40d0-ae3a-bc4b062a1881,zapit,figure4_zapit_glmhmm,1,SWC_NM_072,fc9d905c-d474-40d0-ae3a-bc4b062a1881,,
eid,fccf8f8d-d8de-4fb5-8021-8c451ac26d61,zapit,,1,SWC_NM_085,fccf8f8d-d8de-4fb5-8021-8c451ac26d61,,
eid,fcf436ec-3081-4022-8f7d-59fce5739b46,opto_behavior,figure1_snr_glmhmm;supp1_glmhmm_states;supp1_hemisphere_specific;supp1_snr_no_glmhmm,1,SWC_NM_096,fcf436ec-3081-4022-8f7d-59fce5739b46,,
eid,fcf963e1-b4a1-42c0-8900-16a0b3db55fe,opto_behavior,figure1_zi_glmhmm,1,SWC_NM_104,fcf963e1-b4a1-42c0-8900-16a0b3db55fe,,
eid,fcfad6a4-e7fb-4daa-9d86-336c80a6e4b6,opto_behavior,,1,SWC_NM_110,fcfad6a4-e7fb-4daa-9d86-336c80a6e4b6,,
eid,fd5fee5c-9acf-4f31-87ba-8dea806d6a66,zapit,figure4_zapit_glmhmm,1,SWC_NM_086,fd5fee5c-9acf-4f31-87ba-8dea806d6a66,,
eid,fd73354c-65cc-4552-a736-b5ebc47a7552,opto_behavior,supp1_hemisphere_specific,1,SWC_NM_113,fd73354c-65cc-4552-a736-b5ebc47a7552,,
eid,fd79f350-78f1-403e-ba83-2a3233ae47a5,zapit,figure4_zapit_glmhmm,1,SWC_NM_081,fd79f350-78f1-403e-ba83-2a3233ae47a5,,
eid,fda81aa1-f820-42cb-9fe2-dc71d20d46dc,zapit,figure4_zapit_glmhmm,1,SWC_NM_086,fda81aa1-f820-42cb-9fe2-dc71d20d46dc,,
eid,fdd83585-f74e-44c7-b7aa-876b2d358daa,zapit,,1,SWC_NM_082,fdd83585-f74e-44c7-b7aa-876b2d358daa,,
eid,fddf4805-46fe-482c-ae12-b0a717f0d6a8,opto_behavior,supp1_hemisphere_specific,1,SWC_NM_011,fddf4805-46fe-482c-ae12-b0a717f0d6a8,,
eid,fe256f84-06ea-4c04-9548-50a77a2cda2c,opto_behavior,supp1_hemisphere_specific,1,SWC_NM_103,fe256f84-06ea-4c04-9548-50a77a2cda2c,,
eid,fe425c29-1821-4511-ab25-796094608c70,zapit,figure4_zapit_glmhmm,1,SWC_NM_086,fe425c29-1821-4511-ab25-796094608c70,,
eid,fe7fd83e-4ab4-4261-9486-0b6ae4d9f106,opto_behavior,figure3_vls_d1_glmhmm,1,SWC_NM_073,fe7fd83e-4ab4-4261-9486-0b6ae4d9f106,,
eid,fefde89c-53d2-4ed0-b5d6-7c2f05b55767,opto_behavior,,1,SWC_NM_011,fefde89c-53d2-4ed0-b5d6-7c2f05b55767,,
eid,ff3955ec-e7d1-4a50-bfa6-95ea6c7eb4fb,opto_behavior,figure3_vls_d2_glmhmm,1,SWC_NM_065,ff3955ec-e7d1-4a50-bfa6-95ea6c7eb4fb,,
eid,ff4df649-1c27-4102-bbd0-7e13a9d674e7,opto_behavior,figure3_vls_d2_glmhmm,1,SWC_NM_087,ff4df649-1c27-4102-bbd0-7e13a9d674e7,,
eid,ff54300e-0061-4ab3-9bee-b56a54d71376,opto_behavior,supp1_hemisphere_specific,1,SWC_NM_012,ff54300e-0061-4ab3-9bee-b56a54d71376,,
eid,ff6d16d7-b6b3-461a-b688-494a717c3d7d,opto_behavior,figure3_vls_d1_glmhmm,1,SWC_NM_101,ff6d16d7-b6b3-461a-b688-494a717c3d7d,,
eid,ff7f00c9-4ce6-4c5a-9320-a86467066b7a,zapit,figure4_zapit_glmhmm,1,SWC_NM_086,ff7f00c9-4ce6-4c5a-9320-a86467066b7a,,
eid,ff82c779-f609-4d85-9f58-bc03989e43bd,opto_behavior,figure3_vls_d1_glmhmm,1,SWC_NM_101,ff82c779-f609-4d85-9f58-bc03989e43bd,,
eid,ffa6015c-97c0-4479-9842-9fb8297a960e,zapit,figure4_zapit_glmhmm,1,SWC_NM_086,ffa6015c-97c0-4479-9842-9fb8297a960e,,
eid,ffc5253b-70a7-4166-97de-5387d6f50633,opto_behavior,,1,SWC_NM_063,ffc5253b-70a7-4166-97de-5387d6f50633,,
eid,ffd8912b-7b5f-4f81-aabc-b4ce4aea9ec2,opto_behavior,,1,SWC_NM_093,ffd8912b-7b5f-4f81-aabc-b4ce4aea9ec2,,
pid,068538e4-08a7-4d11-a807-e9cf698d63b8,ephys_bs,figure2_snr_bs_no_glmhmm,1,SWC_NM_096,d5b1e763-aef9-412d-ade0-db38692ce19b,068538e4-08a7-4d11-a807-e9cf698d63b8,probe01
pid,09ee9be3-3c85-46bb-aed3-3143862ef03d,ephys_bs,figure2_snr_bs_no_glmhmm,1,SWC_NM_113,58d42c6c-774a-4fb3-b673-0f90cfe10ab9,09ee9be3-3c85-46bb-aed3-3143862ef03d,probe00
pid,126cfd2e-2fa4-4d81-a520-25bbeab59fae,ephys_bs,,1,SWC_NM_025,f453dd8b-8edc-4885-af0b-e9b92a3b8703,126cfd2e-2fa4-4d81-a520-25bbeab59fae,probe00
pid,1285d34a-d2a2-418b-9ba7-b0ad55025b6c,ephys_bs,supp1_optogenetic_validation,1,,4c65b24c-803f-468d-a02b-96ba5470fcef,1285d34a-d2a2-418b-9ba7-b0ad55025b6c,probe00
pid,141fba8a-403d-44f2-89bc-0d8cd45f611e,ephys_bs,figure2_snr_bs_no_glmhmm,1,SWC_NM_113,fd73354c-65cc-4552-a736-b5ebc47a7552,141fba8a-403d-44f2-89bc-0d8cd45f611e,probe01
pid,1579269a-17c2-46ef-a14e-448217386454,ephys_bs,,1,SWC_NM_022,561bf4c6-4efe-4820-a2aa-6552305495a0,1579269a-17c2-46ef-a14e-448217386454,probe01
pid,15eca47c-a6fe-4b7b-99fd-2657549c3258,ephys_bs,figure2_snr_bs_no_glmhmm,1,SWC_NM_113,f89442d6-da7c-4731-b88a-f264f6d1934b,15eca47c-a6fe-4b7b-99fd-2657549c3258,probe00
pid,19b9e2f8-5e46-4ff4-bef3-4652019be01a,ephys_bs,,1,SWC_NM_024,77268c3c-7879-4a7a-b83c-97e17293613a,19b9e2f8-5e46-4ff4-bef3-4652019be01a,probe00
pid,1bffcd91-1e56-4724-9047-69e18bc7a104,ephys_bs,,1,SWC_NM_025,513b8846-b3f5-4fb9-892f-db3bcd520054,1bffcd91-1e56-4724-9047-69e18bc7a104,probe00
pid,227e4a3a-9340-48bc-82a3-dd0a04b123a9,ephys_bs,figure2_snr_bs_no_glmhmm,1,SWC_NM_113,f1e2b348-cdb5-4c0d-9ad2-41f16e47ec0a,227e4a3a-9340-48bc-82a3-dd0a04b123a9,probe00
pid,246d8fa8-dbf5-486a-b074-a064b33f29e3,ephys_bs,,1,SWC_NM_111,976077e3-132f-4f41-8b36-e289a6c9b59d,246d8fa8-dbf5-486a-b074-a064b33f29e3,probe00
pid,27b42a9d-05bc-4635-9eb3-418c2894e5b2,ephys_bs,,1,SWC_NM_111,d2283217-d659-4b45-a08a-e86556b65547,27b42a9d-05bc-4635-9eb3-418c2894e5b2,probe00
pid,2e13e28b-8ec3-436c-8d63-408b323e9511,ephys_bs,figure2_snr_bs_no_glmhmm,1,SWC_NM_113,58d42c6c-774a-4fb3-b673-0f90cfe10ab9,2e13e28b-8ec3-436c-8d63-408b323e9511,probe01
pid,32425853-de5f-4e5d-8a73-fe1285893c7f,ephys_bs,figure2_snr_bs_no_glmhmm,1,SWC_NM_102,dcb443ef-f59f-4a46-9f5b-9b8ed5ac4e8a,32425853-de5f-4e5d-8a73-fe1285893c7f,probe01
pid,3dd67257-217e-4d25-bb2b-59a606d944a7,ephys_bs,,1,SWC_NM_096,8d5ea7ad-ecdc-408f-8237-f27a8d2eaab9,3dd67257-217e-4d25-bb2b-59a606d944a7,probe01
pid,40326941-93ee-4aa0-9609-b7ec52241a0f,ephys_bs,supp1_optogenetic_validation,1,,d308cfcd-1da0-478b-969a-397cbe564464,40326941-93ee-4aa0-9609-b7ec52241a0f,probe00
pid,414329ec-11b7-48a7-a011-0ec05948c66b,ephys_bs,figure2_snr_bs_no_glmhmm,1,SWC_NM_113,f52e81b7-8db6-4369-a044-26b68a3f8c91,414329ec-11b7-48a7-a011-0ec05948c66b,probe01
pid,4743a9f7-24d3-4cac-b956-d0323d4269db,ephys_bs,,1,SWC_NM_102,dcb443ef-f59f-4a46-9f5b-9b8ed5ac4e8a,4743a9f7-24d3-4cac-b956-d0323d4269db,probe00
pid,518b61c2-45bc-40c2-bee1-d87b0d1986ac,ephys_bs,figure2_snr_bs_no_glmhmm,1,SWC_NM_018,25863f4c-20d6-43e1-903d-088bcbfdc441,518b61c2-45bc-40c2-bee1-d87b0d1986ac,probe01
pid,521e3ea4-8371-4255-939d-94c27562e8cf,ephys_bs,supp1_optogenetic_validation,1,,d0958bf6-ccbc-4bf0-bfcb-531b3bd63439,521e3ea4-8371-4255-939d-94c27562e8cf,probe00
pid,52ed488c-0cbe-4518-880f-c52c162a8999,ephys_bs,,1,SWC_NM_022,2a7d673c-abfb-41cf-bff5-5c3b9b06a952,52ed488c-0cbe-4518-880f-c52c162a8999,probe00
pid,59bf32ee-1d83-4a7f-bf14-590b610c96e0,ephys_bs,figure2_snr_bs_no_glmhmm,1,SWC_NM_018,b1f5abe0-8261-498c-a8e6-24381750da18,59bf32ee-1d83-4a7f-bf14-590b610c96e0,probe01
pid,60668d72-b4ba-4c59-830a-915458f62192,ephys_bs,,1,SWC_NM_024,4f54fbea-064c-4a5b-942f-684fd5c28692,60668d72-b4ba-4c59-830a-915458f62192,probe01
pid,6509394a-ee93-4164-a516-d4d483fb5da0,ephys_bs,,1,SWC_NM_025,f453dd8b-8edc-4885-af0b-e9b92a3b8703,6509394a-ee93-4164-a516-d4d483fb5da0,probe01
pid,68288763-9572-4678-9eb4-3866e3e9fb3d,ephys_bs,figure2_snr_bs_no_glmhmm,1,SWC_NM_102,881c6abc-b885-4793-be49-ae17ed4e42fe,68288763-9572-4678-9eb4-3866e3e9fb3d,probe01
pid,6bf18fe0-fca9-4cd3-aa69-546d34d24c12,ephys_bs,,1,SWC_NM_102,881c6abc-b885-4793-be49-ae17ed4e42fe,6bf18fe0-fca9-4cd3-aa69-546d34d24c12,probe00
pid,6bfade8f-e22a-42fa-b8d0-8c22d172c237,ephys_bs,,1,SWC_NM_025,513b8846-b3f5-4fb9-892f-db3bcd520054,6bfade8f-e22a-42fa-b8d0-8c22d172c237,probe01
pid,6ee63cc8-37ef-49ff-8c00-70a03e503725,ephys_bs,,1,SWC_NM_025,827fb7d6-4680-42b6-a7cd-c95b393a8502,6ee63cc8-37ef-49ff-8c00-70a03e503725,probe00
pid,72b7c463-ed30-4c24-8ddf-5e8eddafc46e,ephys_bs,figure2_snr_bs_no_glmhmm,1,SWC_NM_096,8d5ea7ad-ecdc-408f-8237-f27a8d2eaab9,72b7c463-ed30-4c24-8ddf-5e8eddafc46e,probe00
pid,7778d726-767e-4d1b-a879-01faf2075828,ephys_bs,figure2_snr_bs_no_glmhmm,1,SWC_NM_096,229e8bba-986d-408b-abb7-ec7fdb02e2f4,7778d726-767e-4d1b-a879-01faf2075828,probe00
pid,77946f89-7b49-43b0-b34d-c17fc70504c4,ephys_bs,,1,SWC_NM_102,6b528511-4da3-4d31-888e-0299397bdbdb,77946f89-7b49-43b0-b34d-c17fc70504c4,probe00
pid,77c33d3e-8b71-43f9-9a9c-b7dc49a25e30,ephys_bs,figure2_snr_bs_no_glmhmm,1,SWC_NM_113,146c1185-5785-4550-be7f-129322d1063d,77c33d3e-8b71-43f9-9a9c-b7dc49a25e30,probe01
pid,7a79b7cf-4d29-4a83-8d33-6bd3e4ef3307,ephys_bs,,1,SWC_NM_096,229e8bba-986d-408b-abb7-ec7fdb02e2f4,7a79b7cf-4d29-4a83-8d33-6bd3e4ef3307,probe01
pid,7f712873-42c8-42bc-a782-76b03ae3fb0f,ephys_bs,,1,SWC_NM_022,b7b8153b-a6b5-4bab-9759-130e71a777d1,7f712873-42c8-42bc-a782-76b03ae3fb0f,probe01
pid,7f94e86e-3a8b-4026-b120-89eeadf45a8d,ephys_bs,,1,SWC_NM_022,b7b8153b-a6b5-4bab-9759-130e71a777d1,7f94e86e-3a8b-4026-b120-89eeadf45a8d,probe00
pid,820e6e2f-4a1d-4777-8d67-5a62d382efa0,ephys_bs,,1,SWC_NM_111,9d306baa-31cb-4c02-9577-f3113d2fc77d,820e6e2f-4a1d-4777-8d67-5a62d382efa0,probe01
pid,85caca51-d501-4d81-85f2-74f084c7e99e,ephys_bs,figure2_snr_bs_no_glmhmm,1,SWC_NM_113,f1e2b348-cdb5-4c0d-9ad2-41f16e47ec0a,85caca51-d501-4d81-85f2-74f084c7e99e,probe01
pid,89c36fa2-e889-46a2-af2f-ee0fad10de43,ephys_bs,figure2_snr_bs_no_glmhmm,1,SWC_NM_113,fb97795b-8960-42fd-98c0-52e862fe1970,89c36fa2-e889-46a2-af2f-ee0fad10de43,probe01
pid,930adc32-438a-4548-a741-dc8a487ebd4f,ephys_bs,figure2_snr_bs_no_glmhmm,1,SWC_NM_096,d2a43b28-bf31-42b5-b472-d977b67d79a6,930adc32-438a-4548-a741-dc8a487ebd4f,probe01
pid,94a5c20d-82be-4040-80cc-03ef2e5854df,ephys_bs,,1,SWC_NM_096,d5b1e763-aef9-412d-ade0-db38692ce19b,94a5c20d-82be-4040-80cc-03ef2e5854df,probe00
pid,9583d73c-ee29-45d1-9aa1-2b5917bcf726,ephys_bs,figure2_snr_bs_no_glmhmm,1,SWC_NM_102,289c4d50-12f0-4ccf-889e-ded84dfb6c1f,9583d73c-ee29-45d1-9aa1-2b5917bcf726,probe00
pid,966d7f41-bca0-425a-8216-3a757231ea64,ephys_bs,,1,SWC_NM_111,9d306baa-31cb-4c02-9577-f3113d2fc77d,966d7f41-bca0-425a-8216-3a757231ea64,probe00
pid,9c43c3e2-1019-4e66-b8b2-b8b693fa5254,ephys_bs,figure2_snr_bs_no_glmhmm,1,SWC_NM_113,146c1185-5785-4550-be7f-129322d1063d,9c43c3e2-1019-4e66-b8b2-b8b693fa5254,probe00
pid,9fedd1c6-33eb-48b6-b508-8deebe3ee44c,ephys_bs,supp1_optogenetic_validation,1,,edce1069-8e72-48af-bedf-6ac82914abdf,9fedd1c6-33eb-48b6-b508-8deebe3ee44c,probe01
pid,a02790bb-1dcf-4e9d-a8f0-c0a071bc2e37,ephys_bs,,1,SWC_NM_113,f52e81b7-8db6-4369-a044-26b68a3f8c91,a02790bb-1dcf-4e9d-a8f0-c0a071bc2e37,probe00
pid,a0d0e752-45e6-4728-85f7-6c57945b257b,ephys_bs,supp1_optogenetic_validation,1,,11f2f5b2-d542-4b58-9759-036e723c1d65,a0d0e752-45e6-4728-85f7-6c57945b257b,probe00
pid,a1289836-79d8-45ce-9481-072c9e5c71b0,ephys_bs,figure2_snr_bs_no_glmhmm,1,SWC_NM_113,fd73354c-65cc-4552-a736-b5ebc47a7552,a1289836-79d8-45ce-9481-072c9e5c71b0,probe00
pid,a327ddee-8b7c-4463-9c24-6f82d2bfe590,ephys_bs,,1,SWC_NM_102,0c6f91a6-f3d0-40eb-af28-f26e8369c599,a327ddee-8b7c-4463-9c24-6f82d2bfe590,probe00
pid,ae535cc1-87aa-4fa8-acca-8892c8f81e4c,ephys_bs,,1,SWC_NM_024,4f54fbea-064c-4a5b-942f-684fd5c28692,ae535cc1-87aa-4fa8-acca-8892c8f81e4c,probe00
pid,ae8674d7-c682-4f6e-a79c-a695f2f0b13b,ephys_bs,supp1_optogenetic_validation,1,,c3d66594-cf17-402a-bc59-b185242fb448,ae8674d7-c682-4f6e-a79c-a695f2f0b13b,probe00
pid,af47abd5-e9cb-4130-ba66-5a277141a1bb,ephys_bs,figure2_snr_bs_no_glmhmm,1,SWC_NM_113,f89442d6-da7c-4731-b88a-f264f6d1934b,af47abd5-e9cb-4130-ba66-5a277141a1bb,probe01
pid,b4b1e085-c8ba-4c4b-8125-369f79029d4e,ephys_bs,,1,SWC_NM_111,2cb4353f-ff13-4661-b1c5-aaf892ba47cb,b4b1e085-c8ba-4c4b-8125-369f79029d4e,probe00
pid,b7998d00-b4c4-4695-8fc3-f8001539c90e,ephys_bs,,1,SWC_NM_018,786b0feb-31a8-4598-a51d-7f13ffb936d1,b7998d00-b4c4-4695-8fc3-f8001539c90e,probe00
pid,b96ed9ce-1a0a-4818-b896-8aa79ca26801,ephys_bs,,1,SWC_NM_018,25863f4c-20d6-43e1-903d-088bcbfdc441,b96ed9ce-1a0a-4818-b896-8aa79ca26801,probe00
pid,bc5d45e1-7e63-4d32-94f2-f785be9e75f8,ephys_bs,,1,SWC_NM_026,091f5721-72f4-4f73-a4ed-037d86040778,bc5d45e1-7e63-4d32-94f2-f785be9e75f8,probe00
pid,bfa8f605-2eda-4b31-80fb-4a889fa0e22a,ephys_bs,supp1_optogenetic_validation,1,,bdf39bda-e09a-4905-92ce-1063881f6703,bfa8f605-2eda-4b31-80fb-4a889fa0e22a,probe01
pid,c2f05bd0-bd6e-4d9c-8c34-aeb086f77045,ephys_bs,supp1_optogenetic_validation,1,,8ca87c63-8ae8-4b27-9e77-acad311106e9,c2f05bd0-bd6e-4d9c-8c34-aeb086f77045,probe00
pid,c4051389-6e82-4c48-9116-fc5be6ebace9,ephys_bs,,1,SWC_NM_024,7f869985-4779-4e07-9e89-4f31267dd5e8,c4051389-6e82-4c48-9116-fc5be6ebace9,probe01
pid,c547dda9-2006-4e4d-9498-396aac25d54b,ephys_bs,,1,SWC_NM_024,77268c3c-7879-4a7a-b83c-97e17293613a,c547dda9-2006-4e4d-9498-396aac25d54b,probe01
pid,c6ce3c19-6037-412b-ba92-f5dff157aeba,ephys_bs,,1,SWC_NM_111,2cb4353f-ff13-4661-b1c5-aaf892ba47cb,c6ce3c19-6037-412b-ba92-f5dff157aeba,probe01
pid,c7a7990a-fb2f-4329-99bc-5a85765969d6,ephys_bs,,1,SWC_NM_111,595bbca6-95c4-48cb-8269-cac460b9e3b0,c7a7990a-fb2f-4329-99bc-5a85765969d6,probe01
pid,c9a6b866-2d9b-481c-86ec-0d4937fbd696,ephys_bs,figure2_snr_bs_no_glmhmm,1,SWC_NM_102,0c6f91a6-f3d0-40eb-af28-f26e8369c599,c9a6b866-2d9b-481c-86ec-0d4937fbd696,probe01
pid,caf25d31-2d5b-45a9-85b4-585e380ebab2,ephys_bs,,1,SWC_NM_096,d2a43b28-bf31-42b5-b472-d977b67d79a6,caf25d31-2d5b-45a9-85b4-585e380ebab2,probe00
pid,ccfb329e-c3b0-43be-9710-5d7c8ee968d2,ephys_bs,supp1_optogenetic_validation,1,,a1902c51-f1b3-4388-a984-c612b139a364,ccfb329e-c3b0-43be-9710-5d7c8ee968d2,probe00
pid,d082c08d-2c7e-4761-9936-8bbefa8068d1,ephys_bs,,1,SWC_NM_024,7f869985-4779-4e07-9e89-4f31267dd5e8,d082c08d-2c7e-4761-9936-8bbefa8068d1,probe00
pid,dcd1c7d3-b413-47dc-a120-c3cafbbbbd96,ephys_bs,,1,SWC_NM_026,091f5721-72f4-4f73-a4ed-037d86040778,dcd1c7d3-b413-47dc-a120-c3cafbbbbd96,probe01
pid,e1b4c254-0455-4cd3-9642-0e23892aef85,ephys_bs,figure2_snr_bs_no_glmhmm,1,SWC_NM_113,3b2314e9-d3c4-4fc3-be3d-544635f360db,e1b4c254-0455-4cd3-9642-0e23892aef85,probe01
pid,e44cb3ae-d436-4149-9110-415a276fb58e,ephys_bs,supp1_optogenetic_validation,1,,9faf1826-6efd-47c0-a822-9a24b7f7821b,e44cb3ae-d436-4149-9110-415a276fb58e,probe01
pid,e4696ffd-248e-41cb-a62a-16e320b8cd7e,ephys_bs,figure2_snr_bs_no_glmhmm,1,SWC_NM_018,786b0feb-31a8-4598-a51d-7f13ffb936d1,e4696ffd-248e-41cb-a62a-16e320b8cd7e,probe01
pid,e4e69307-ff03-492e-a738-e742d47a092a,ephys_bs,,1,SWC_NM_111,976077e3-132f-4f41-8b36-e289a6c9b59d,e4e69307-ff03-492e-a738-e742d47a092a,probe01
pid,e71a89e5-9526-4be3-a5e7-5f9af217927d,ephys_bs,,1,SWC_NM_111,595bbca6-95c4-48cb-8269-cac460b9e3b0,e71a89e5-9526-4be3-a5e7-5f9af217927d,probe00
pid,e7919a12-238d-44da-b9d7-37adf5fff9ba,ephys_bs,,1,SWC_NM_111,d2283217-d659-4b45-a08a-e86556b65547,e7919a12-238d-44da-b9d7-37adf5fff9ba,probe01
pid,e91b783b-ec23-4963-9cc0-601c4d093d0f,ephys_bs,supp1_optogenetic_validation,1,,c1aa1b68-72a0-444c-ba39-e14a5b6fadb8,e91b783b-ec23-4963-9cc0-601c4d093d0f,probe00
pid,f54b959b-fee4-4130-951e-e366d34a5cbc,ephys_bs,,1,SWC_NM_022,561bf4c6-4efe-4820-a2aa-6552305495a0,f54b959b-fee4-4130-951e-e366d34a5cbc,probe00
pid,fc4f446b-177c-4b94-89d2-14c0500374a4,ephys_bs,figure2_snr_bs_no_glmhmm,1,SWC_NM_102,6b528511-4da3-4d31-888e-0299397bdbdb,fc4f446b-177c-4b94-89d2-14c0500374a4,probe01
