metadata_source,metadata_row,row_fingerprint,pipeline,identifier_type,identifier,eid,pid,mouse,date,probe_name,brain_region,condition,hemisphere,trial_selection,figure_profiles
metadata_final/metadata_optostim_new.py,18,7ddbac965c8911d6,ephys_bs,pid,068538e4-08a7-4d11-a807-e9cf698d63b8,d5b1e763-aef9-412d-ade0-db38692ce19b,068538e4-08a7-4d11-a807-e9cf698d63b8,SWC_NM_096,,probe01,SNr,ipsi,,ALL,figure2_snr_bs_no_glmhmm
metadata_final/metadata_optostim_new.py,32,8065cca5663bfbe3,ephys_bs,pid,09ee9be3-3c85-46bb-aed3-3143862ef03d,58d42c6c-774a-4fb3-b673-0f90cfe10ab9,09ee9be3-3c85-46bb-aed3-3143862ef03d,SWC_NM_113,,probe00,SNr,ipsi,,130:9999,figure2_snr_bs_no_glmhmm
metadata_final/metadata_optostim_new.py,4,14a36b68a0d2300f,ephys_bs,pid,126cfd2e-2fa4-4d81-a520-25bbeab59fae,f453dd8b-8edc-4885-af0b-e9b92a3b8703,126cfd2e-2fa4-4d81-a520-25bbeab59fae,SWC_NM_025,,probe00,STN,ipsi,,"0:185,361:559",
metadata_final/metadata_direct_stimulation.py,4,364856d6b981d7a6,ephys_bs,pid,1285d34a-d2a2-418b-9ba7-b0ad55025b6c,4c65b24c-803f-468d-a02b-96ba5470fcef,1285d34a-d2a2-418b-9ba7-b0ad55025b6c,,,probe00,ZI,ZI_directstim,,"134:294,435:578",supp1_optogenetic_validation
metadata_final/metadata_optostim_new.py,25,6c0bb002fdee931c,ephys_bs,pid,141fba8a-403d-44f2-89bc-0d8cd45f611e,fd73354c-65cc-4552-a736-b5ebc47a7552,141fba8a-403d-44f2-89bc-0d8cd45f611e,SWC_NM_113,,probe01,SNr,ipsi,,0:320,figure2_snr_bs_no_glmhmm
metadata_final/metadata_optostim_new.py,62,4d8707fcc4f23515,ephys_bs,pid,1579269a-17c2-46ef-a14e-448217386454,561bf4c6-4efe-4820-a2aa-6552305495a0,1579269a-17c2-46ef-a14e-448217386454,SWC_NM_022,,probe01,ZI,contra,,"246:514,700:713",
metadata_final/metadata_optostim_new.py,34,0daf9f6f9ed02b0e,ephys_bs,pid,15eca47c-a6fe-4b7b-99fd-2657549c3258,f89442d6-da7c-4731-b88a-f264f6d1934b,15eca47c-a6fe-4b7b-99fd-2657549c3258,SWC_NM_113,,probe00,SNr,ipsi,,ALL,figure2_snr_bs_no_glmhmm
metadata_final/metadata_optostim_new.py,7,1cb28f4d85a49a5d,ephys_bs,pid,19b9e2f8-5e46-4ff4-bef3-4652019be01a,77268c3c-7879-4a7a-b83c-97e17293613a,19b9e2f8-5e46-4ff4-bef3-4652019be01a,SWC_NM_024,,probe00,STN,contra,,"191:354,493:9999",
metadata_final/metadata_optostim_new.py,11,f53a44f7dda92238,ephys_bs,pid,1bffcd91-1e56-4724-9047-69e18bc7a104,513b8846-b3f5-4fb9-892f-db3bcd520054,1bffcd91-1e56-4724-9047-69e18bc7a104,SWC_NM_025,,probe00,STN,contra,,"3:168,493:9999",
metadata_final/metadata_optostim_new.py,30,72ac5b453026056b,ephys_bs,pid,227e4a3a-9340-48bc-82a3-dd0a04b123a9,f1e2b348-cdb5-4c0d-9ad2-41f16e47ec0a,227e4a3a-9340-48bc-82a3-dd0a04b123a9,SWC_NM_113,,probe00,SNr,ipsi,,150:9999,figure2_snr_bs_no_glmhmm
metadata_final/metadata_optostim_new.py,59,a838ca966205fe77,ephys_bs,pid,246d8fa8-dbf5-486a-b074-a064b33f29e3,976077e3-132f-4f41-8b36-e289a6c9b59d,246d8fa8-dbf5-486a-b074-a064b33f29e3,SWC_NM_111,,probe00,ZI,ipsi,,ALL,
metadata_final/metadata_optostim_new.py,55,e8c69111d082426a,ephys_bs,pid,27b42a9d-05bc-4635-9eb3-418c2894e5b2,d2283217-d659-4b45-a08a-e86556b65547,27b42a9d-05bc-4635-9eb3-418c2894e5b2,SWC_NM_111,,probe00,ZI,ipsi,,ALL,
metadata_final/metadata_optostim_new.py,33,d1e7669e898e6cb7,ephys_bs,pid,2e13e28b-8ec3-436c-8d63-408b323e9511,58d42c6c-774a-4fb3-b673-0f90cfe10ab9,2e13e28b-8ec3-436c-8d63-408b323e9511,SWC_NM_113,,probe01,SNr,ipsi,,130:9999,figure2_snr_bs_no_glmhmm
metadata_final/metadata_optostim_new.py,23,c58fb4f6416897ed,ephys_bs,pid,32425853-de5f-4e5d-8a73-fe1285893c7f,dcb443ef-f59f-4a46-9f5b-9b8ed5ac4e8a,32425853-de5f-4e5d-8a73-fe1285893c7f,SWC_NM_102,,probe01,SNr,ipsi,,ALL,figure2_snr_bs_no_glmhmm
metadata_final/metadata_optostim_new.py,43,749aac820150d9bb,ephys_bs,pid,3dd67257-217e-4d25-bb2b-59a606d944a7,8d5ea7ad-ecdc-408f-8237-f27a8d2eaab9,3dd67257-217e-4d25-bb2b-59a606d944a7,SWC_NM_096,,probe01,SNr,contra,,ALL,
metadata_final/metadata_direct_stimulation.py,9,79e5fa7d294b9bba,ephys_bs,pid,40326941-93ee-4aa0-9609-b7ec52241a0f,d308cfcd-1da0-478b-969a-397cbe564464,40326941-93ee-4aa0-9609-b7ec52241a0f,,,probe00,ZI,ZI_directstim,,"0:71,136:217,377:394",supp1_optogenetic_validation
metadata_final/metadata_optostim_new.py,27,111d2f777ee3b704,ephys_bs,pid,414329ec-11b7-48a7-a011-0ec05948c66b,f52e81b7-8db6-4369-a044-26b68a3f8c91,414329ec-11b7-48a7-a011-0ec05948c66b,SWC_NM_113,,probe01,SNr,ipsi,,ALL,figure2_snr_bs_no_glmhmm
metadata_final/metadata_optostim_new.py,47,0e5325c09b6e2940,ephys_bs,pid,4743a9f7-24d3-4cac-b956-d0323d4269db,dcb443ef-f59f-4a46-9f5b-9b8ed5ac4e8a,4743a9f7-24d3-4cac-b956-d0323d4269db,SWC_NM_102,,probe00,SNr,contra,,ALL,
metadata_final/metadata_optostim_new.py,13,ddf2fe71cc6e39c4,ephys_bs,pid,518b61c2-45bc-40c2-bee1-d87b0d1986ac,25863f4c-20d6-43e1-903d-088bcbfdc441,518b61c2-45bc-40c2-bee1-d87b0d1986ac,SWC_NM_018,,probe01,SNr,ipsi,,"139:242,364:461,581:674,769:798",figure2_snr_bs_no_glmhmm
metadata_final/metadata_direct_stimulation.py,8,5f6abd80ee4b0f19,ephys_bs,pid,521e3ea4-8371-4255-939d-94c27562e8cf,d0958bf6-ccbc-4bf0-bfcb-531b3bd63439,521e3ea4-8371-4255-939d-94c27562e8cf,,,probe00,ZI,ZI_directstim,,"78:175,393:470",supp1_optogenetic_validation
metadata_final/metadata_optostim_new.py,61,f605f9030545eb4f,ephys_bs,pid,52ed488c-0cbe-4518-880f-c52c162a8999,2a7d673c-abfb-41cf-bff5-5c3b9b06a952,52ed488c-0cbe-4518-880f-c52c162a8999,SWC_NM_022,,probe00,ZI,contra,,172:401,
metadata_final/metadata_optostim_new.py,15,6f9ba04b0dfd6b63,ephys_bs,pid,59bf32ee-1d83-4a7f-bf14-590b610c96e0,b1f5abe0-8261-498c-a8e6-24381750da18,59bf32ee-1d83-4a7f-bf14-590b610c96e0,SWC_NM_018,,probe01,SNr,ipsi,,422:485,figure2_snr_bs_no_glmhmm
metadata_final/metadata_optostim_new.py,2,e4ccaa0ad98b0783,ephys_bs,pid,60668d72-b4ba-4c59-830a-915458f62192,4f54fbea-064c-4a5b-942f-684fd5c28692,60668d72-b4ba-4c59-830a-915458f62192,SWC_NM_024,,probe01,STN,ipsi,,"0:150,326:472",
metadata_final/metadata_optostim_new.py,10,acff375721e282ce,ephys_bs,pid,6509394a-ee93-4164-a516-d4d483fb5da0,f453dd8b-8edc-4885-af0b-e9b92a3b8703,6509394a-ee93-4164-a516-d4d483fb5da0,SWC_NM_025,,probe01,STN,contra,,"0:185,361:559",
metadata_final/metadata_optostim_new.py,21,e54e4fb022bcf048,ephys_bs,pid,68288763-9572-4678-9eb4-3866e3e9fb3d,881c6abc-b885-4793-be49-ae17ed4e42fe,68288763-9572-4678-9eb4-3866e3e9fb3d,SWC_NM_102,,probe01,SNr,ipsi,,ALL,figure2_snr_bs_no_glmhmm
metadata_final/metadata_optostim_new.py,45,eb8787efb6ffde5c,ephys_bs,pid,6bf18fe0-fca9-4cd3-aa69-546d34d24c12,881c6abc-b885-4793-be49-ae17ed4e42fe,6bf18fe0-fca9-4cd3-aa69-546d34d24c12,SWC_NM_102,,probe00,SNr,contra,,ALL,
metadata_final/metadata_optostim_new.py,5,e642e5783e475a30,ephys_bs,pid,6bfade8f-e22a-42fa-b8d0-8c22d172c237,513b8846-b3f5-4fb9-892f-db3bcd520054,6bfade8f-e22a-42fa-b8d0-8c22d172c237,SWC_NM_025,,probe01,STN,ipsi,,"3:168,493:9999",
metadata_final/metadata_optostim_new.py,3,80686be4458c41f0,ephys_bs,pid,6ee63cc8-37ef-49ff-8c00-70a03e503725,827fb7d6-4680-42b6-a7cd-c95b393a8502,6ee63cc8-37ef-49ff-8c00-70a03e503725,SWC_NM_025,,probe00,STN,ipsi,,"0:180,432:9999",
metadata_final/metadata_optostim_new.py,19,4482ced9b4dcdd9d,ephys_bs,pid,72b7c463-ed30-4c24-8ddf-5e8eddafc46e,8d5ea7ad-ecdc-408f-8237-f27a8d2eaab9,72b7c463-ed30-4c24-8ddf-5e8eddafc46e,SWC_NM_096,,probe00,SNr,ipsi,,ALL,figure2_snr_bs_no_glmhmm
metadata_final/metadata_optostim_new.py,17,7551ebaf2a753fe0,ephys_bs,pid,7778d726-767e-4d1b-a879-01faf2075828,229e8bba-986d-408b-abb7-ec7fdb02e2f4,7778d726-767e-4d1b-a879-01faf2075828,SWC_NM_096,,probe00,SNr,ipsi,,0:550,figure2_snr_bs_no_glmhmm
metadata_final/metadata_optostim_new.py,46,486bffdc5bc24cba,ephys_bs,pid,77946f89-7b49-43b0-b34d-c17fc70504c4,6b528511-4da3-4d31-888e-0299397bdbdb,77946f89-7b49-43b0-b34d-c17fc70504c4,SWC_NM_102,,probe00,SNr,contra,,ALL,
metadata_final/metadata_optostim_new.py,28,69e1376c58688af8,ephys_bs,pid,77c33d3e-8b71-43f9-9a9c-b7dc49a25e30,146c1185-5785-4550-be7f-129322d1063d,77c33d3e-8b71-43f9-9a9c-b7dc49a25e30,SWC_NM_113,,probe01,SNr,ipsi,,ALL,figure2_snr_bs_no_glmhmm
metadata_final/metadata_optostim_new.py,41,354b3d1ddbc50272,ephys_bs,pid,7a79b7cf-4d29-4a83-8d33-6bd3e4ef3307,229e8bba-986d-408b-abb7-ec7fdb02e2f4,7a79b7cf-4d29-4a83-8d33-6bd3e4ef3307,SWC_NM_096,,probe01,SNr,contra,,ALL,
metadata_final/metadata_optostim_new.py,50,04406938f692e2df,ephys_bs,pid,7f712873-42c8-42bc-a782-76b03ae3fb0f,b7b8153b-a6b5-4bab-9759-130e71a777d1,7f712873-42c8-42bc-a782-76b03ae3fb0f,SWC_NM_022,,probe01,ZI,ipsi,,"0:113,366:504",
metadata_final/metadata_optostim_new.py,63,e1783a51c0cf8bbe,ephys_bs,pid,7f94e86e-3a8b-4026-b120-89eeadf45a8d,b7b8153b-a6b5-4bab-9759-130e71a777d1,7f94e86e-3a8b-4026-b120-89eeadf45a8d,SWC_NM_022,,probe00,ZI,contra,,"0:113,366:504",
metadata_final/metadata_optostim_new.py,54,73082ede434b14b4,ephys_bs,pid,820e6e2f-4a1d-4777-8d67-5a62d382efa0,9d306baa-31cb-4c02-9577-f3113d2fc77d,820e6e2f-4a1d-4777-8d67-5a62d382efa0,SWC_NM_111,,probe01,ZI,ipsi,,ALL,
metadata_final/metadata_optostim_new.py,31,a3706179453b140a,ephys_bs,pid,85caca51-d501-4d81-85f2-74f084c7e99e,f1e2b348-cdb5-4c0d-9ad2-41f16e47ec0a,85caca51-d501-4d81-85f2-74f084c7e99e,SWC_NM_113,,probe01,SNr,ipsi,,150:9999,figure2_snr_bs_no_glmhmm
metadata_final/metadata_optostim_new.py,36,43b479b26f7ba6bd,ephys_bs,pid,89c36fa2-e889-46a2-af2f-ee0fad10de43,fb97795b-8960-42fd-98c0-52e862fe1970,89c36fa2-e889-46a2-af2f-ee0fad10de43,SWC_NM_113,,probe01,SNr,ipsi,,ALL,figure2_snr_bs_no_glmhmm
metadata_final/metadata_optostim_new.py,16,5d7302924c1cb06e,ephys_bs,pid,930adc32-438a-4548-a741-dc8a487ebd4f,d2a43b28-bf31-42b5-b472-d977b67d79a6,930adc32-438a-4548-a741-dc8a487ebd4f,SWC_NM_096,,probe01,SNr,ipsi,,"0:410,516:610",figure2_snr_bs_no_glmhmm
metadata_final/metadata_optostim_new.py,42,6749a69c254b5320,ephys_bs,pid,94a5c20d-82be-4040-80cc-03ef2e5854df,d5b1e763-aef9-412d-ade0-db38692ce19b,94a5c20d-82be-4040-80cc-03ef2e5854df,SWC_NM_096,,probe00,SNr,contra,,ALL,
metadata_final/metadata_optostim_new.py,24,3e87921a25c39241,ephys_bs,pid,9583d73c-ee29-45d1-9aa1-2b5917bcf726,289c4d50-12f0-4ccf-889e-ded84dfb6c1f,9583d73c-ee29-45d1-9aa1-2b5917bcf726,SWC_NM_102,,probe00,SNr,ipsi,,ALL,figure2_snr_bs_no_glmhmm
metadata_final/metadata_optostim_new.py,53,4d5116aede3f2bfc,ephys_bs,pid,966d7f41-bca0-425a-8216-3a757231ea64,9d306baa-31cb-4c02-9577-f3113d2fc77d,966d7f41-bca0-425a-8216-3a757231ea64,SWC_NM_111,,probe00,ZI,ipsi,,ALL,
metadata_final/metadata_optostim_new.py,29,1065b4fc64f24c53,ephys_bs,pid,9c43c3e2-1019-4e66-b8b2-b8b693fa5254,146c1185-5785-4550-be7f-129322d1063d,9c43c3e2-1019-4e66-b8b2-b8b693fa5254,SWC_NM_113,,probe00,SNr,ipsi,,ALL,figure2_snr_bs_no_glmhmm
metadata_final/metadata_direct_stimulation.py,1,457db512078661af,ephys_bs,pid,9fedd1c6-33eb-48b6-b508-8deebe3ee44c,edce1069-8e72-48af-bedf-6ac82914abdf,9fedd1c6-33eb-48b6-b508-8deebe3ee44c,,,probe01,SNr,SNr_directstim,,"0:18,49:89,112:135",supp1_optogenetic_validation
metadata_final/metadata_optostim_new.py,48,8a42a66aa1650b86,ephys_bs,pid,a02790bb-1dcf-4e9d-a8f0-c0a071bc2e37,f52e81b7-8db6-4369-a044-26b68a3f8c91,a02790bb-1dcf-4e9d-a8f0-c0a071bc2e37,SWC_NM_113,,probe00,SNr,contra,,ALL,
metadata_final/metadata_direct_stimulation.py,2,ec5b0facaf4f92e9,ephys_bs,pid,a0d0e752-45e6-4728-85f7-6c57945b257b,11f2f5b2-d542-4b58-9759-036e723c1d65,a0d0e752-45e6-4728-85f7-6c57945b257b,,,probe00,SNr,SNr_directstim,,"101:208,335:364",supp1_optogenetic_validation
metadata_final/metadata_optostim_new.py,26,55e123a93ab0b0b4,ephys_bs,pid,a1289836-79d8-45ce-9481-072c9e5c71b0,fd73354c-65cc-4552-a736-b5ebc47a7552,a1289836-79d8-45ce-9481-072c9e5c71b0,SWC_NM_113,,probe00,SNr,ipsi,,0:320,figure2_snr_bs_no_glmhmm
metadata_final/metadata_optostim_new.py,44,6deaa278d2f6a9d4,ephys_bs,pid,a327ddee-8b7c-4463-9c24-6f82d2bfe590,0c6f91a6-f3d0-40eb-af28-f26e8369c599,a327ddee-8b7c-4463-9c24-6f82d2bfe590,SWC_NM_102,,probe00,SNr,contra,,ALL,
metadata_final/metadata_optostim_new.py,9,cacef43b536a356a,ephys_bs,pid,ae535cc1-87aa-4fa8-acca-8892c8f81e4c,4f54fbea-064c-4a5b-942f-684fd5c28692,ae535cc1-87aa-4fa8-acca-8892c8f81e4c,SWC_NM_024,,probe00,STN,contra,,"0:150,326:472",
metadata_final/metadata_direct_stimulation.py,10,370d6cff17eb9c45,ephys_bs,pid,ae8674d7-c682-4f6e-a79c-a695f2f0b13b,c3d66594-cf17-402a-bc59-b185242fb448,ae8674d7-c682-4f6e-a79c-a695f2f0b13b,,,probe00,ZI,ZI_directstim,,"0:95,204:329,501:586",supp1_optogenetic_validation
metadata_final/metadata_optostim_new.py,35,2c63a64ae55160e4,ephys_bs,pid,af47abd5-e9cb-4130-ba66-5a277141a1bb,f89442d6-da7c-4731-b88a-f264f6d1934b,af47abd5-e9cb-4130-ba66-5a277141a1bb,SWC_NM_113,,probe01,SNr,ipsi,,ALL,figure2_snr_bs_no_glmhmm
metadata_final/metadata_optostim_new.py,57,2c0d56bad2a4b6ab,ephys_bs,pid,b4b1e085-c8ba-4c4b-8125-369f79029d4e,2cb4353f-ff13-4661-b1c5-aaf892ba47cb,b4b1e085-c8ba-4c4b-8125-369f79029d4e,SWC_NM_111,,probe00,ZI,ipsi,,ALL,
metadata_final/metadata_optostim_new.py,39,ff845b9196a5c41c,ephys_bs,pid,b7998d00-b4c4-4695-8fc3-f8001539c90e,786b0feb-31a8-4598-a51d-7f13ffb936d1,b7998d00-b4c4-4695-8fc3-f8001539c90e,SWC_NM_018,,probe00,SNr,contra,,"121:283,423:528,660:767",
metadata_final/metadata_optostim_new.py,38,0d0f2ad25f63902d,ephys_bs,pid,b96ed9ce-1a0a-4818-b896-8aa79ca26801,25863f4c-20d6-43e1-903d-088bcbfdc441,b96ed9ce-1a0a-4818-b896-8aa79ca26801,SWC_NM_018,,probe00,SNr,contra,,"139:242,364:461,581:674,769:798",
metadata_final/metadata_optostim_new.py,6,9b3f51eb90e1bff0,ephys_bs,pid,bc5d45e1-7e63-4d32-94f2-f785be9e75f8,091f5721-72f4-4f73-a4ed-037d86040778,bc5d45e1-7e63-4d32-94f2-f785be9e75f8,SWC_NM_026,,probe00,STN,ipsi,,155:343,
metadata_final/metadata_direct_stimulation.py,7,f21c697426b12c1b,ephys_bs,pid,bfa8f605-2eda-4b31-80fb-4a889fa0e22a,bdf39bda-e09a-4905-92ce-1063881f6703,bfa8f605-2eda-4b31-80fb-4a889fa0e22a,,,probe01,ZI,ZI_directstim,,"55:118,173:293,349:366",supp1_optogenetic_validation
metadata_final/metadata_direct_stimulation.py,3,b3d3bac85264c60c,ephys_bs,pid,c2f05bd0-bd6e-4d9c-8c34-aeb086f77045,8ca87c63-8ae8-4b27-9e77-acad311106e9,c2f05bd0-bd6e-4d9c-8c34-aeb086f77045,,,probe00,ZI,ZI_directstim,,"107:164,234:346",supp1_optogenetic_validation
metadata_final/metadata_optostim_new.py,1,c023d288e7dc5b22,ephys_bs,pid,c4051389-6e82-4c48-9116-fc5be6ebace9,7f869985-4779-4e07-9e89-4f31267dd5e8,c4051389-6e82-4c48-9116-fc5be6ebace9,SWC_NM_024,,probe01,STN,ipsi,,"156:355,524:9999",
metadata_final/metadata_optostim_new.py,0,e236c19ce0afecb0,ephys_bs,pid,c547dda9-2006-4e4d-9498-396aac25d54b,77268c3c-7879-4a7a-b83c-97e17293613a,c547dda9-2006-4e4d-9498-396aac25d54b,SWC_NM_024,,probe01,STN,ipsi,,"191:354,493:9999",
metadata_final/metadata_optostim_new.py,58,f29812cf7dacd92a,ephys_bs,pid,c6ce3c19-6037-412b-ba92-f5dff157aeba,2cb4353f-ff13-4661-b1c5-aaf892ba47cb,c6ce3c19-6037-412b-ba92-f5dff157aeba,SWC_NM_111,,probe01,ZI,ipsi,,ALL,
metadata_final/metadata_optostim_new.py,51,4ace5832dae6b5cd,ephys_bs,pid,c7a7990a-fb2f-4329-99bc-5a85765969d6,595bbca6-95c4-48cb-8269-cac460b9e3b0,c7a7990a-fb2f-4329-99bc-5a85765969d6,SWC_NM_111,,probe01,ZI,ipsi,,ALL,
metadata_final/metadata_optostim_new.py,20,6b1704e76e9c32f8,ephys_bs,pid,c9a6b866-2d9b-481c-86ec-0d4937fbd696,0c6f91a6-f3d0-40eb-af28-f26e8369c599,c9a6b866-2d9b-481c-86ec-0d4937fbd696,SWC_NM_102,,probe01,SNr,ipsi,,ALL,figure2_snr_bs_no_glmhmm
metadata_final/metadata_optostim_new.py,40,ebfd4afc0ba9e6cc,ephys_bs,pid,caf25d31-2d5b-45a9-85b4-585e380ebab2,d2a43b28-bf31-42b5-b472-d977b67d79a6,caf25d31-2d5b-45a9-85b4-585e380ebab2,SWC_NM_096,,probe00,SNr,contra,,"0:410,516:776",
metadata_final/metadata_direct_stimulation.py,5,f25915621cf083ad,ephys_bs,pid,ccfb329e-c3b0-43be-9710-5d7c8ee968d2,a1902c51-f1b3-4388-a984-c612b139a364,ccfb329e-c3b0-43be-9710-5d7c8ee968d2,,,probe00,ZI,ZI_directstim,,"0:86,162:239,280:309",supp1_optogenetic_validation
metadata_final/metadata_optostim_new.py,8,3c8cb171ce0d8fef,ephys_bs,pid,d082c08d-2c7e-4761-9936-8bbefa8068d1,7f869985-4779-4e07-9e89-4f31267dd5e8,d082c08d-2c7e-4761-9936-8bbefa8068d1,SWC_NM_024,,probe00,STN,contra,,"156:355,524:9999",
metadata_final/metadata_optostim_new.py,12,1ee46b4a2f36e03f,ephys_bs,pid,dcd1c7d3-b413-47dc-a120-c3cafbbbbd96,091f5721-72f4-4f73-a4ed-037d86040778,dcd1c7d3-b413-47dc-a120-c3cafbbbbd96,SWC_NM_026,,probe01,STN,contra,,155:343,
metadata_final/metadata_optostim_new.py,37,e1da19336cbdb96d,ephys_bs,pid,e1b4c254-0455-4cd3-9642-0e23892aef85,3b2314e9-d3c4-4fc3-be3d-544635f360db,e1b4c254-0455-4cd3-9642-0e23892aef85,SWC_NM_113,,probe01,SNr,ipsi,,ALL,figure2_snr_bs_no_glmhmm
metadata_final/metadata_direct_stimulation.py,6,204e5436fe4fdd62,ephys_bs,pid,e44cb3ae-d436-4149-9110-415a276fb58e,9faf1826-6efd-47c0-a822-9a24b7f7821b,e44cb3ae-d436-4149-9110-415a276fb58e,,,probe01,ZI,ZI_directstim,,"42:83,127:175",supp1_optogenetic_validation
metadata_final/metadata_optostim_new.py,14,d17c3ecb28b0f8e2,ephys_bs,pid,e4696ffd-248e-41cb-a62a-16e320b8cd7e,786b0feb-31a8-4598-a51d-7f13ffb936d1,e4696ffd-248e-41cb-a62a-16e320b8cd7e,SWC_NM_018,,probe01,SNr,ipsi,,"121:180,215:283,423:528,660:767",figure2_snr_bs_no_glmhmm
metadata_final/metadata_optostim_new.py,60,c65f613733a7eab2,ephys_bs,pid,e4e69307-ff03-492e-a738-e742d47a092a,976077e3-132f-4f41-8b36-e289a6c9b59d,e4e69307-ff03-492e-a738-e742d47a092a,SWC_NM_111,,probe01,ZI,ipsi,,ALL,
metadata_final/metadata_optostim_new.py,52,7f32ac3649e29996,ephys_bs,pid,e71a89e5-9526-4be3-a5e7-5f9af217927d,595bbca6-95c4-48cb-8269-cac460b9e3b0,e71a89e5-9526-4be3-a5e7-5f9af217927d,SWC_NM_111,,probe00,ZI,ipsi,,ALL,
metadata_final/metadata_optostim_new.py,56,35092802f9aae023,ephys_bs,pid,e7919a12-238d-44da-b9d7-37adf5fff9ba,d2283217-d659-4b45-a08a-e86556b65547,e7919a12-238d-44da-b9d7-37adf5fff9ba,SWC_NM_111,,probe01,ZI,ipsi,,ALL,
metadata_final/metadata_direct_stimulation.py,0,9b5a8b29bb74083a,ephys_bs,pid,e91b783b-ec23-4963-9cc0-601c4d093d0f,c1aa1b68-72a0-444c-ba39-e14a5b6fadb8,e91b783b-ec23-4963-9cc0-601c4d093d0f,,,probe00,SNr,SNr_directstim,,"0:54,140:193,276:358",supp1_optogenetic_validation
metadata_final/metadata_optostim_new.py,49,2639276014813ee9,ephys_bs,pid,f54b959b-fee4-4130-951e-e366d34a5cbc,561bf4c6-4efe-4820-a2aa-6552305495a0,f54b959b-fee4-4130-951e-e366d34a5cbc,SWC_NM_022,,probe00,ZI,ipsi,,"246:514,700:713",
metadata_final/metadata_optostim_new.py,22,3ef6b01b70b0a5c6,ephys_bs,pid,fc4f446b-177c-4b94-89d2-14c0500374a4,6b528511-4da3-4d31-888e-0299397bdbdb,fc4f446b-177c-4b94-89d2-14c0500374a4,SWC_NM_102,,probe01,SNr,ipsi,,ALL,figure2_snr_bs_no_glmhmm
metadata_final/metadata_opto_behavior.py,60,5bbcb85166a2bce6,opto_behavior,eid,002e60e1-e646-4f69-b6e3-d3b00f082797,002e60e1-e646-4f69-b6e3-d3b00f082797,,SWC_NM_025,2022-10-27,,STN,,right,102:939,figure3_stn_glmhmm
metadata_final/metadata_opto_behavior.py,61,1e5c16046b42b351,opto_behavior,eid,0068b011-c60f-491f-a29c-245877cd1bc1,0068b011-c60f-491f-a29c-245877cd1bc1,,SWC_NM_025,2022-10-26,,STN,,left,146:790,figure3_stn_glmhmm
metadata_final/metadata_opto_behavior.py,301,c34d802d47292657,opto_behavior,eid,00b8057d-117d-434a-82e3-94cf7eb5f020,00b8057d-117d-434a-82e3-94cf7eb5f020,,SWC_NM_053,271023,,VLS,,both,148:941,figure3_vls_d1_glmhmm
metadata_final/metadata_opto_behavior.py,670,cf5cdb15fb2523a5,opto_behavior,eid,00ef451c-6d64-450b-9084-91198f93167a,00ef451c-6d64-450b-9084-91198f93167a,,SWC_NM_102,2025-11-18,,SNr,,left,ALL,
metadata_final/metadata_opto_behavior.py,455,782fc5d5e8efc88a,opto_behavior,eid,01654936-4daf-403b-b55c-ce2baba12a15,01654936-4daf-403b-b55c-ce2baba12a15,,SWC_NM_096,2025-09-11,,SNr,,left,130:9999,supp1_hemisphere_specific
metadata_final/metadata_opto_behavior.py,195,02a4f948487571eb,opto_behavior,eid,028cca41-d6cf-4487-b0d1-817a3c2ee94f,028cca41-d6cf-4487-b0d1-817a3c2ee94f,,SWC_NM_018,010422,,SNr,,right,ALL,figure1_snr_glmhmm;supp1_glmhmm_states;supp1_hemisphere_specific;supp1_snr_no_glmhmm
metadata_final/metadata_opto_behavior.py,174,80bb4566210ce081,opto_behavior,eid,02af576e-0aa1-4784-b631-adbc3792f4d5,02af576e-0aa1-4784-b631-adbc3792f4d5,,SWC_NM_011,241121,,SNr,,left,"0:229,349:409,576:647",
metadata_final/metadata_opto_behavior.py,126,d67efe1ee6137bdb,opto_behavior,eid,034bf182-47bb-4866-8340-1e910bdc79c6,034bf182-47bb-4866-8340-1e910bdc79c6,,SWC_NM_004,271021,,SNr,,left,ALL,
metadata_final/metadata_opto_behavior.py,191,ab2dfcf4fe89bda0,opto_behavior,eid,03bd9265-4e9e-4c96-8e57-4cc3827aa0d8,03bd9265-4e9e-4c96-8e57-4cc3827aa0d8,,SWC_NM_012,110222,,SNr,,right,ALL,
metadata_final/metadata_opto_behavior.py,883,2571d085476f067d,opto_behavior,eid,03c15834-baf0-4aff-a86c-acbee21c92d9,03c15834-baf0-4aff-a86c-acbee21c92d9,,SWC_NM_113,2026-05-12,,SNr,,left,ALL,supp1_hemisphere_specific
metadata_final/metadata_opto_behavior.py,190,973693e48321ff3d,opto_behavior,eid,04260f14-4329-4d71-9061-092cc441e2d7,04260f14-4329-4d71-9061-092cc441e2d7,,SWC_NM_012,100222,,SNr,,left,ALL,
metadata_final/metadata_opto_behavior.py,817,c7df42668de7da4b,opto_behavior,eid,0451b6d9-8451-44bc-9e15-95117ee255a7,0451b6d9-8451-44bc-9e15-95117ee255a7,,SWC_NM_108,2026-02-16,,VLS,,nan,ALL,
metadata_final/metadata_opto_behavior.py,804,b9a8b10291c6f557,opto_behavior,eid,052dd6e7-ac9e-450f-8237-314a9e1df35a,052dd6e7-ac9e-450f-8237-314a9e1df35a,,SWC_NM_083,2025-02-18,,VLS,,left,ALL,figure3_vls_d2_glmhmm
metadata_final/metadata_opto_behavior.py,486,3fb75c0bf6409bfe,opto_behavior,eid,05648028-3a12-4c33-ac0e-62d47ce52779,05648028-3a12-4c33-ac0e-62d47ce52779,,SWC_NM_098,2025-09-25,,VLS,,left,ALL,figure3_vls_d1_glmhmm
metadata_final/metadata_opto_behavior.py,671,3a9cc175a64a9546,opto_behavior,eid,05d54cbb-be17-4066-a2cf-4a968bb5485a,05d54cbb-be17-4066-a2cf-4a968bb5485a,,SWC_NM_102,2025-11-14,,SNr,,both,ALL,
metadata_final/metadata_opto_behavior.py,105,eebbc57d50bc0d31,opto_behavior,eid,05edb069-980d-42de-b9fa-178ef0648a21,05edb069-980d-42de-b9fa-178ef0648a21,,SWC_NM_003,111021,,ZI,,both,ALL,figure1_zi_glmhmm
metadata_final/metadata_opto_behavior.py,144,3445a003ef7a4cca,opto_behavior,eid,05edb069-980d-42de-b9fa-178ef0648a21,05edb069-980d-42de-b9fa-178ef0648a21,,SWC_NM_008,111021,,SNr,,left,ALL,
metadata_final/metadata_opto_behavior.py,701,d3f02c1d894da7f8,opto_behavior,eid,067dafe5-30e7-4f71-9e85-b10f1627df8a,067dafe5-30e7-4f71-9e85-b10f1627df8a,,SWC_NM_063,140624,,PL,,both,0:574,
metadata_final/metadata_opto_behavior.py,497,aad25a42e09d0ef0,opto_behavior,eid,06d5f438-7e79-47d1-8cfe-6fbc09cc2b8a,06d5f438-7e79-47d1-8cfe-6fbc09cc2b8a,,SWC_NM_099,2025-10-07,,VLS,,left,ALL,figure3_vls_d1_glmhmm
metadata_final/metadata_opto_behavior.py,254,b4c355153e086e8b,opto_behavior,eid,06da6f6d-b7ed-44b9-88bc-2853c059bdde,06da6f6d-b7ed-44b9-88bc-2853c059bdde,,SWC_NM_104,2025-12-02,,ZI,,right,ALL,figure1_zi_glmhmm
metadata_final/metadata_opto_behavior.py,528,ef788097676bfd0e,opto_behavior,eid,06f3b09d-c27c-4e8e-844c-a5aea4098921,06f3b09d-c27c-4e8e-844c-a5aea4098921,,SWC_NM_100,2025-11-04,,VLS,,both,ALL,figure3_vls_d1_glmhmm
metadata_final/metadata_opto_behavior.py,764,f281932c74ccc08d,opto_behavior,eid,0798878a-ad8d-4fa1-9dc0-5f31b880d850,0798878a-ad8d-4fa1-9dc0-5f31b880d850,,SWC_NM_087,2025-02-12,,VLS,,right,ALL,figure3_vls_d2_glmhmm
metadata_final/metadata_opto_behavior.py,527,21c3f9a219ac8ab1,opto_behavior,eid,08ceef95-9440-43f9-a075-b49c04fddfc6,08ceef95-9440-43f9-a075-b49c04fddfc6,,SWC_NM_100,2025-11-06,,VLS,,left,ALL,figure3_vls_d1_glmhmm
metadata_final/metadata_opto_behavior.py,435,30943238e64b1f8b,opto_behavior,eid,08e1b2b9-ecc2-424c-871f-78fcca7edb79,08e1b2b9-ecc2-424c-871f-78fcca7edb79,,SWC_NM_065,030524,,VLS,,both,ALL,figure3_vls_d2_glmhmm
metadata_final/metadata_opto_behavior.py,27,7452337c0977b0f4,opto_behavior,eid,08eec5ef-1874-490e-b0c3-4cc887a69250,08eec5ef-1874-490e-b0c3-4cc887a69250,,SWC_NM_024,2023-01-17,,STN,,both,ALL,figure3_stn_glmhmm
metadata_final/metadata_opto_behavior.py,75,b24abcdb0ad52426,opto_behavior,eid,091f5721-72f4-4f73-a4ed-037d86040778,091f5721-72f4-4f73-a4ed-037d86040778,,SWC_NM_026,2023-02-15,,STN,,right,"0:155,343:9999",
metadata_final/metadata_opto_behavior.py,76,cac87881c314a3ce,opto_behavior,eid,091f5721-72f4-4f73-a4ed-037d86040778,091f5721-72f4-4f73-a4ed-037d86040778,,SWC_NM_026,2023-02-15,,STN,,right,155:343,figure3_stn_glmhmm
metadata_final/metadata_opto_behavior.py,702,822d42de67c8d00f,opto_behavior,eid,093ab546-12bb-4c63-8d7c-f539cb882615,093ab546-12bb-4c63-8d7c-f539cb882615,,SWC_NM_063,170624,,PL,,both,ALL,
metadata_final/metadata_opto_behavior.py,305,613c1eb45085eff9,opto_behavior,eid,0974d094-1011-4ab0-a093-f96bdf257b67,0974d094-1011-4ab0-a093-f96bdf257b67,,SWC_NM_053,101123,,VLS,,both,159:800,figure3_vls_d1_glmhmm
metadata_final/metadata_opto_behavior.py,498,d107ffe514076ec9,opto_behavior,eid,0985a1e9-ed30-4197-bc76-88f4c26a9833,0985a1e9-ed30-4197-bc76-88f4c26a9833,,SWC_NM_099,2025-10-06,,VLS,,right,ALL,figure3_vls_d1_glmhmm
metadata_final/metadata_opto_behavior.py,815,6feb27f778af5fbe,opto_behavior,eid,09966b91-2f5b-4be2-8b8b-ddfc59e8d507,09966b91-2f5b-4be2-8b8b-ddfc59e8d507,,SWC_NM_108,2026-02-18,,VLS,,nan,ALL,
metadata_final/metadata_opto_behavior.py,402,e2ec1a6461a918d9,opto_behavior,eid,09fc5d05-d1a9-41f0-8399-d367a16a0a48,09fc5d05-d1a9-41f0-8399-d367a16a0a48,,SWC_NM_065,120324,,VLS,,right,0:9999,figure3_vls_d2_glmhmm
metadata_final/metadata_opto_behavior.py,267,e1672a2ff7fde601,opto_behavior,eid,0a161756-e61a-4211-9f39-59987caac9b2,0a161756-e61a-4211-9f39-59987caac9b2,,SWC_NM_036,130323,,VMS,,right,1:609,
metadata_final/metadata_opto_behavior.py,295,7b9d63fe6c5d4054,opto_behavior,eid,0a5d156f-696c-442d-a3e5-a1ec0535edd2,0a5d156f-696c-442d-a3e5-a1ec0535edd2,,SWC_NM_053,171023,,VLS,,right,146:863,figure3_vls_d1_glmhmm
metadata_final/metadata_opto_behavior.py,149,4eeeb972c1f2688f,opto_behavior,eid,0a6400bf-3f90-4be2-9b63-19d9f659cf16,0a6400bf-3f90-4be2-9b63-19d9f659cf16,,SWC_NM_010,220222,,ZI,,both,ALL,figure1_zi_glmhmm
metadata_final/metadata_opto_behavior.py,451,c9facc99a0352c95,opto_behavior,eid,0a88f2f7-cf09-4dbc-ae3a-92d5dd221d0e,0a88f2f7-cf09-4dbc-ae3a-92d5dd221d0e,,SWC_NM_096,2025-09-17,,SNr,,both,175:9999,supp1_hemisphere_specific
metadata_final/metadata_opto_behavior.py,547,999d28a60b3412de,opto_behavior,eid,0af4b3c5-4f44-4713-a552-ae163d954fc3,0af4b3c5-4f44-4713-a552-ae163d954fc3,,SWC_NM_101,2025-12-09,,VLS,,both,ALL,figure3_vls_d1_glmhmm
metadata_final/metadata_opto_behavior.py,652,aea35f5b6339af6b,opto_behavior,eid,0b741a58-bbf9-43ab-a745-9896754281db,0b741a58-bbf9-43ab-a745-9896754281db,,SWC_NM_102,2026-01-26,,SNr,,left,ALL,
metadata_final/metadata_opto_behavior.py,576,aaa1768e844c7f59,opto_behavior,eid,0c2f75a0-853c-4f19-9334-ca09861f7305,0c2f75a0-853c-4f19-9334-ca09861f7305,,SWC_NM_073,060624,,VLS,,right,0:9999,figure3_vls_d1_glmhmm
metadata_final/metadata_opto_behavior.py,641,0e571f597dab0ee6,opto_behavior,eid,0c6f91a6-f3d0-40eb-af28-f26e8369c599,0c6f91a6-f3d0-40eb-af28-f26e8369c599,,SWC_NM_102,2026-02-10,,SNr,,left,ALL,
metadata_final/metadata_opto_behavior.py,40,fca8b8a2c5fd6120,opto_behavior,eid,0cba0d73-ba8d-4121-af42-1ed14cf8e8ec,0cba0d73-ba8d-4121-af42-1ed14cf8e8ec,,SWC_NM_024,2022-12-14,,STN,,right,300:9999,figure3_stn_glmhmm
metadata_final/metadata_opto_behavior.py,41,c1d4953fb73cfdd6,opto_behavior,eid,0cba0d73-ba8d-4121-af42-1ed14cf8e8ec,0cba0d73-ba8d-4121-af42-1ed14cf8e8ec,,SWC_NM_024,2022-12-14,,STN,,right,159:300,
metadata_final/metadata_opto_behavior.py,617,9d532a87d6c957b5,opto_behavior,eid,0d720e80-238a-45b1-af30-99154b27478a,0d720e80-238a-45b1-af30-99154b27478a,,SWC_NM_109,2026-02-10,,VLS,,left,ALL,figure3_vls_d2_glmhmm
metadata_final/metadata_opto_behavior.py,583,3f5ea5ea68fde303,opto_behavior,eid,0d7b70c5-d484-4bb8-82c9-1eaa185f64d8,0d7b70c5-d484-4bb8-82c9-1eaa185f64d8,,SWC_NM_073,190624,,VLS,,both,0:9999,figure3_vls_d1_glmhmm
metadata_final/metadata_opto_behavior.py,613,d38ddc0e24c637b8,opto_behavior,eid,0dceba40-5926-467b-9535-024f535d6833,0dceba40-5926-467b-9535-024f535d6833,,SWC_NM_109,2026-02-16,,VLS,,both,ALL,figure3_vls_d2_glmhmm
metadata_final/metadata_opto_behavior.py,502,8a204aaaa7dd8d3c,opto_behavior,eid,0df4e3df-3e22-48cd-925a-04740662c707,0df4e3df-3e22-48cd-925a-04740662c707,,SWC_NM_099,2025-09-30,,VLS,,right,ALL,figure3_vls_d1_glmhmm
metadata_final/metadata_opto_behavior.py,896,82a0d4698cd20076,opto_behavior,eid,0e38595d-f7e9-4ba2-b492-69bef290ed1a,0e38595d-f7e9-4ba2-b492-69bef290ed1a,,SWC_NM_113,2026-04-27,,SNr,,right,ALL,figure1_snr_glmhmm;supp1_glmhmm_states;supp1_hemisphere_specific;supp1_snr_no_glmhmm
metadata_final/metadata_opto_behavior.py,541,05efc679d0182110,opto_behavior,eid,0e6fe1ec-5fe6-4078-8548-acd39c5cfd1e,0e6fe1ec-5fe6-4078-8548-acd39c5cfd1e,,SWC_NM_100,2025-10-06,,VLS,,left,ALL,figure3_vls_d1_glmhmm
metadata_final/metadata_opto_behavior.py,48,87c22d80be8866a9,opto_behavior,eid,0f162f4a-ef0c-4cd6-87d2-584879e7a104,0f162f4a-ef0c-4cd6-87d2-584879e7a104,,SWC_NM_025,2022-12-06,,STN,,right,629:9999,figure3_stn_glmhmm
metadata_final/metadata_opto_behavior.py,753,0f73f3e82c724624,opto_behavior,eid,0f97d10d-1576-4873-9fe4-714f02fc491c,0f97d10d-1576-4873-9fe4-714f02fc491c,,SWC_NM_089,2024-11-22,,VLS,,left,ALL,figure3_vls_d2_glmhmm
metadata_final/metadata_opto_behavior.py,222,afb66186e5c7810b,opto_behavior,eid,0ff9161b-bae8-4ff1-a080-2928fc45cc54,0ff9161b-bae8-4ff1-a080-2928fc45cc54,,SWC_NM_016,070422,,SNr,,right,0:342,
metadata_final/metadata_opto_behavior.py,709,3924b7377ad80475,opto_behavior,eid,110aaffb-ab9e-4362-9f3b-7b1910a41d1a,110aaffb-ab9e-4362-9f3b-7b1910a41d1a,,SWC_NM_049,2023-08-11,,MOs,,both,ALL,
metadata_final/metadata_opto_behavior.py,790,d0e96c48a466ff8b,opto_behavior,eid,1167154b-86d2-4e56-b5d9-a3504ff87889,1167154b-86d2-4e56-b5d9-a3504ff87889,,SWC_NM_083,2025-03-10,,VLS,,both,ALL,figure3_vls_d2_glmhmm
metadata_final/metadata_opto_behavior.py,62,7f42376e58053126,opto_behavior,eid,117c2948-f460-48fd-85cd-1df01ae1c18b,117c2948-f460-48fd-85cd-1df01ae1c18b,,SWC_NM_025,2022-10-25,,STN,,right,ALL,
metadata_final/metadata_opto_behavior.py,153,2f37f21a3830748c,opto_behavior,eid,11a8532c-5718-43a9-8bac-b6f6e0fb4cba,11a8532c-5718-43a9-8bac-b6f6e0fb4cba,,SWC_NM_010,020222,,ZI,,right,ALL,
metadata_final/metadata_opto_behavior.py,82,04da090ba8686d07,opto_behavior,eid,121545ee-2cd7-461c-beb6-c8c1742572fb,121545ee-2cd7-461c-beb6-c8c1742572fb,,SWC_NM_026,2023-01-31,,STN,,right,13:9999,
metadata_final/metadata_opto_behavior.py,131,da72d2fc449204cd,opto_behavior,eid,124cddb8-22d2-4632-be4d-92181901a65e,124cddb8-22d2-4632-be4d-92181901a65e,,SWC_NM_008,140921,,SNr,,both,ALL,supp1_hemisphere_specific
metadata_final/metadata_opto_behavior.py,868,28f618278a793f20,opto_behavior,eid,1286ce5d-996b-4067-8f85-9eb8ddd5ba97,1286ce5d-996b-4067-8f85-9eb8ddd5ba97,,SWC_NM_110,2026-05-20,,SNr,,right,ALL,
metadata_final/metadata_opto_behavior.py,248,88acdd60031bcc1a,opto_behavior,eid,13056b33-9c89-4d44-a842-ace3169e6801,13056b33-9c89-4d44-a842-ace3169e6801,,SWC_NM_104,2025-12-10,,ZI,,right,ALL,
metadata_final/metadata_opto_behavior.py,493,b7a7e90e743517b6,opto_behavior,eid,13178d45-3a38-4f86-bcfc-b2ee03aeb148,13178d45-3a38-4f86-bcfc-b2ee03aeb148,,SWC_NM_098,2025-09-10,,VLS,,none,ALL,
metadata_final/metadata_opto_behavior.py,247,a62c07e1a0952f2d,opto_behavior,eid,13327c21-7886-49e8-b9fe-7086bf563243,13327c21-7886-49e8-b9fe-7086bf563243,,SWC_NM_104,2025-12-12,,ZI,,both,ALL,figure1_zi_glmhmm
metadata_final/metadata_opto_behavior.py,725,604449583b5b3160,opto_behavior,eid,13da8dfb-2b47-47f4-8dea-d979b8969fb9,13da8dfb-2b47-47f4-8dea-d979b8969fb9,,SWC_NM_049,2023-07-20,,MOs,,right,214:9999,
metadata_final/metadata_opto_behavior.py,366,301f123d289ca81a,opto_behavior,eid,13e4a6f2-580c-4548-861e-6617a2ae038b,13e4a6f2-580c-4548-861e-6617a2ae038b,,SWC_NM_042,250523,,VLS,,left,90:308,
metadata_final/metadata_opto_behavior.py,367,beb8d28ac5ab9d92,opto_behavior,eid,13e4a6f2-580c-4548-861e-6617a2ae038b,13e4a6f2-580c-4548-861e-6617a2ae038b,,SWC_NM_042,250523,,VLS,,left,308:9999,
metadata_final/metadata_opto_behavior.py,422,3321045c76f5711f,opto_behavior,eid,145f7e0f-6382-4e4e-aaa5-51806621de85,145f7e0f-6382-4e4e-aaa5-51806621de85,,SWC_NM_065,150424,,VLS,,right,ALL,figure3_vls_d2_glmhmm
metadata_final/metadata_opto_behavior.py,879,1e5547c1bcb39748,opto_behavior,eid,146c1185-5785-4550-be7f-129322d1063d,146c1185-5785-4550-be7f-129322d1063d,,SWC_NM_113,2026-05-16,,SNr,,both,ALL,supp1_hemisphere_specific
metadata_final/metadata_opto_behavior.py,797,b5b8880dabf254fc,opto_behavior,eid,15194e66-2bb2-4833-9c5b-9f9f2ba8d60d,15194e66-2bb2-4833-9c5b-9f9f2ba8d60d,,SWC_NM_083,2025-02-27,,VLS,,right,ALL,figure3_vls_d2_glmhmm
metadata_final/metadata_opto_behavior.py,741,5022ef7a3a95b551,opto_behavior,eid,151daab8-55c3-4055-a246-2cc0f806d816,151daab8-55c3-4055-a246-2cc0f806d816,,SWC_NM_088,2024-12-06,,VLS,,right,ALL,
metadata_final/metadata_opto_behavior.py,703,be30d4bcd001f8a0,opto_behavior,eid,15439251-fc4b-4b02-92cd-02398d7aa80a,15439251-fc4b-4b02-92cd-02398d7aa80a,,SWC_NM_063,180624,,PL,,left,ALL,
metadata_final/metadata_opto_behavior.py,431,0c357bb2bbb1d359,opto_behavior,eid,15ab17c6-d15a-4479-9ccb-6834511d046d,15ab17c6-d15a-4479-9ccb-6834511d046d,,SWC_NM_065,290424,,VLS,,right,ALL,figure3_vls_d2_glmhmm
metadata_final/metadata_opto_behavior.py,611,196ce28e15af9676,opto_behavior,eid,15c8fc20-9bdd-460a-8035-8ba01142cf01,15c8fc20-9bdd-460a-8035-8ba01142cf01,,SWC_NM_109,2026-02-18,,VLS,,right,ALL,figure3_vls_d2_glmhmm
metadata_final/metadata_opto_behavior.py,719,67b5eb5c7f597c92,opto_behavior,eid,15eb9851-7b17-432e-8c1b-c35798232ec8,15eb9851-7b17-432e-8c1b-c35798232ec8,,SWC_NM_049,2023-07-28,,MOs,,both,90:9999,
metadata_final/metadata_opto_behavior.py,180,172e36e0caa5261c,opto_behavior,eid,15f0c551-0bc2-4423-ab09-90e03dd240c5,15f0c551-0bc2-4423-ab09-90e03dd240c5,,SWC_NM_012,150222,,SNr,,both,ALL,supp1_hemisphere_specific
metadata_final/metadata_opto_behavior.py,473,1e8e2fc025fc3853,opto_behavior,eid,161f9fcc-4d8f-48c0-9ca9-b939dfab1971,161f9fcc-4d8f-48c0-9ca9-b939dfab1971,,SWC_NM_096,2025-08-15,,SNr,,none,ALL,
metadata_final/metadata_opto_behavior.py,514,2c784e965e33ae0f,opto_behavior,eid,16612840-7c5a-4344-939e-dea8d4a43c3e,16612840-7c5a-4344-939e-dea8d4a43c3e,,SWC_NM_099,2025-09-12,,VLS,,left,ALL,figure3_vls_d1_glmhmm
metadata_final/metadata_opto_behavior.py,158,e3fa6f4d795042b4,opto_behavior,eid,167f71eb-61c0-45fe-9531-5cb5dd33f396,167f71eb-61c0-45fe-9531-5cb5dd33f396,,SWC_NM_010,250222,,ZI,,right,ALL,
metadata_final/metadata_opto_behavior.py,192,7ea4f696f4987771,opto_behavior,eid,167f71eb-61c0-45fe-9531-5cb5dd33f396,167f71eb-61c0-45fe-9531-5cb5dd33f396,,SWC_NM_012,250222,,SNr,,both,ALL,
metadata_final/metadata_opto_behavior.py,164,b466ace2e0cce2d1,opto_behavior,eid,16bb91ac-5701-48c4-8098-1861660d8ccb,16bb91ac-5701-48c4-8098-1861660d8ccb,,SWC_NM_011,171121,,SNr,,left,ALL,supp1_hemisphere_specific
metadata_final/metadata_opto_behavior.py,475,ff9684800d3ed4b9,opto_behavior,eid,17117ae2-7ce0-45a6-8c59-62c9b022031c,17117ae2-7ce0-45a6-8c59-62c9b022031c,,SWC_NM_096,2025-08-14,,SNr,,right,289:9999,figure1_snr_glmhmm;supp1_glmhmm_states;supp1_hemisphere_specific;supp1_snr_no_glmhmm
metadata_final/metadata_opto_behavior.py,476,d77cf0b2cd5782f1,opto_behavior,eid,17117ae2-7ce0-45a6-8c59-62c9b022031c,17117ae2-7ce0-45a6-8c59-62c9b022031c,,SWC_NM_096,2025-08-14,,SNr,,left,0:288,supp1_hemisphere_specific
metadata_final/metadata_opto_behavior.py,781,e58a7ca91d15fcbf,opto_behavior,eid,175350fa-6c2c-468e-9e87-ba4ba916810c,175350fa-6c2c-468e-9e87-ba4ba916810c,,SWC_NM_083,2025-03-21,,VLS,,left,ALL,figure3_vls_d2_glmhmm
metadata_final/metadata_opto_behavior.py,233,dae2916f1ace3d85,opto_behavior,eid,17cd8693-ab43-41fd-9667-b1c1b2cacc0a,17cd8693-ab43-41fd-9667-b1c1b2cacc0a,,SWC_NM_022,240822,,ZI,,left,0:409,
metadata_final/metadata_opto_behavior.py,234,d880fdcda82f7f91,opto_behavior,eid,17cd8693-ab43-41fd-9667-b1c1b2cacc0a,17cd8693-ab43-41fd-9667-b1c1b2cacc0a,,SWC_NM_022,240822,,ZI,,left,409:9999,
metadata_final/metadata_opto_behavior.py,182,e205b98fbce5383b,opto_behavior,eid,186f7c0a-81ca-488a-92c0-14d41263edbe,186f7c0a-81ca-488a-92c0-14d41263edbe,,SWC_NM_012,180222,,SNr,,both,ALL,supp1_hemisphere_specific
metadata_final/metadata_opto_behavior.py,769,3dadd8dbecd67b71,opto_behavior,eid,187eef62-5567-488a-b5cb-b1af1c9ec925,187eef62-5567-488a-b5cb-b1af1c9ec925,,SWC_NM_087,2025-01-03,,VLS,,left,ALL,figure3_vls_d2_glmhmm
metadata_final/metadata_opto_behavior.py,628,a11d2ca29c8842bb,opto_behavior,eid,18a9f2ef-88de-4494-88e7-069e60242202,18a9f2ef-88de-4494-88e7-069e60242202,,SWC_NM_080,2024-08-30,,SNr,,right,ALL,figure1_snr_glmhmm;supp1_glmhmm_states;supp1_hemisphere_specific;supp1_snr_no_glmhmm
metadata_final/metadata_opto_behavior.py,654,71b0c20bd03a6f34,opto_behavior,eid,18d69ef7-e8cd-424e-b764-4c2a278dccde,18d69ef7-e8cd-424e-b764-4c2a278dccde,,SWC_NM_102,2025-12-11,,SNr,,both,ALL,
metadata_final/metadata_opto_behavior.py,563,41181718d34d491b,opto_behavior,eid,1923125d-80ed-4f9e-8653-f4e31bd3ce3a,1923125d-80ed-4f9e-8653-f4e31bd3ce3a,,SWC_NM_101,2025-10-21,,VLS,,left,0:236,figure3_vls_d1_glmhmm
metadata_final/metadata_opto_behavior.py,342,eefb6437d2823e0f,opto_behavior,eid,192eb333-4a1b-4db2-9e0d-72f86ff0fd62,192eb333-4a1b-4db2-9e0d-72f86ff0fd62,,SWC_NM_035,120423,,VMS,,left,165:651,
metadata_final/metadata_opto_behavior.py,499,ea6a8fb7f0e1c94f,opto_behavior,eid,19422058-3daf-44a0-ad74-63b36312205c,19422058-3daf-44a0-ad74-63b36312205c,,SWC_NM_099,2025-10-03,,VLS,,left,ALL,figure3_vls_d1_glmhmm
metadata_final/metadata_opto_behavior.py,299,d270df831e5968cb,opto_behavior,eid,1978c5fc-239e-47e4-9d97-b0c1473a7b78,1978c5fc-239e-47e4-9d97-b0c1473a7b78,,SWC_NM_053,251023,,VLS,,both,113:749,figure3_vls_d1_glmhmm
metadata_final/metadata_opto_behavior.py,83,185f46e8a439f2db,opto_behavior,eid,198dfd8b-7c2d-47d4-9df0-afd1b384a0e7,198dfd8b-7c2d-47d4-9df0-afd1b384a0e7,,SWC_NM_026,2023-01-30,,STN,,left,90:9999,
metadata_final/metadata_opto_behavior.py,281,31f873a8d001e5c0,opto_behavior,eid,19aaab85-9ee4-4959-9592-2fdcc9101264,19aaab85-9ee4-4959-9592-2fdcc9101264,,SWC_NM_036,310323,,VMS,,both,6:649,
metadata_final/metadata_opto_behavior.py,407,4e6ff3cc49343938,opto_behavior,eid,1a4ad434-630b-4b3d-866a-f6b7556b9cd1,1a4ad434-630b-4b3d-866a-f6b7556b9cd1,,SWC_NM_065,200324,,VLS,,right,ALL,figure3_vls_d2_glmhmm
metadata_final/metadata_opto_behavior.py,622,c77ef32ee6cfbd5d,opto_behavior,eid,1a4ff094-11d1-4130-8c06-3ab58b147d64,1a4ff094-11d1-4130-8c06-3ab58b147d64,,SWC_NM_109,2026-02-03,,VLS,,right,ALL,figure3_vls_d2_glmhmm
metadata_final/metadata_opto_behavior.py,873,cb52fd2c34493296,opto_behavior,eid,1c1750e5-3ae0-4197-a636-00ecf434eb3f,1c1750e5-3ae0-4197-a636-00ecf434eb3f,,SWC_NM_110,2026-05-13,,SNr,,both,20:9999,
metadata_final/metadata_opto_behavior.py,479,9200babbe34317d6,opto_behavior,eid,1c4f2c31-9ed1-4f29-a6f6-313aad758a00,1c4f2c31-9ed1-4f29-a6f6-313aad758a00,,SWC_NM_098,2025-10-10,,VLS,,left,ALL,figure3_vls_d1_glmhmm
metadata_final/metadata_opto_behavior.py,133,73f65416cb158d63,opto_behavior,eid,1cceaf57-cd56-410e-bddb-634ee9840c50,1cceaf57-cd56-410e-bddb-634ee9840c50,,SWC_NM_008,240921,,SNr,,right,0:495,figure1_snr_glmhmm;supp1_glmhmm_states;supp1_hemisphere_specific;supp1_snr_no_glmhmm
metadata_final/metadata_opto_behavior.py,134,e219a727aa8b7418,opto_behavior,eid,1cceaf57-cd56-410e-bddb-634ee9840c50,1cceaf57-cd56-410e-bddb-634ee9840c50,,SWC_NM_008,240921,,SNr,,right,495:9999,
metadata_final/metadata_opto_behavior.py,350,c90b2b57d855441a,opto_behavior,eid,1ce32560-314a-49c5-afac-57cc7f5cdb9b,1ce32560-314a-49c5-afac-57cc7f5cdb9b,,SWC_NM_037,310723,,DLS,,right,148:689,
metadata_final/metadata_opto_behavior.py,646,b7b5e22041f8843f,opto_behavior,eid,1cf94da6-a587-45c8-8933-1fed3e778cad,1cf94da6-a587-45c8-8933-1fed3e778cad,,SWC_NM_102,2026-02-03,,SNr,,left,ALL,
metadata_final/metadata_opto_behavior.py,291,c3a00d11cf22bc04,opto_behavior,eid,1d7fedc4-04be-468f-8d4e-76c8e51d4e91,1d7fedc4-04be-468f-8d4e-76c8e51d4e91,,SWC_NM_036,180423,,VMS,,right,90:9999,
metadata_final/metadata_opto_behavior.py,591,7b69b9d4fbcc1b67,opto_behavior,eid,1db7880d-a532-4af0-b720-88f3dc1d722c,1db7880d-a532-4af0-b720-88f3dc1d722c,,SWC_NM_105,2025-12-02,,VLS,,left,ALL,figure3_vls_d1_glmhmm
metadata_final/metadata_opto_behavior.py,6,3b0e395958bc43e6,opto_behavior,eid,1dcab41c-9ec6-4a1c-bd4c-67721db91df6,1dcab41c-9ec6-4a1c-bd4c-67721db91df6,,SWC_NM_024,2023-02-14,,STN,,left,ALL,figure3_stn_glmhmm
metadata_final/metadata_opto_behavior.py,38,c78173fd53b3cd90,opto_behavior,eid,1ddfaa39-f15b-4eda-9c70-c6d4f874fdb6,1ddfaa39-f15b-4eda-9c70-c6d4f874fdb6,,SWC_NM_024,2022-12-16,,STN,,left,15:9999,figure3_stn_glmhmm
metadata_final/metadata_opto_behavior.py,218,dfa8d2a66da69235,opto_behavior,eid,1f05c49c-1b40-418b-ab59-89232916710a,1f05c49c-1b40-418b-ab59-89232916710a,,SWC_NM_016,140422,,SNr,,left,204:545,supp1_hemisphere_specific
metadata_final/metadata_opto_behavior.py,188,6ee87772f2de70a6,opto_behavior,eid,1f19e366-46b0-46ea-a137-1bf58a3d83c5,1f19e366-46b0-46ea-a137-1bf58a3d83c5,,SWC_NM_012,020222,,SNr,,left,ALL,
metadata_final/metadata_opto_behavior.py,338,a1960b6b1e961f10,opto_behavior,eid,1f36b80d-dfb5-4842-a7fc-8af8f10ce602,1f36b80d-dfb5-4842-a7fc-8af8f10ce602,,SWC_NM_035,220323,,VMS,,right,7:787,
metadata_final/metadata_opto_behavior.py,358,7929602e366e03ba,opto_behavior,eid,1f87f9fa-da91-41c9-92ae-8e1be72766dd,1f87f9fa-da91-41c9-92ae-8e1be72766dd,,SWC_NM_037,010823,,DLS,,both,132:551,
metadata_final/metadata_opto_behavior.py,412,ac82c13ca0ab5904,opto_behavior,eid,1f932c9b-17b8-4915-acb9-134735bcd045,1f932c9b-17b8-4915-acb9-134735bcd045,,SWC_NM_065,270324,,VLS,,left,ALL,figure3_vls_d2_glmhmm
metadata_final/metadata_opto_behavior.py,783,5f5f9de0139bbaf9,opto_behavior,eid,1fb664c8-dcab-4ba8-8991-45d933c31397,1fb664c8-dcab-4ba8-8991-45d933c31397,,SWC_NM_083,2025-03-19,,VLS,,right,ALL,figure3_vls_d2_glmhmm
metadata_final/metadata_opto_behavior.py,104,6b8798b5f056e7ad,opto_behavior,eid,205e8076-40b3-4432-8044-0dd890839db7,205e8076-40b3-4432-8044-0dd890839db7,,SWC_NM_003,081021,,ZI,,both,ALL,figure1_zi_glmhmm
metadata_final/metadata_opto_behavior.py,567,e74d3430f69cda59,opto_behavior,eid,208aa70b-cd97-4497-83f1-c38cbd2a7742,208aa70b-cd97-4497-83f1-c38cbd2a7742,,SWC_NM_101,2025-10-08,,VLS,,none,ALL,
metadata_final/metadata_opto_behavior.py,592,c6aa9943a9f8d0c8,opto_behavior,eid,20c761c5-a7c4-4efa-8671-68340cf85613,20c761c5-a7c4-4efa-8671-68340cf85613,,SWC_NM_105,2025-12-01,,VLS,,both,ALL,figure3_vls_d1_glmhmm
metadata_final/metadata_opto_behavior.py,284,b2cf82b29357c4cc,opto_behavior,eid,20ed1969-96f6-4f57-9ae7-66ee094e47d7,20ed1969-96f6-4f57-9ae7-66ee094e47d7,,SWC_NM_036,050423,,VMS,,right,5:580,
metadata_final/metadata_opto_behavior.py,433,e88d3a280458a1f5,opto_behavior,eid,2184a7ac-dca7-46db-b727-5180a7c6b0d0,2184a7ac-dca7-46db-b727-5180a7c6b0d0,,SWC_NM_065,010524,,VLS,,right,ALL,figure3_vls_d2_glmhmm
metadata_final/metadata_opto_behavior.py,470,2c3b4b54e62ee263,opto_behavior,eid,221997ed-9cb5-45d1-b7b9-e1af87103a58,221997ed-9cb5-45d1-b7b9-e1af87103a58,,SWC_NM_096,2025-08-20,,SNr,,left,ALL,supp1_hemisphere_specific
metadata_final/metadata_opto_behavior.py,446,438f59a8784227a1,opto_behavior,eid,229e8bba-986d-408b-abb7-ec7fdb02e2f4,229e8bba-986d-408b-abb7-ec7fdb02e2f4,,SWC_NM_096,2025-09-24,,SNr,,right,ALL,figure1_snr_glmhmm;supp1_glmhmm_states;supp1_hemisphere_specific;supp1_snr_no_glmhmm
metadata_final/metadata_opto_behavior.py,625,03798b0e0bc7c916,opto_behavior,eid,22a99058-05c5-499d-b8d8-1e518339e123,22a99058-05c5-499d-b8d8-1e518339e123,,SWC_NM_080,2024-10-17,,SNr,,right,ALL,figure1_snr_glmhmm;supp1_glmhmm_states;supp1_hemisphere_specific;supp1_snr_no_glmhmm
metadata_final/metadata_opto_behavior.py,481,1ddd1fc70f4a7868,opto_behavior,eid,234a754d-05ec-464b-ad0b-4d9cf111bf31,234a754d-05ec-464b-ad0b-4d9cf111bf31,,SWC_NM_098,2025-10-08,,VLS,,left,ALL,figure3_vls_d1_glmhmm
metadata_final/metadata_opto_behavior.py,119,50aee24e513bd75a,opto_behavior,eid,23520eca-b5b1-45fb-a629-3ebf3a620c2f,23520eca-b5b1-45fb-a629-3ebf3a620c2f,,SWC_NM_004,101121,,SNr,,left,ALL,supp1_hemisphere_specific
metadata_final/metadata_opto_behavior.py,137,5210d822e8ef003e,opto_behavior,eid,238a0a48-392e-4d18-836a-eb5fe0853bfe,238a0a48-392e-4d18-836a-eb5fe0853bfe,,SWC_NM_008,300921,,SNr,,both,ALL,
metadata_final/metadata_opto_behavior.py,292,a0094f87a0a9aaf9,opto_behavior,eid,23c27379-e440-4013-9a1b-6ee05eed33b3,23c27379-e440-4013-9a1b-6ee05eed33b3,,SWC_NM_036,190423,,VMS,,left,5:878,
metadata_final/metadata_opto_behavior.py,390,b9265b43ccab4393,opto_behavior,eid,241f00a1-f73f-4c90-908e-e3f548d48664,241f00a1-f73f-4c90-908e-e3f548d48664,,SWC_NM_065,230224,,VLS,,right,53:864,figure3_vls_d2_glmhmm
metadata_final/metadata_opto_behavior.py,776,67ce91f4f416f55c,opto_behavior,eid,24214686-b5b6-453b-9004-8f6e3e9d9882,24214686-b5b6-453b-9004-8f6e3e9d9882,,SWC_NM_087,2024-12-16,,VLS,,right,ALL,figure3_vls_d2_glmhmm
metadata_final/metadata_opto_behavior.py,568,77825802ee51b7a2,opto_behavior,eid,249bc715-8fe4-492e-84dc-3fb2e15a3098,249bc715-8fe4-492e-84dc-3fb2e15a3098,,SWC_NM_073,010524,,VLS,,left,35:500,figure3_vls_d1_glmhmm
metadata_final/metadata_opto_behavior.py,264,18d5273e3eb0d9d9,opto_behavior,eid,2506b4db-1368-402b-8afc-cd915384926a,2506b4db-1368-402b-8afc-cd915384926a,,SWC_NM_104,2025-11-19,,ZI,,both,ALL,figure1_zi_glmhmm
metadata_final/metadata_opto_behavior.py,328,7305beb9a2d935a7,opto_behavior,eid,252731b9-9b96-4bea-a2b2-056683506cf7,252731b9-9b96-4bea-a2b2-056683506cf7,,SWC_NM_035,100323,,VMS,,left,1:396,
metadata_final/metadata_opto_behavior.py,209,af119db2146c3a96,opto_behavior,eid,25863f4c-20d6-43e1-903d-088bcbfdc441,25863f4c-20d6-43e1-903d-088bcbfdc441,,SWC_NM_018,150622,,SNr,,left,"149:242,364:461,581:674,769:798",supp1_hemisphere_specific
metadata_final/metadata_opto_behavior.py,210,a430e74494fea10e,opto_behavior,eid,25863f4c-20d6-43e1-903d-088bcbfdc441,25863f4c-20d6-43e1-903d-088bcbfdc441,,SWC_NM_018,150622,,SNr,,left,"242:364,461:581,674:769",
metadata_final/metadata_opto_behavior.py,471,b9e5450c5b49468d,opto_behavior,eid,25d98c34-1509-4726-970d-15ce47cf082f,25d98c34-1509-4726-970d-15ce47cf082f,,SWC_NM_096,2025-08-19,,SNr,,both,238:9999,supp1_hemisphere_specific
metadata_final/metadata_opto_behavior.py,315,f25628c32ac97537,opto_behavior,eid,2630a3ef-20fb-4511-bd40-5baae2e2f33e,2630a3ef-20fb-4511-bd40-5baae2e2f33e,,SWC_NM_053,271123,,VLS,,both,123:887,figure3_vls_d1_glmhmm
metadata_final/metadata_opto_behavior.py,657,cfeadc9e3d65a096,opto_behavior,eid,26330506-1c26-4a75-953c-91808409c92b,26330506-1c26-4a75-953c-91808409c92b,,SWC_NM_102,2025-12-08,,SNr,,left,ALL,
metadata_final/metadata_opto_behavior.py,737,1647f46e54480787,opto_behavior,eid,26795a4a-c0dd-4423-87d2-6bfc6b03b528,26795a4a-c0dd-4423-87d2-6bfc6b03b528,,SWC_NM_051,2023-09-25,,MOs,,both,94:9999,
metadata_final/metadata_opto_behavior.py,162,16943a711464093d,opto_behavior,eid,269798e4-4837-42f0-80a8-12feafb5325e,269798e4-4837-42f0-80a8-12feafb5325e,,SWC_NM_011,101121,,SNr,,right,ALL,figure1_snr_glmhmm;supp1_glmhmm_states;supp1_hemisphere_specific;supp1_snr_no_glmhmm
metadata_final/metadata_opto_behavior.py,549,fe2eb5ad0985d704,opto_behavior,eid,26c225de-a4d5-42d9-bc30-f3f7d391bb30,26c225de-a4d5-42d9-bc30-f3f7d391bb30,,SWC_NM_101,2025-12-05,,VLS,,both,ALL,figure3_vls_d1_glmhmm
metadata_final/metadata_opto_behavior.py,562,5e50c961cf6fc737,opto_behavior,eid,2702b582-3e57-4c43-bbda-72269900a4cb,2702b582-3e57-4c43-bbda-72269900a4cb,,SWC_NM_101,2025-11-14,,VLS,,left,ALL,figure3_vls_d1_glmhmm
metadata_final/metadata_opto_behavior.py,482,5f063b6759d0a780,opto_behavior,eid,276cf129-81e8-4a46-bef6-b10c8242e8eb,276cf129-81e8-4a46-bef6-b10c8242e8eb,,SWC_NM_098,2025-10-06,,VLS,,left,ALL,figure3_vls_d1_glmhmm
metadata_final/metadata_opto_behavior.py,461,7b404f18740782c7,opto_behavior,eid,27726b68-6bc1-46b4-8456-38b7b046363c,27726b68-6bc1-46b4-8456-38b7b046363c,,SWC_NM_096,2025-09-04,,SNr,,right,ALL,figure1_snr_glmhmm;supp1_glmhmm_states;supp1_hemisphere_specific;supp1_snr_no_glmhmm
metadata_final/metadata_opto_behavior.py,33,7b1039c4c1a835c8,opto_behavior,eid,279d6a88-fbcb-42ab-b46e-fa12a26d6618,279d6a88-fbcb-42ab-b46e-fa12a26d6618,,SWC_NM_024,2022-12-22,,STN,,left,3:9999,figure3_stn_glmhmm
metadata_final/metadata_opto_behavior.py,285,4d53d2444856c451,opto_behavior,eid,2845f8ed-6f0b-4b48-85a2-974b07c6a0a0,2845f8ed-6f0b-4b48-85a2-974b07c6a0a0,,SWC_NM_036,060423,,VMS,,both,130:664,
metadata_final/metadata_opto_behavior.py,492,d3a3b32ae1c237c1,opto_behavior,eid,2853b63d-9306-46a0-aab5-8137ba7111ea,2853b63d-9306-46a0-aab5-8137ba7111ea,,SWC_NM_098,2025-09-11,,VLS,,left,30:9999,figure3_vls_d1_glmhmm
metadata_final/metadata_opto_behavior.py,522,0efb449b1f3efadd,opto_behavior,eid,285d1920-3769-4535-931e-7429db4b89d2,285d1920-3769-4535-931e-7429db4b89d2,,SWC_NM_099,2025-09-02,,VLS,,both,ALL,figure3_vls_d1_glmhmm
metadata_final/metadata_opto_behavior.py,555,bbcc54554d3f6218,opto_behavior,eid,286092f1-04c3-4edd-bfec-6d8cfaaed7b4,286092f1-04c3-4edd-bfec-6d8cfaaed7b4,,SWC_NM_101,2025-11-27,,VLS,,right,ALL,figure3_vls_d1_glmhmm
metadata_final/metadata_opto_behavior.py,181,8dcaac54826f3a78,opto_behavior,eid,288b4537-a539-49f3-a56c-c67c80b3704c,288b4537-a539-49f3-a56c-c67c80b3704c,,SWC_NM_012,160222,,SNr,,both,ALL,supp1_hemisphere_specific
metadata_final/metadata_opto_behavior.py,637,45739b67ec3a3c14,opto_behavior,eid,289c4d50-12f0-4ccf-889e-ded84dfb6c1f,289c4d50-12f0-4ccf-889e-ded84dfb6c1f,,SWC_NM_102,2026-02-14,,SNr,,left,ALL,
metadata_final/metadata_opto_behavior.py,634,219db72127996805,opto_behavior,eid,28c7741c-07dc-4972-9a55-cd49460df4fd,28c7741c-07dc-4972-9a55-cd49460df4fd,,SWC_NM_080,2024-08-21,,SNr,,left,ALL,
metadata_final/metadata_opto_behavior.py,169,02b4cd0d458c8731,opto_behavior,eid,28d3ceed-1edb-4ac6-b7c8-e3647ad36370,28d3ceed-1edb-4ac6-b7c8-e3647ad36370,,SWC_NM_011,261121,,SNr,,left,ALL,supp1_hemisphere_specific
metadata_final/metadata_opto_behavior.py,726,382db3261d7fda73,opto_behavior,eid,291a4e8f-5324-4a8f-83d3-9716f8689d41,291a4e8f-5324-4a8f-83d3-9716f8689d41,,SWC_NM_049,2023-07-19,,MOs,,none,ALL,
metadata_final/metadata_opto_behavior.py,554,5dd94ff59c6a9efd,opto_behavior,eid,292a8d6b-9805-4d6f-bbb8-888bcc724fd5,292a8d6b-9805-4d6f-bbb8-888bcc724fd5,,SWC_NM_101,2025-11-28,,VLS,,both,ALL,figure3_vls_d1_glmhmm
metadata_final/metadata_opto_behavior.py,203,a042c1df67007190,opto_behavior,eid,2a2583b4-18b9-4dbe-918c-eb753d16c03e,2a2583b4-18b9-4dbe-918c-eb753d16c03e,,SWC_NM_018,090622,,SNr,,both,62:9999,supp1_hemisphere_specific
metadata_final/metadata_opto_behavior.py,186,319aec6f4073dc80,opto_behavior,eid,2a2efcbf-0269-477b-97f2-89f8ef04decf,2a2efcbf-0269-477b-97f2-89f8ef04decf,,SWC_NM_012,240222,,SNr,,left,ALL,supp1_hemisphere_specific
metadata_final/metadata_opto_behavior.py,644,59f50310f0e66dbb,opto_behavior,eid,2a320f1e-c447-4dda-962e-cc782e37141e,2a320f1e-c447-4dda-962e-cc782e37141e,,SWC_NM_102,2026-02-05,,SNr,,both,ALL,
metadata_final/metadata_opto_behavior.py,678,c63e814527809638,opto_behavior,eid,2a4234bc-d390-48ce-9dae-fec7a9d6b8bd,2a4234bc-d390-48ce-9dae-fec7a9d6b8bd,,SWC_NM_103,2026-02-20,,SNr,,both,ALL,supp1_hemisphere_specific
metadata_final/metadata_opto_behavior.py,836,b462fc81a7e3bb6e,opto_behavior,eid,2a596ea2-05ec-4777-990e-05f27bec3c59,2a596ea2-05ec-4777-990e-05f27bec3c59,,SWC_NM_111,2026-04-15,,ZI,,left,ALL,figure1_zi_glmhmm
metadata_final/metadata_opto_behavior.py,230,bc85772de12ff231,opto_behavior,eid,2a7d673c-abfb-41cf-bff5-5c3b9b06a952,2a7d673c-abfb-41cf-bff5-5c3b9b06a952,,SWC_NM_022,2022-09-21,,ZI,,left,"0:171,458:9999",
metadata_final/metadata_opto_behavior.py,231,5198961db6b12d95,opto_behavior,eid,2a7d673c-abfb-41cf-bff5-5c3b9b06a952,2a7d673c-abfb-41cf-bff5-5c3b9b06a952,,SWC_NM_022,2022-09-21,,ZI,,left,172:400,figure1_zi_glmhmm
metadata_final/metadata_opto_behavior.py,148,88452216aca32d5e,opto_behavior,eid,2aa240a4-0d31-4271-845d-c33e951e9118,2aa240a4-0d31-4271-845d-c33e951e9118,,SWC_NM_010,210222,,ZI,,both,ALL,figure1_zi_glmhmm
metadata_final/metadata_opto_behavior.py,577,02cc1bb4a027d516,opto_behavior,eid,2acbd25f-ab61-4fb5-bd2d-db7d2fb04f34,2acbd25f-ab61-4fb5-bd2d-db7d2fb04f34,,SWC_NM_073,070624,,VLS,,both,6:9999,figure3_vls_d1_glmhmm
metadata_final/metadata_opto_behavior.py,189,71b71310f6cd48f8,opto_behavior,eid,2aed2d49-fced-4465-b3bb-58b225079748,2aed2d49-fced-4465-b3bb-58b225079748,,SWC_NM_012,040222,,SNr,,right,80:9999,
metadata_final/metadata_opto_behavior.py,39,b00dca71f397bdb6,opto_behavior,eid,2b8f4563-477b-4311-ad27-52de0ef20143,2b8f4563-477b-4311-ad27-52de0ef20143,,SWC_NM_024,2022-12-15,,STN,,left,108:352,
metadata_final/metadata_opto_behavior.py,111,e10438a517deaf29,opto_behavior,eid,2b920090-8256-4a13-9923-a4b57952faa7,2b920090-8256-4a13-9923-a4b57952faa7,,SWC_NM_003,221021,,ZI,,both,ALL,figure1_zi_glmhmm
metadata_final/metadata_opto_behavior.py,588,36320ecf9e17d68b,opto_behavior,eid,2b9ccc2d-aa2a-43bd-8a3c-5844e84c3db2,2b9ccc2d-aa2a-43bd-8a3c-5844e84c3db2,,SWC_NM_105,2025-12-09,,VLS,,both,ALL,figure3_vls_d1_glmhmm
metadata_final/metadata_opto_behavior.py,129,02ecb7eeb26049b6,opto_behavior,eid,2bbae950-9555-43d0-9891-03e47f18b286,2bbae950-9555-43d0-9891-03e47f18b286,,SWC_NM_008,100921,,SNr,,both,ALL,
metadata_final/metadata_opto_behavior.py,850,9e3470649bb3bc19,opto_behavior,eid,2bde1da6-cd71-4cda-a8d1-46cf7c4fe13d,2bde1da6-cd71-4cda-a8d1-46cf7c4fe13d,,SWC_NM_111,2026-03-23,,ZI,,both,ALL,figure1_zi_glmhmm
metadata_final/metadata_opto_behavior.py,826,043c2f9247e035db,opto_behavior,eid,2c4da1b0-05fc-4c58-8811-d5f2508a9581,2c4da1b0-05fc-4c58-8811-d5f2508a9581,,SWC_NM_106,2026-03-31,,VLS,,left,ALL,
metadata_final/metadata_opto_behavior.py,584,1d5d5441395dc9a0,opto_behavior,eid,2c599f47-5f22-4a89-9b9d-a4be933bd46e,2c599f47-5f22-4a89-9b9d-a4be933bd46e,,SWC_NM_073,200624,,VLS,,left,0:9999,figure3_vls_d1_glmhmm
metadata_final/metadata_opto_behavior.py,830,420833843c2da312,opto_behavior,eid,2cb4353f-ff13-4661-b1c5-aaf892ba47cb,2cb4353f-ff13-4661-b1c5-aaf892ba47cb,,SWC_NM_111,2026-04-23,,ZI,,both,ALL,figure1_zi_glmhmm
metadata_final/metadata_opto_behavior.py,424,4d8870fe1c0bf06c,opto_behavior,eid,2d3f78c0-b7f8-4045-9bc1-8c76a7ae4a51,2d3f78c0-b7f8-4045-9bc1-8c76a7ae4a51,,SWC_NM_065,180424,,VLS,,both,ALL,figure3_vls_d2_glmhmm
metadata_final/metadata_opto_behavior.py,359,f3388dd67d6b41f4,opto_behavior,eid,2dccb63e-d226-4851-9b3b-432c8a855e52,2dccb63e-d226-4851-9b3b-432c8a855e52,,SWC_NM_037,180723,,DLS,,right,198:523,
metadata_final/metadata_opto_behavior.py,421,9de676f88967aa2e,opto_behavior,eid,2e4e763c-aa49-4ba0-a194-86f0ae0d537e,2e4e763c-aa49-4ba0-a194-86f0ae0d537e,,SWC_NM_065,120424,,VLS,,both,ALL,figure3_vls_d2_glmhmm
metadata_final/metadata_opto_behavior.py,410,5464d57bc496386f,opto_behavior,eid,2ee29830-76f1-43dc-9851-c10eccdc12dd,2ee29830-76f1-43dc-9851-c10eccdc12dd,,SWC_NM_065,250324,,VLS,,right,ALL,figure3_vls_d2_glmhmm
metadata_final/metadata_opto_behavior.py,31,7d210887e82b9e04,opto_behavior,eid,2f95753b-06cf-4860-b3a7-82b4d7a9fd45,2f95753b-06cf-4860-b3a7-82b4d7a9fd45,,SWC_NM_024,2023-01-10,,STN,,left,ALL,figure3_stn_glmhmm
metadata_final/metadata_opto_behavior.py,289,b6faaf72eb1d216b,opto_behavior,eid,2fc30f24-10ee-4f3d-bc03-a42e2a1eb51e,2fc30f24-10ee-4f3d-bc03-a42e2a1eb51e,,SWC_NM_036,140423,,VMS,,left,90:914,
metadata_final/metadata_opto_behavior.py,484,548f02d66566994a,opto_behavior,eid,3047075f-fe45-4a2d-8cf7-7b20210b1073,3047075f-fe45-4a2d-8cf7-7b20210b1073,,SWC_NM_098,2025-10-01,,VLS,,left,ALL,figure3_vls_d1_glmhmm
metadata_final/metadata_opto_behavior.py,250,407400dc9a3c3be7,opto_behavior,eid,312f05e2-db5b-4d2b-99f5-80638c889899,312f05e2-db5b-4d2b-99f5-80638c889899,,SWC_NM_104,2025-12-08,,ZI,,left,ALL,
metadata_final/metadata_opto_behavior.py,138,44b43772dd006fbe,opto_behavior,eid,318bffb7-9bca-4145-affe-b52588a5dc1c,318bffb7-9bca-4145-affe-b52588a5dc1c,,SWC_NM_008,011021,,SNr,,both,ALL,
metadata_final/metadata_opto_behavior.py,404,a97639f112aa02f9,opto_behavior,eid,31aaf34d-04ea-4713-b2af-dffddd2ffafd,31aaf34d-04ea-4713-b2af-dffddd2ffafd,,SWC_NM_065,140324,,VLS,,left,ALL,figure3_vls_d2_glmhmm
metadata_final/metadata_opto_behavior.py,420,c7a268646d47749e,opto_behavior,eid,31aaf34d-04ea-4713-b2af-dffddd2ffafd,31aaf34d-04ea-4713-b2af-dffddd2ffafd,,SWC_NM_065,110424,,VLS,,left,ALL,figure3_vls_d2_glmhmm
metadata_final/metadata_opto_behavior.py,612,e7d2c19a902e3361,opto_behavior,eid,31f5dbd5-6db7-4688-80a0-14acc83de81d,31f5dbd5-6db7-4688-80a0-14acc83de81d,,SWC_NM_109,2026-02-17,,VLS,,left,ALL,figure3_vls_d2_glmhmm
metadata_final/metadata_opto_behavior.py,884,d6b8b0dd9a83e850,opto_behavior,eid,32a645ec-f07d-46f0-9464-1c6a4da6581f,32a645ec-f07d-46f0-9464-1c6a4da6581f,,SWC_NM_113,2026-05-11,,SNr,,both,ALL,supp1_hemisphere_specific
metadata_final/metadata_opto_behavior.py,220,356bf60a73253867,opto_behavior,eid,32cf6ee5-2397-4482-a1f6-bb01745a4b4b,32cf6ee5-2397-4482-a1f6-bb01745a4b4b,,SWC_NM_016,280422,,SNr,,left,90:700,supp1_hemisphere_specific
metadata_final/metadata_opto_behavior.py,650,2b96d0cd51caa1c2,opto_behavior,eid,32e3cf7a-a3e3-41a4-a5d7-cb75022d4597,32e3cf7a-a3e3-41a4-a5d7-cb75022d4597,,SWC_NM_102,2026-01-28,,SNr,,both,ALL,
metadata_final/metadata_opto_behavior.py,146,06f802d7109beb33,opto_behavior,eid,330ebac8-a94e-4a0c-a50a-c571fb162b02,330ebac8-a94e-4a0c-a50a-c571fb162b02,,SWC_NM_010,150222,,ZI,,left,ALL,figure1_zi_glmhmm
metadata_final/metadata_opto_behavior.py,663,48c6fc4e692e35d3,opto_behavior,eid,331dea26-7d0f-4ef8-966f-ecd31fd68b08,331dea26-7d0f-4ef8-966f-ecd31fd68b08,,SWC_NM_102,2025-11-28,,SNr,,right,ALL,
metadata_final/metadata_opto_behavior.py,357,2cdeeb1371fb73b5,opto_behavior,eid,33201ab9-04fe-455b-827b-8aea51949a70,33201ab9-04fe-455b-827b-8aea51949a70,,SWC_NM_037,270723,,DLS,,both,136:662,
metadata_final/metadata_opto_behavior.py,469,09d3bafb8709c1c2,opto_behavior,eid,33567616-744f-4c22-b89b-6d3f299e8a79,33567616-744f-4c22-b89b-6d3f299e8a79,,SWC_NM_096,2025-08-21,,SNr,,none,ALL,
metadata_final/metadata_opto_behavior.py,110,8a451daaf818f14c,opto_behavior,eid,335a0eda-f61d-45d2-b1df-1aea44c5abcb,335a0eda-f61d-45d2-b1df-1aea44c5abcb,,SWC_NM_003,211021,,ZI,,both,ALL,
metadata_final/metadata_opto_behavior.py,386,f879a0b5c1c75bc4,opto_behavior,eid,336a7390-5f64-4217-a9ba-832083f1cb16,336a7390-5f64-4217-a9ba-832083f1cb16,,SWC_NM_043,140923,,VLS,,both,103:523,
metadata_final/metadata_opto_behavior.py,674,e6b81f21573fd372,opto_behavior,eid,33f4d759-46a4-4e54-921b-e08886536f13,33f4d759-46a4-4e54-921b-e08886536f13,,SWC_NM_103,2026-02-27,,SNr,,right,ALL,figure1_snr_glmhmm;supp1_glmhmm_states;supp1_hemisphere_specific;supp1_snr_no_glmhmm
metadata_final/metadata_opto_behavior.py,578,7e9f81aefeb4f04c,opto_behavior,eid,346f7a43-e10b-498f-8f8b-c9802dadeabd,346f7a43-e10b-498f-8f8b-c9802dadeabd,,SWC_NM_073,110624,,VLS,,none,NONE,
metadata_final/metadata_opto_behavior.py,86,5d3b1278dfb48dcf,opto_behavior,eid,3475b385-19af-4be2-a667-4cd9a4ba7527,3475b385-19af-4be2-a667-4cd9a4ba7527,,SWC_NM_026,2023-01-25,,STN,,left,50:9999,
metadata_final/metadata_opto_behavior.py,695,de97c2950d7cd842,opto_behavior,eid,3482d302-75f7-419a-85d6-05e9b05746fb,3482d302-75f7-419a-85d6-05e9b05746fb,,SWC_NM_103,2026-01-27,,SNr,,left,ALL,supp1_hemisphere_specific
metadata_final/metadata_opto_behavior.py,586,fafb6af19ea6cec1,opto_behavior,eid,34cc8a58-c98e-4ddf-b527-d4a420f68ba0,34cc8a58-c98e-4ddf-b527-d4a420f68ba0,,SWC_NM_105,2025-12-12,,VLS,,both,ALL,figure3_vls_d1_glmhmm
metadata_final/metadata_opto_behavior.py,525,4a11cafb464ffaa2,opto_behavior,eid,363fb0df-7564-40d2-9fa1-d151a7b7d5b0,363fb0df-7564-40d2-9fa1-d151a7b7d5b0,,SWC_NM_099,2025-08-28,,VLS,,left,30:9999,figure3_vls_d1_glmhmm
metadata_final/metadata_opto_behavior.py,306,0065eb88768a1ed4,opto_behavior,eid,3693330f-2dee-4943-8713-2ee908736a06,3693330f-2dee-4943-8713-2ee908736a06,,SWC_NM_053,131123,,VLS,,both,124:668,figure3_vls_d1_glmhmm
metadata_final/metadata_opto_behavior.py,758,42f3ddf78bc36c8e,opto_behavior,eid,369d3a18-44de-42dd-abc4-de4a65dc1ac9,369d3a18-44de-42dd-abc4-de4a65dc1ac9,,SWC_NM_089,2024-11-14,,VLS,,left,ALL,figure3_vls_d2_glmhmm
metadata_final/metadata_opto_behavior.py,356,790c069ee5a4c4e7,opto_behavior,eid,36d25914-b9d7-4660-929e-6b6abe64d7c6,36d25914-b9d7-4660-929e-6b6abe64d7c6,,SWC_NM_037,250723,,DLS,,both,200:824,
metadata_final/metadata_opto_behavior.py,507,0eea465c63dab77b,opto_behavior,eid,374bf3c0-c12f-4612-9888-4e4a5cf0d1b8,374bf3c0-c12f-4612-9888-4e4a5cf0d1b8,,SWC_NM_099,2025-09-23,,VLS,,left,ALL,figure3_vls_d1_glmhmm
metadata_final/metadata_opto_behavior.py,397,4f3422a277f8af03,opto_behavior,eid,3751487f-db0a-4905-ba89-0ddbe5b721e3,3751487f-db0a-4905-ba89-0ddbe5b721e3,,SWC_NM_065,050324,,VLS,,none,0:801,
metadata_final/metadata_opto_behavior.py,805,a22fa19460e5d9c8,opto_behavior,eid,37d55d35-d803-4d59-b29a-5032107663d1,37d55d35-d803-4d59-b29a-5032107663d1,,SWC_NM_108,2026-03-20,,VLS,,right,ALL,figure3_vls_d2_glmhmm
metadata_final/metadata_opto_behavior.py,273,f27717e791c5e2a6,opto_behavior,eid,37f0bd30-767f-45d2-a667-ac14a2a0787e,37f0bd30-767f-45d2-a667-ac14a2a0787e,,SWC_NM_036,210323,,VMS,,right,16:685,
metadata_final/metadata_opto_behavior.py,380,558ff890eef06b72,opto_behavior,eid,380311ce-5021-412d-b9d7-d2f1e048ec63,380311ce-5021-412d-b9d7-d2f1e048ec63,,SWC_NM_043,150823,,VLS,,both,98:657,
metadata_final/metadata_opto_behavior.py,754,12b36e8ec8b4d134,opto_behavior,eid,38380394-c382-432e-8403-2354edf1c7fb,38380394-c382-432e-8403-2354edf1c7fb,,SWC_NM_089,2024-11-21,,VLS,,left,ALL,figure3_vls_d2_glmhmm
metadata_final/metadata_opto_behavior.py,373,f2574cb2fb53c8ae,opto_behavior,eid,38dd63f0-297b-44a8-b469-2c16c76461ac,38dd63f0-297b-44a8-b469-2c16c76461ac,,SWC_NM_042,020623,,VLS,,both,148:621,
metadata_final/metadata_opto_behavior.py,256,cdbf017fef909c32,opto_behavior,eid,3924bc3c-2e8a-451e-a56e-e5c96cc3f0d3,3924bc3c-2e8a-451e-a56e-e5c96cc3f0d3,,SWC_NM_104,2025-11-28,,ZI,,both,ALL,figure1_zi_glmhmm
metadata_final/metadata_opto_behavior.py,393,b8481d336fb54b0e,opto_behavior,eid,395d7e8b-babe-4f39-b9f7-f62444002e36,395d7e8b-babe-4f39-b9f7-f62444002e36,,SWC_NM_065,280224,,VLS,,right,58:687,figure3_vls_d2_glmhmm
metadata_final/metadata_opto_behavior.py,677,90db06eacf8e8244,opto_behavior,eid,3a7fcb1a-73b7-42a0-9f52-e8ab8c16e65e,3a7fcb1a-73b7-42a0-9f52-e8ab8c16e65e,,SWC_NM_103,2026-02-23,,SNr,,left,ALL,supp1_hemisphere_specific
metadata_final/metadata_opto_behavior.py,775,220e6f79b626b5c1,opto_behavior,eid,3aa941b5-a28e-4621-917d-cd8791480130,3aa941b5-a28e-4621-917d-cd8791480130,,SWC_NM_087,2024-12-17,,VLS,,left,ALL,figure3_vls_d2_glmhmm
metadata_final/metadata_opto_behavior.py,172,a69e9a3fdf925533,opto_behavior,eid,3abd3941-4f14-482b-a9af-d9ee0e4bc69d,3abd3941-4f14-482b-a9af-d9ee0e4bc69d,,SWC_NM_011,091121,,SNr,,right,ALL,
metadata_final/metadata_opto_behavior.py,316,21b14079c3acb098,opto_behavior,eid,3ad1c330-a34e-460b-894c-1c50d04e6d38,3ad1c330-a34e-460b-894c-1c50d04e6d38,,SWC_NM_053,281123,,VLS,,both,90:738,
metadata_final/metadata_opto_behavior.py,842,bc301503979f7317,opto_behavior,eid,3ada9be9-f292-4716-807e-ab3b912283d6,3ada9be9-f292-4716-807e-ab3b912283d6,,SWC_NM_111,2026-04-08,,ZI,,right,638:9999,
metadata_final/metadata_opto_behavior.py,843,9c362d16b93e2dd6,opto_behavior,eid,3ada9be9-f292-4716-807e-ab3b912283d6,3ada9be9-f292-4716-807e-ab3b912283d6,,SWC_NM_111,2026-04-08,,ZI,,left,236:637,
metadata_final/metadata_opto_behavior.py,377,111b38f24916a1c6,opto_behavior,eid,3aedd7d5-b3e1-4617-99e4-3923c19105c9,3aedd7d5-b3e1-4617-99e4-3923c19105c9,,SWC_NM_042,150623,,VLS,,both,106:9999,
metadata_final/metadata_opto_behavior.py,874,ee1ef2f355436815,opto_behavior,eid,3b2314e9-d3c4-4fc3-be3d-544635f360db,3b2314e9-d3c4-4fc3-be3d-544635f360db,,SWC_NM_113,2026-05-21,,SNr,,both,ALL,supp1_hemisphere_specific
metadata_final/metadata_opto_behavior.py,36,e93c1bd7067e1a74,opto_behavior,eid,3bec32f7-9c81-41be-bd39-dd5f9056fee5,3bec32f7-9c81-41be-bd39-dd5f9056fee5,,SWC_NM_024,2022-12-20,,STN,,left,16:9999,figure3_stn_glmhmm
metadata_final/metadata_opto_behavior.py,849,3cbd4d19d038665a,opto_behavior,eid,3bfd3981-dfb8-4001-95a4-fb3bb3be8d20,3bfd3981-dfb8-4001-95a4-fb3bb3be8d20,,SWC_NM_111,2026-03-27,,ZI,,left,357:9999,
metadata_final/metadata_opto_behavior.py,240,57617a918874e63d,opto_behavior,eid,3c7bfbf6-bff7-4a9e-88ed-71d533e1aee8,3c7bfbf6-bff7-4a9e-88ed-71d533e1aee8,,SWC_NM_022,020922,,ZI,,both,0:9999,figure1_zi_glmhmm
metadata_final/metadata_opto_behavior.py,616,631fee73d7470cf8,opto_behavior,eid,3c8df838-955c-4a47-880b-e76dcc2a9be6,3c8df838-955c-4a47-880b-e76dcc2a9be6,,SWC_NM_109,2026-02-11,,VLS,,right,ALL,figure3_vls_d2_glmhmm
metadata_final/metadata_opto_behavior.py,8,8ae7d2df9054ae0c,opto_behavior,eid,3ca6c201-91f2-4ba9-8b8a-012446bdf7d2,3ca6c201-91f2-4ba9-8b8a-012446bdf7d2,,SWC_NM_024,2023-02-10,,STN,,right,90:932,figure3_stn_glmhmm
metadata_final/metadata_opto_behavior.py,71,5e6dc1ecb4825934,opto_behavior,eid,3ce813d3-75f1-4558-83ea-c125f71f6bba,3ce813d3-75f1-4558-83ea-c125f71f6bba,,SWC_NM_025,2022-10-19,,STN,,right,333:9999,
metadata_final/metadata_opto_behavior.py,72,89b08531a76b7a5d,opto_behavior,eid,3ce813d3-75f1-4558-83ea-c125f71f6bba,3ce813d3-75f1-4558-83ea-c125f71f6bba,,SWC_NM_025,2022-10-19,,STN,,right,269:333,figure3_stn_glmhmm
metadata_final/metadata_opto_behavior.py,100,4de0a502a35aff49,opto_behavior,eid,3cf488ae-c327-4e58-b6f6-7b7d81721628,3cf488ae-c327-4e58-b6f6-7b7d81721628,,SWC_NM_003,051021,,ZI,,both,ALL,figure1_zi_glmhmm
metadata_final/metadata_opto_behavior.py,34,455a9fe9afbdc0fb,opto_behavior,eid,3d2d70f9-3486-400e-a9d8-6aed17b6193a,3d2d70f9-3486-400e-a9d8-6aed17b6193a,,SWC_NM_024,2022-12-22,,STN,,left,3:9999,figure3_stn_glmhmm
metadata_final/metadata_opto_behavior.py,813,82b676df0226e1b2,opto_behavior,eid,3d600454-fc11-448a-8480-e5b38f4edb1f,3d600454-fc11-448a-8480-e5b38f4edb1f,,SWC_NM_108,2026-02-24,,VLS,,right,ALL,figure3_vls_d2_glmhmm
metadata_final/metadata_opto_behavior.py,442,fac993a97bbb2f29,opto_behavior,eid,3d7e08ed-d801-4081-bb71-ec4b6a51643e,3d7e08ed-d801-4081-bb71-ec4b6a51643e,,SWC_NM_093,2025-08-11,,VLS,,left,130:260,
metadata_final/metadata_opto_behavior.py,443,ad48de996534f058,opto_behavior,eid,3d7e08ed-d801-4081-bb71-ec4b6a51643e,3d7e08ed-d801-4081-bb71-ec4b6a51643e,,SWC_NM_093,2025-08-11,,VLS,,right,265:9999,
metadata_final/metadata_opto_behavior.py,50,39db245d5a738823,opto_behavior,eid,3dd68334-84cc-402d-a053-45bd352c14fc,3dd68334-84cc-402d-a053-45bd352c14fc,,SWC_NM_025,2022-11-07,,STN,,left,325:623,figure3_stn_glmhmm
metadata_final/metadata_opto_behavior.py,161,8989fcd826d9309f,opto_behavior,eid,3debc803-cabb-444a-ad4b-62b52f34dc1f,3debc803-cabb-444a-ad4b-62b52f34dc1f,,SWC_NM_011,081121,,SNr,,left,ALL,supp1_hemisphere_specific
metadata_final/metadata_opto_behavior.py,734,0ab989eb5f6eedf5,opto_behavior,eid,3df2cc80-cdfa-47d0-bd36-863174255547,3df2cc80-cdfa-47d0-bd36-863174255547,,SWC_NM_051,2023-10-02,,MOs,,both,90:9999,
metadata_final/metadata_opto_behavior.py,98,9cd181ff8dd3fe9f,opto_behavior,eid,3e3535fb-b06f-4e57-9460-cbe071984171,3e3535fb-b06f-4e57-9460-cbe071984171,,SWC_NM_003,290921,,ZI,,both,ALL,figure1_zi_glmhmm
metadata_final/metadata_opto_behavior.py,293,8266f6e1d602cd30,opto_behavior,eid,3e3b5e27-032c-4ee0-8db1-c61bf2b6aade,3e3b5e27-032c-4ee0-8db1-c61bf2b6aade,,SWC_NM_036,200423,,VMS,,both,22:675,
metadata_final/metadata_opto_behavior.py,334,9e96349b7eb23731,opto_behavior,eid,3f4d8647-1701-4763-9630-3aee0b7b8f88,3f4d8647-1701-4763-9630-3aee0b7b8f88,,SWC_NM_035,060423,,VMS,,both,300:960,
metadata_final/metadata_opto_behavior.py,779,9e3fac11d4bf851b,opto_behavior,eid,3f56560a-16c1-484e-af4d-3caa9fd7aedd,3f56560a-16c1-484e-af4d-3caa9fd7aedd,,SWC_NM_087,2024-12-11,,VLS,,right,ALL,figure3_vls_d2_glmhmm
metadata_final/metadata_opto_behavior.py,99,f195925d08319abd,opto_behavior,eid,3f704200-a246-4276-ae7f-c47c33e29f63,3f704200-a246-4276-ae7f-c47c33e29f63,,SWC_NM_003,041021,,ZI,,both,ALL,figure1_zi_glmhmm
metadata_final/metadata_opto_behavior.py,575,dbf046bd01a0b569,opto_behavior,eid,3fd84daa-3664-4b52-acc9-d9fa30967094,3fd84daa-3664-4b52-acc9-d9fa30967094,,SWC_NM_073,040624,,VLS,,none,NONE,
metadata_final/metadata_opto_behavior.py,681,80186ac0e398955b,opto_behavior,eid,3fec152d-292e-4e50-b543-fe1830123a82,3fec152d-292e-4e50-b543-fe1830123a82,,SWC_NM_103,2026-02-17,,SNr,,both,ALL,supp1_hemisphere_specific
metadata_final/metadata_opto_behavior.py,268,0776b18b9e405373,opto_behavior,eid,3ffd2a46-cbc5-4a6b-965f-c3baeb4c4899,3ffd2a46-cbc5-4a6b-965f-c3baeb4c4899,,SWC_NM_036,140323,,VMS,,left,1:674,
metadata_final/metadata_opto_behavior.py,520,c95031e7ab52bcbf,opto_behavior,eid,40394d09-a720-454d-959f-f7b4b238e477,40394d09-a720-454d-959f-f7b4b238e477,,SWC_NM_099,2025-09-04,,VLS,,both,254:9999,figure3_vls_d1_glmhmm
metadata_final/metadata_opto_behavior.py,472,50a5a9177b6a6bcf,opto_behavior,eid,40755583-4d49-40c8-9443-57a918d0199f,40755583-4d49-40c8-9443-57a918d0199f,,SWC_NM_096,2025-08-18,,SNr,,none,ALL,
metadata_final/metadata_opto_behavior.py,136,00e88be6e5c1bede,opto_behavior,eid,409dc01a-c5dc-40cb-8356-e19372e4f546,409dc01a-c5dc-40cb-8356-e19372e4f546,,SWC_NM_008,221021,,SNr,,both,0:750,supp1_hemisphere_specific
metadata_final/metadata_opto_behavior.py,845,b584f626d05ead0d,opto_behavior,eid,40defdac-fb76-475d-ad14-2236194b8012,40defdac-fb76-475d-ad14-2236194b8012,,SWC_NM_111,2026-04-02,,ZI,,both,ALL,figure1_zi_glmhmm
metadata_final/metadata_opto_behavior.py,252,3ee0f38740666c54,opto_behavior,eid,40f30063-282c-4b0f-bfa4-7afcbbd86964,40f30063-282c-4b0f-bfa4-7afcbbd86964,,SWC_NM_104,2025-12-04,,ZI,,left,ALL,
metadata_final/metadata_opto_behavior.py,109,d8eb38b9b9f17133,opto_behavior,eid,411d5f71-4f16-4ca5-ae20-a9789a4b49a6,411d5f71-4f16-4ca5-ae20-a9789a4b49a6,,SWC_NM_003,151021,,ZI,,right,ALL,figure1_zi_glmhmm
metadata_final/metadata_opto_behavior.py,302,527af9e22315d534,opto_behavior,eid,413bda0c-0b1c-4d2f-9bd2-fff32a2e928c,413bda0c-0b1c-4d2f-9bd2-fff32a2e928c,,SWC_NM_053,311023,,VLS,,both,95:530,figure3_vls_d1_glmhmm
metadata_final/metadata_opto_behavior.py,680,b061943eb422fc14,opto_behavior,eid,41b0adde-5791-4ac5-9684-c5ba76e66eab,41b0adde-5791-4ac5-9684-c5ba76e66eab,,SWC_NM_103,2026-02-18,,SNr,,left,ALL,supp1_hemisphere_specific
metadata_final/metadata_opto_behavior.py,602,39def6a6210e6947,opto_behavior,eid,41d0c085-8bfc-40fb-8efa-1f62f6753e7a,41d0c085-8bfc-40fb-8efa-1f62f6753e7a,,SWC_NM_109,2026-03-11,,VLS,,left,ALL,figure3_vls_d2_glmhmm
metadata_final/metadata_opto_behavior.py,321,c330bb1584785099,opto_behavior,eid,42413192-cad7-44bf-a759-9f761a3b973d,42413192-cad7-44bf-a759-9f761a3b973d,,SWC_NM_035,130323,,VMS,,right,131:1055,
metadata_final/metadata_opto_behavior.py,624,c1dbc102f2f5fe5a,opto_behavior,eid,43bcc3ac-f0c7-4709-bb9a-9e0c3269f354,43bcc3ac-f0c7-4709-bb9a-9e0c3269f354,,SWC_NM_080,2024-10-18,,SNr,,both,ALL,supp1_hemisphere_specific
metadata_final/metadata_opto_behavior.py,141,9d32e90d7c47134b,opto_behavior,eid,448d7b48-af08-47e0-bace-3167ba4ba9cc,448d7b48-af08-47e0-bace-3167ba4ba9cc,,SWC_NM_008,041021,,SNr,,both,ALL,
metadata_final/metadata_opto_behavior.py,384,40219a0358b67510,opto_behavior,eid,44da6b87-38ed-4544-8f93-adaff91c92de,44da6b87-38ed-4544-8f93-adaff91c92de,,SWC_NM_043,080923,,VLS,,both,80:527,
metadata_final/metadata_opto_behavior.py,326,b1306bc46d26532a,opto_behavior,eid,4535379c-1216-40f8-a0fd-054cc27799f0,4535379c-1216-40f8-a0fd-054cc27799f0,,SWC_NM_035,080323,,VMS,,left,100:922,
metadata_final/metadata_opto_behavior.py,599,687e9ad0d9acc50d,opto_behavior,eid,458fa5fa-4270-400e-90c8-4106a0253707,458fa5fa-4270-400e-90c8-4106a0253707,,SWC_NM_107,2026-02-16,,VLS,,right,ALL,figure3_vls_d2_glmhmm
metadata_final/metadata_opto_behavior.py,724,3075476265259e9a,opto_behavior,eid,45a4f3a9-7e87-4267-a586-b197278b9d94,45a4f3a9-7e87-4267-a586-b197278b9d94,,SWC_NM_049,2023-07-21,,MOs,,left,191:9999,
metadata_final/metadata_opto_behavior.py,810,252e83170046a70f,opto_behavior,eid,45ab828c-2e0e-47ea-9d71-488651be576c,45ab828c-2e0e-47ea-9d71-488651be576c,,SWC_NM_108,2026-03-10,,VLS,,right,ALL,figure3_vls_d2_glmhmm
metadata_final/metadata_opto_behavior.py,54,29c995c178a28431,opto_behavior,eid,45b7a288-8bf7-411c-b1ba-178b58fc7f6f,45b7a288-8bf7-411c-b1ba-178b58fc7f6f,,SWC_NM_025,2022-11-02,,STN,,right,97:816,figure3_stn_glmhmm
metadata_final/metadata_opto_behavior.py,318,23b5d09b8cb821a2,opto_behavior,eid,45e79f8f-d7ae-4329-921f-4470278d7723,45e79f8f-d7ae-4329-921f-4470278d7723,,SWC_NM_053,051223,,VLS,,both,90:758,
metadata_final/metadata_opto_behavior.py,580,ff21aeaaaa2f14be,opto_behavior,eid,464613ff-01f1-407c-9b47-098df406e8f4,464613ff-01f1-407c-9b47-098df406e8f4,,SWC_NM_073,130624,,VLS,,both,147:9999,figure3_vls_d1_glmhmm
metadata_final/metadata_opto_behavior.py,287,eeec3357e1ee1fd1,opto_behavior,eid,46dd2112-a336-4221-b1f1-601e57fbd972,46dd2112-a336-4221-b1f1-601e57fbd972,,SWC_NM_036,120423,,VMS,,left,90:468,
metadata_final/metadata_opto_behavior.py,803,689c122ddb442eb0,opto_behavior,eid,46e020f3-0246-41cb-9fe3-b33caa29491f,46e020f3-0246-41cb-9fe3-b33caa29491f,,SWC_NM_083,2025-02-19,,VLS,,right,ALL,figure3_vls_d2_glmhmm
metadata_final/metadata_opto_behavior.py,20,dcd825a0d4493d5e,opto_behavior,eid,47093eb5-2516-4e6f-a66e-92275c52659b,47093eb5-2516-4e6f-a66e-92275c52659b,,SWC_NM_024,2023-01-27,,STN,,right,182:470,figure3_stn_glmhmm
metadata_final/metadata_opto_behavior.py,664,5b5d17b742f3b2e4,opto_behavior,eid,4728c15a-4772-4c03-86be-42c57ac6b705,4728c15a-4772-4c03-86be-42c57ac6b705,,SWC_NM_102,2025-11-27,,SNr,,left,ALL,
metadata_final/metadata_opto_behavior.py,519,8b800ac504542a18,opto_behavior,eid,4801a128-66ae-4849-8611-65e71a19fd3b,4801a128-66ae-4849-8611-65e71a19fd3b,,SWC_NM_099,2025-09-05,,VLS,,both,ALL,figure3_vls_d1_glmhmm
metadata_final/metadata_opto_behavior.py,589,0d8913fb5134ace5,opto_behavior,eid,4863e902-6acc-4d35-8ac7-8a0a29980e8a,4863e902-6acc-4d35-8ac7-8a0a29980e8a,,SWC_NM_105,2025-12-08,,VLS,,left,ALL,figure3_vls_d1_glmhmm
metadata_final/metadata_opto_behavior.py,822,bcbd918510db4827,opto_behavior,eid,487d24f3-278e-443f-9b32-80e5df4de50b,487d24f3-278e-443f-9b32-80e5df4de50b,,SWC_NM_106,2026-04-08,,VLS,,right,ALL,
metadata_final/metadata_opto_behavior.py,341,ef526fb7646424f8,opto_behavior,eid,48d99226-0974-40b6-8357-a5876f7765df,48d99226-0974-40b6-8357-a5876f7765df,,SWC_NM_035,270323,,VMS,,right,3:177,
metadata_final/metadata_opto_behavior.py,296,43ad43a9c4ea5af9,opto_behavior,eid,49ed175c-9f47-4048-9ea2-af267f7ca445,49ed175c-9f47-4048-9ea2-af267f7ca445,,SWC_NM_053,201023,,VLS,,both,124:769,figure3_vls_d1_glmhmm
metadata_final/metadata_opto_behavior.py,582,e4c9e340f6f001ef,opto_behavior,eid,4a1df54a-92a1-4821-b0b5-3cbd97848e76,4a1df54a-92a1-4821-b0b5-3cbd97848e76,,SWC_NM_073,170624,,VLS,,right,0:9999,figure3_vls_d1_glmhmm
metadata_final/metadata_opto_behavior.py,710,291e140deb7c4971,opto_behavior,eid,4a67a51b-dc8c-4216-afad-28f463078be4,4a67a51b-dc8c-4216-afad-28f463078be4,,SWC_NM_049,2023-08-10,,MOs,,both,113:9999,
metadata_final/metadata_opto_behavior.py,526,693c03d1e4ed502b,opto_behavior,eid,4a9f363e-cc0a-4823-aab9-d632a2c2873a,4a9f363e-cc0a-4823-aab9-d632a2c2873a,,SWC_NM_099,2025-08-27,,VLS,,none,ALL,
metadata_final/metadata_opto_behavior.py,13,1df86bb890a70622,opto_behavior,eid,4ab45924-65a7-4178-8723-ab457c6ee242,4ab45924-65a7-4178-8723-ab457c6ee242,,SWC_NM_024,2023-02-03,,STN,,right,ALL,figure3_stn_glmhmm
metadata_final/metadata_opto_behavior.py,49,4226f0d44e446a86,opto_behavior,eid,4ac3caaf-1b27-4c89-9020-560b7f6f6df4,4ac3caaf-1b27-4c89-9020-560b7f6f6df4,,SWC_NM_025,2022-11-08,,STN,,both,137:746,figure3_stn_glmhmm
metadata_final/metadata_opto_behavior.py,437,90b0c522fb3cc827,opto_behavior,eid,4b0a4d16-86fb-4a2d-a57b-01303e0fd139,4b0a4d16-86fb-4a2d-a57b-01303e0fd139,,SWC_NM_093,2025-06-23,,VLS,,left,330:344,
metadata_final/metadata_opto_behavior.py,629,01309aca5095f917,opto_behavior,eid,4b772b22-f7df-4f0b-a78d-a8db3c60a8a8,4b772b22-f7df-4f0b-a78d-a8db3c60a8a8,,SWC_NM_080,2024-08-29,,SNr,,left,ALL,supp1_hemisphere_specific
metadata_final/metadata_opto_behavior.py,490,16465f63b37f9daf,opto_behavior,eid,4c0c3e0c-5431-40fb-adad-2c92759e2b14,4c0c3e0c-5431-40fb-adad-2c92759e2b14,,SWC_NM_098,2025-09-17,,VLS,,left,ALL,figure3_vls_d1_glmhmm
metadata_final/metadata_opto_behavior.py,449,03f5d4fb3b66a38b,opto_behavior,eid,4c59db6d-5a1c-4d26-9201-fcd3c74c3bad,4c59db6d-5a1c-4d26-9201-fcd3c74c3bad,,SWC_NM_096,2025-09-19,,SNr,,right,ALL,
metadata_final/metadata_opto_behavior.py,706,9e8c2d50533998de,opto_behavior,eid,4caf8316-2847-4997-acc0-685ee99a0bf7,4caf8316-2847-4997-acc0-685ee99a0bf7,,SWC_NM_063,210624,,PL,,left,ALL,
metadata_final/metadata_opto_behavior.py,297,42413f0045e4f749,opto_behavior,eid,4cef1a10-acd0-48af-bd8b-a5c1a1d2fef6,4cef1a10-acd0-48af-bd8b-a5c1a1d2fef6,,SWC_NM_053,231023,,VLS,,both,90:598,figure3_vls_d1_glmhmm
metadata_final/metadata_opto_behavior.py,352,17a11d74752c38a8,opto_behavior,eid,4cf61029-b073-4418-8207-1ec86ff80226,4cf61029-b073-4418-8207-1ec86ff80226,,SWC_NM_037,280723,,DLS,,left,88:985,
metadata_final/metadata_opto_behavior.py,598,5d4d099f85e073b5,opto_behavior,eid,4d6ce047-1344-4391-a0dd-33b8fdd8e601,4d6ce047-1344-4391-a0dd-33b8fdd8e601,,SWC_NM_107,2026-02-18,,VLS,,right,ALL,figure3_vls_d2_glmhmm
metadata_final/metadata_opto_behavior.py,271,a8da9b3738ce8692,opto_behavior,eid,4e5e7d0b-6bc4-445a-8975-d1c1a3caaa26,4e5e7d0b-6bc4-445a-8975-d1c1a3caaa26,,SWC_NM_036,170323,,VMS,,both,90:743,
metadata_final/metadata_opto_behavior.py,566,ac47b78ebbe138a3,opto_behavior,eid,4e637992-5ae9-4131-93d9-788f109d253c,4e637992-5ae9-4131-93d9-788f109d253c,,SWC_NM_101,2025-10-09,,VLS,,none,ALL,
metadata_final/metadata_opto_behavior.py,819,f7bf2c02fdad3a84,opto_behavior,eid,4e721496-d4fd-4a94-8482-a856d86c5a86,4e721496-d4fd-4a94-8482-a856d86c5a86,,SWC_NM_106,2026-04-14,,VLS,,right,ALL,
metadata_final/metadata_opto_behavior.py,687,84ed3273e21ed813,opto_behavior,eid,4e74b9cf-8de0-4145-8b16-a0312583106a,4e74b9cf-8de0-4145-8b16-a0312583106a,,SWC_NM_103,2026-02-06,,SNr,,both,ALL,supp1_hemisphere_specific
metadata_final/metadata_opto_behavior.py,4,7c7b896b0b70ac60,opto_behavior,eid,4f54fbea-064c-4a5b-942f-684fd5c28692,4f54fbea-064c-4a5b-942f-684fd5c28692,,SWC_NM_024,2023-02-15,,STN,,left,"151:316,473:9999",
metadata_final/metadata_opto_behavior.py,5,69add5c1ae3284a2,opto_behavior,eid,4f54fbea-064c-4a5b-942f-684fd5c28692,4f54fbea-064c-4a5b-942f-684fd5c28692,,SWC_NM_024,2023-02-15,,STN,,left,"0:150,326:472",figure3_stn_glmhmm
metadata_final/metadata_opto_behavior.py,244,03ab19d1400ce36e,opto_behavior,eid,4f5d64c2-f685-49c8-bbd6-ebe7e65f4686,4f5d64c2-f685-49c8-bbd6-ebe7e65f4686,,SWC_NM_022,120922,,ZI,,left,51:9999,
metadata_final/metadata_opto_behavior.py,743,38d34c257830ad36,opto_behavior,eid,4f8c6970-65dc-4eb0-a114-4dc7b51c82ce,4f8c6970-65dc-4eb0-a114-4dc7b51c82ce,,SWC_NM_088,2024-11-13,,VLS,,none,ALL,
metadata_final/metadata_opto_behavior.py,812,25e39a6432f8c3b6,opto_behavior,eid,508e1425-36b6-44a5-a329-bf7db33257c0,508e1425-36b6-44a5-a329-bf7db33257c0,,SWC_NM_108,2026-02-27,,VLS,,right,ALL,figure3_vls_d2_glmhmm
metadata_final/metadata_opto_behavior.py,46,80337a23381bea0e,opto_behavior,eid,513b8846-b3f5-4fb9-892f-db3bcd520054,513b8846-b3f5-4fb9-892f-db3bcd520054,,SWC_NM_025,2022-12-07,,STN,,left,169:492,
metadata_final/metadata_opto_behavior.py,47,73c1a2396df906fd,opto_behavior,eid,513b8846-b3f5-4fb9-892f-db3bcd520054,513b8846-b3f5-4fb9-892f-db3bcd520054,,SWC_NM_025,2022-12-07,,STN,,left,"3:168,493:9999",figure3_stn_glmhmm
metadata_final/metadata_opto_behavior.py,115,91dfa56095cd29a9,opto_behavior,eid,51a67fc5-0930-43d9-8458-5ec54578b773,51a67fc5-0930-43d9-8458-5ec54578b773,,SWC_NM_003,281021,,ZI,,right,ALL,
metadata_final/metadata_opto_behavior.py,272,adfc2bebe6dad1a8,opto_behavior,eid,51c8f945-560c-4d9d-8079-7eed0ac3573a,51c8f945-560c-4d9d-8079-7eed0ac3573a,,SWC_NM_036,200323,,VMS,,left,1:673,
metadata_final/metadata_opto_behavior.py,419,a54ea68f3852eccf,opto_behavior,eid,51dba745-99cd-4e76-be99-8b05db536355,51dba745-99cd-4e76-be99-8b05db536355,,SWC_NM_065,100424,,VLS,,right,ALL,figure3_vls_d2_glmhmm
metadata_final/metadata_opto_behavior.py,12,2f1048e5b3be2794,opto_behavior,eid,521827e5-e064-4df7-af21-391e7689102e,521827e5-e064-4df7-af21-391e7689102e,,SWC_NM_024,2023-02-06,,STN,,left,35:9999,figure3_stn_glmhmm
metadata_final/metadata_opto_behavior.py,143,8dc8e1101ded569f,opto_behavior,eid,52f21cc6-6b1c-4fdc-b26e-c04bd4a4ce99,52f21cc6-6b1c-4fdc-b26e-c04bd4a4ce99,,SWC_NM_008,061021,,SNr,,right,ALL,
metadata_final/metadata_opto_behavior.py,243,ef91127f85c7e60a,opto_behavior,eid,5388bcbc-b4e6-4a3d-bfff-8f38440e1368,5388bcbc-b4e6-4a3d-bfff-8f38440e1368,,SWC_NM_022,090922,,ZI,,both,0:9999,figure1_zi_glmhmm
metadata_final/metadata_opto_behavior.py,665,8a29d92eb4886d2b,opto_behavior,eid,541e4b3c-5398-48ad-82ca-74db197d4044,541e4b3c-5398-48ad-82ca-74db197d4044,,SWC_NM_102,2025-11-26,,SNr,,both,ALL,
metadata_final/metadata_opto_behavior.py,656,6e0bb5068c6492b1,opto_behavior,eid,54866f36-4592-44f4-8a14-8acd1e84b71c,54866f36-4592-44f4-8a14-8acd1e84b71c,,SWC_NM_102,2025-12-09,,SNr,,left,ALL,
metadata_final/metadata_opto_behavior.py,427,aab77658c2910d0d,opto_behavior,eid,5525a41a-687d-44ee-9af2-2c46e53a27ce,5525a41a-687d-44ee-9af2-2c46e53a27ce,,SWC_NM_065,230424,,VLS,,both,ALL,figure3_vls_d2_glmhmm
metadata_final/metadata_opto_behavior.py,844,2e796bb8d5d9c52f,opto_behavior,eid,55579718-eae5-4578-92ff-ba532fefc2f1,55579718-eae5-4578-92ff-ba532fefc2f1,,SWC_NM_111,2026-04-03,,ZI,,right,ALL,figure1_zi_glmhmm
metadata_final/metadata_opto_behavior.py,201,3907ad9997440222,opto_behavior,eid,55b1d768-6bd1-4365-b0b5-9f320f68af41,55b1d768-6bd1-4365-b0b5-9f320f68af41,,SWC_NM_018,060622,,SNr,,left,108:758,supp1_hemisphere_specific
metadata_final/metadata_opto_behavior.py,676,5a966dd25ab87275,opto_behavior,eid,55dc2621-8fb2-4635-b9f7-95d5a16faea1,55dc2621-8fb2-4635-b9f7-95d5a16faea1,,SWC_NM_103,2026-02-24,,SNr,,both,ALL,supp1_hemisphere_specific
metadata_final/metadata_opto_behavior.py,228,86deb9942aef7c90,opto_behavior,eid,561bf4c6-4efe-4820-a2aa-6552305495a0,561bf4c6-4efe-4820-a2aa-6552305495a0,,SWC_NM_022,2022-09-22,,ZI,,right,"0:245,514:700",
metadata_final/metadata_opto_behavior.py,229,4a158b2c243e5589,opto_behavior,eid,561bf4c6-4efe-4820-a2aa-6552305495a0,561bf4c6-4efe-4820-a2aa-6552305495a0,,SWC_NM_022,2022-09-22,,ZI,,right,"246:513,700:9999",figure1_zi_glmhmm
metadata_final/metadata_opto_behavior.py,331,3cc29b193e268b0f,opto_behavior,eid,56445d1b-8e49-4358-8cb7-4b85ba68c0a5,56445d1b-8e49-4358-8cb7-4b85ba68c0a5,,SWC_NM_035,040423,,VMS,,left,90:929,
metadata_final/metadata_opto_behavior.py,87,23d91bfc826ef18c,opto_behavior,eid,5654a819-d54a-4ef0-ac2d-247624ab4f50,5654a819-d54a-4ef0-ac2d-247624ab4f50,,SWC_NM_026,2023-01-24,,STN,,left,90:256,figure3_stn_glmhmm
metadata_final/metadata_opto_behavior.py,759,60e84faf303bd1ec,opto_behavior,eid,5657ea05-3015-4f0c-955b-3fc8dbe96fd4,5657ea05-3015-4f0c-955b-3fc8dbe96fd4,,SWC_NM_089,2024-11-13,,VLS,,none,ALL,
metadata_final/metadata_opto_behavior.py,886,94710adcc211125f,opto_behavior,eid,568f91d7-8b01-4216-b563-71935d507614,568f91d7-8b01-4216-b563-71935d507614,,SWC_NM_113,2026-05-07,,SNr,,right,ALL,figure1_snr_glmhmm;supp1_glmhmm_states;supp1_hemisphere_specific;supp1_snr_no_glmhmm
metadata_final/metadata_opto_behavior.py,304,7bd68e146c8658a2,opto_behavior,eid,56b6f822-4538-43c6-9f14-7831cedcb1bc,56b6f822-4538-43c6-9f14-7831cedcb1bc,,SWC_NM_053,081123,,VLS,,both,105:718,figure3_vls_d1_glmhmm
metadata_final/metadata_opto_behavior.py,545,dbbafb43b1e8892c,opto_behavior,eid,57f4131b-d637-41c4-877f-8379e6de3538,57f4131b-d637-41c4-877f-8379e6de3538,,SWC_NM_101,2025-12-11,,VLS,,right,ALL,figure3_vls_d1_glmhmm
metadata_final/metadata_opto_behavior.py,85,1e32439347957e4d,opto_behavior,eid,583bf8b4-c500-494e-be90-6548bf26173a,583bf8b4-c500-494e-be90-6548bf26173a,,SWC_NM_026,2023-01-26,,STN,,right,78:9999,
metadata_final/metadata_opto_behavior.py,538,3e8c65f267a519db,opto_behavior,eid,58637f6a-7977-443d-9686-472f68843a06,58637f6a-7977-443d-9686-472f68843a06,,SWC_NM_100,2025-10-13,,VLS,,both,ALL,figure3_vls_d1_glmhmm
metadata_final/metadata_opto_behavior.py,877,aa1971f3a618a359,opto_behavior,eid,58d42c6c-774a-4fb3-b673-0f90cfe10ab9,58d42c6c-774a-4fb3-b673-0f90cfe10ab9,,SWC_NM_113,2026-05-18,,SNr,,both,ALL,supp1_hemisphere_specific
metadata_final/metadata_opto_behavior.py,833,291c5bc4e0e65044,opto_behavior,eid,595bbca6-95c4-48cb-8269-cac460b9e3b0,595bbca6-95c4-48cb-8269-cac460b9e3b0,,SWC_NM_111,2026-04-20,,ZI,,both,ALL,figure1_zi_glmhmm
metadata_final/metadata_opto_behavior.py,755,e54ebf7dec129308,opto_behavior,eid,5a2bcb68-a425-43ef-aab1-e8707c25a6b2,5a2bcb68-a425-43ef-aab1-e8707c25a6b2,,SWC_NM_089,2024-11-20,,VLS,,right,ALL,figure3_vls_d2_glmhmm
metadata_final/metadata_opto_behavior.py,530,00d30c0dcd3816bd,opto_behavior,eid,5a4da112-5726-41b6-bcf0-1995ced6379b,5a4da112-5726-41b6-bcf0-1995ced6379b,,SWC_NM_100,2025-10-30,,VLS,,left,ALL,figure3_vls_d1_glmhmm
metadata_final/metadata_opto_behavior.py,807,06ab9f9eee0631bd,opto_behavior,eid,5a554045-d324-4d74-bd15-0076cf65119b,5a554045-d324-4d74-bd15-0076cf65119b,,SWC_NM_108,2026-03-17,,VLS,,right,ALL,figure3_vls_d2_glmhmm
metadata_final/metadata_opto_behavior.py,127,21d4e4fab6f4290a,opto_behavior,eid,5a6457b5-95bb-4026-b825-c38d8adc49e4,5a6457b5-95bb-4026-b825-c38d8adc49e4,,SWC_NM_008,080921,,SNr,,right,ALL,figure1_snr_glmhmm;supp1_glmhmm_states;supp1_hemisphere_specific;supp1_snr_no_glmhmm
metadata_final/metadata_opto_behavior.py,395,1abe5a14cdeb6e2c,opto_behavior,eid,5a6f0dae-2bee-439c-9da0-f69a6d1d18dc,5a6f0dae-2bee-439c-9da0-f69a6d1d18dc,,SWC_NM_065,010324,,VLS,,left,105:841,figure3_vls_d2_glmhmm
metadata_final/metadata_opto_behavior.py,536,7a0e2fc331a34809,opto_behavior,eid,5ac637cf-9185-4602-aa9a-1226f31bb2a7,5ac637cf-9185-4602-aa9a-1226f31bb2a7,,SWC_NM_100,2025-10-16,,VLS,,both,ALL,figure3_vls_d1_glmhmm
metadata_final/metadata_opto_behavior.py,564,e58f9827f798e3ee,opto_behavior,eid,5c3da739-6386-4167-9141-f03f56df1378,5c3da739-6386-4167-9141-f03f56df1378,,SWC_NM_101,2025-10-20,,VLS,,right,108:9999,figure3_vls_d1_glmhmm
metadata_final/metadata_opto_behavior.py,314,1f3a7917760b0c62,opto_behavior,eid,5c476c28-c6f1-454b-92bf-b790c81f1eb2,5c476c28-c6f1-454b-92bf-b790c81f1eb2,,SWC_NM_053,241123,,VLS,,both,90:767,figure3_vls_d1_glmhmm
metadata_final/metadata_opto_behavior.py,132,060966f1864b8a81,opto_behavior,eid,5c78ef8b-50d5-4e34-9e05-1ac6964aa551,5c78ef8b-50d5-4e34-9e05-1ac6964aa551,,SWC_NM_008,170921,,SNr,,right,ALL,figure1_snr_glmhmm;supp1_glmhmm_states;supp1_hemisphere_specific;supp1_snr_no_glmhmm
metadata_final/metadata_opto_behavior.py,774,fe692b8240600eb0,opto_behavior,eid,5d8a1a00-4906-42e3-a9a1-0f9743817002,5d8a1a00-4906-42e3-a9a1-0f9743817002,,SWC_NM_087,2024-12-18,,VLS,,both,ALL,figure3_vls_d2_glmhmm
metadata_final/metadata_opto_behavior.py,548,3301db7250398623,opto_behavior,eid,5d9acebd-7764-4b50-8ba1-41dcb2a2d637,5d9acebd-7764-4b50-8ba1-41dcb2a2d637,,SWC_NM_101,2025-12-08,,VLS,,both,ALL,figure3_vls_d1_glmhmm
metadata_final/metadata_opto_behavior.py,539,a77dbf821d33986a,opto_behavior,eid,5db032e9-d6c6-4e33-890b-c4dcc7806174,5db032e9-d6c6-4e33-890b-c4dcc7806174,,SWC_NM_100,2025-10-09,,VLS,,left,ALL,figure3_vls_d1_glmhmm
metadata_final/metadata_opto_behavior.py,740,e53f7870f607384b,opto_behavior,eid,5dc2e328-94c7-449d-81f4-ca9ca33bc0e3,5dc2e328-94c7-449d-81f4-ca9ca33bc0e3,,SWC_NM_051,2023-09-21,,MOs,,none,ALL,
metadata_final/metadata_opto_behavior.py,155,da662aa03f3c6ffc,opto_behavior,eid,5e37ce85-aa69-4651-b8a0-03101faf4d33,5e37ce85-aa69-4651-b8a0-03101faf4d33,,SWC_NM_010,160222,,ZI,,right,ALL,
metadata_final/metadata_opto_behavior.py,319,65306b669eb02ddd,opto_behavior,eid,5f0964f7-7018-44f9-9310-1819055c88a4,5f0964f7-7018-44f9-9310-1819055c88a4,,SWC_NM_035,090323,,VMS,,right,50:761,
metadata_final/metadata_opto_behavior.py,261,5927f4ad56529349,opto_behavior,eid,6011eef1-63d8-495e-9895-a271fd06dc53,6011eef1-63d8-495e-9895-a271fd06dc53,,SWC_NM_104,2025-11-21,,ZI,,right,ALL,figure1_zi_glmhmm
metadata_final/metadata_opto_behavior.py,15,1c77d08eb964118a,opto_behavior,eid,607afbbc-5fd9-4dae-aaa5-3edd187604f3,607afbbc-5fd9-4dae-aaa5-3edd187604f3,,SWC_NM_024,2023-02-01,,STN,,right,0:90,
metadata_final/metadata_opto_behavior.py,16,5f7dee90d542806a,opto_behavior,eid,607afbbc-5fd9-4dae-aaa5-3edd187604f3,607afbbc-5fd9-4dae-aaa5-3edd187604f3,,SWC_NM_024,2023-02-01,,STN,,right,90:9999,figure3_stn_glmhmm
metadata_final/metadata_opto_behavior.py,604,f76ffcf539c1a8fb,opto_behavior,eid,60a07d75-c1f5-4f69-88d5-e8cde9507f7e,60a07d75-c1f5-4f69-88d5-e8cde9507f7e,,SWC_NM_109,2026-03-09,,VLS,,both,ALL,figure3_vls_d2_glmhmm
metadata_final/metadata_opto_behavior.py,167,6512003ff1c05b72,opto_behavior,eid,60e0089d-d755-4e32-8a2b-f5dbd6b3a520,60e0089d-d755-4e32-8a2b-f5dbd6b3a520,,SWC_NM_011,221121,,SNr,,both,ALL,supp1_hemisphere_specific
metadata_final/metadata_opto_behavior.py,649,113418ce81d04ec6,opto_behavior,eid,60e7bc4d-f653-4934-a84a-a63ec446fe96,60e7bc4d-f653-4934-a84a-a63ec446fe96,,SWC_NM_102,2026-01-29,,SNr,,left,ALL,
metadata_final/metadata_opto_behavior.py,457,5fd2ca14e7e65331,opto_behavior,eid,60e8aba2-d738-45c4-be58-8602cdb94873,60e8aba2-d738-45c4-be58-8602cdb94873,,SWC_NM_096,2025-09-09,,SNr,,left,214:9999,supp1_hemisphere_specific
metadata_final/metadata_opto_behavior.py,274,4c0c29448a6aa0e8,opto_behavior,eid,61c10489-929f-4bdb-bc0e-a5feaf075183,61c10489-929f-4bdb-bc0e-a5feaf075183,,SWC_NM_036,220323,,VMS,,left,2:958,
metadata_final/metadata_opto_behavior.py,385,44c86f4c4b8c00a8,opto_behavior,eid,62370077-f4eb-4d34-95cd-eeaf8f932602,62370077-f4eb-4d34-95cd-eeaf8f932602,,SWC_NM_043,130923,,VLS,,both,55:366,
metadata_final/metadata_opto_behavior.py,496,c0325c3413ed1ba6,opto_behavior,eid,627a7116-d41e-406c-ae78-9b13fbca3e89,627a7116-d41e-406c-ae78-9b13fbca3e89,,SWC_NM_099,2025-10-08,,VLS,,right,ALL,figure3_vls_d1_glmhmm
metadata_final/metadata_opto_behavior.py,553,ad72e9d56e522772,opto_behavior,eid,627b7021-ecf0-44b2-9286-9fafeb741459,627b7021-ecf0-44b2-9286-9fafeb741459,,SWC_NM_101,2025-12-01,,VLS,,both,ALL,figure3_vls_d1_glmhmm
metadata_final/metadata_opto_behavior.py,618,a250b2a545fc00f9,opto_behavior,eid,62b08a60-aa55-4f35-b92f-3d46f9cd5dcd,62b08a60-aa55-4f35-b92f-3d46f9cd5dcd,,SWC_NM_109,2026-02-09,,VLS,,both,ALL,figure3_vls_d2_glmhmm
metadata_final/metadata_opto_behavior.py,324,d6851d46960c1e0e,opto_behavior,eid,631af73a-23bf-4c63-b3b6-29382e3ec992,631af73a-23bf-4c63-b3b6-29382e3ec992,,SWC_NM_035,030423,,VMS,,right,110:844,
metadata_final/metadata_opto_behavior.py,705,440e3654cc6e1de7,opto_behavior,eid,631c840d-8ce0-453f-829c-9ad7991d964b,631c840d-8ce0-453f-829c-9ad7991d964b,,SWC_NM_063,200624,,PL,,both,ALL,
metadata_final/metadata_opto_behavior.py,857,2671f2067c6b57e5,opto_behavior,eid,6340f6f5-b5ac-442d-bb14-8dff455b8fac,6340f6f5-b5ac-442d-bb14-8dff455b8fac,,SWC_NM_110,2026-06-04,,SNr,,both,ALL,
metadata_final/metadata_opto_behavior.py,266,3b731ae5a49fdffe,opto_behavior,eid,63504410-3830-40f4-9e7b-8b15e73b476c,63504410-3830-40f4-9e7b-8b15e73b476c,,SWC_NM_036,100323,,VMS,,left,3:734,
metadata_final/metadata_opto_behavior.py,487,da9737aaa147282c,opto_behavior,eid,63770e4b-7896-48d8-b17d-0bd480df1dc4,63770e4b-7896-48d8-b17d-0bd480df1dc4,,SWC_NM_098,2025-09-23,,VLS,,left,ALL,figure3_vls_d1_glmhmm
metadata_final/metadata_opto_behavior.py,434,639860f51d7db3c3,opto_behavior,eid,6399109a-f03d-46b8-82fc-fe205b682749,6399109a-f03d-46b8-82fc-fe205b682749,,SWC_NM_065,020524,,VLS,,left,ALL,figure3_vls_d2_glmhmm
metadata_final/metadata_opto_behavior.py,454,4a7f37c34a6adffe,opto_behavior,eid,63d72a1f-af17-4dac-a2e6-0d852fd0e89a,63d72a1f-af17-4dac-a2e6-0d852fd0e89a,,SWC_NM_096,2025-09-12,,SNr,,right,177:9999,figure1_snr_glmhmm;supp1_glmhmm_states;supp1_hemisphere_specific;supp1_snr_no_glmhmm
metadata_final/metadata_opto_behavior.py,376,ba05477b04e61994,opto_behavior,eid,63e2a4ae-80c3-4a87-8bee-64e4f604e389,63e2a4ae-80c3-4a87-8bee-64e4f604e389,,SWC_NM_042,060623,,VLS,,both,161:598,
metadata_final/metadata_opto_behavior.py,425,e8c5534c2d932e6a,opto_behavior,eid,640c41b6-632b-4c9b-ae0f-595e43b2d5aa,640c41b6-632b-4c9b-ae0f-595e43b2d5aa,,SWC_NM_065,190424,,VLS,,left,ALL,figure3_vls_d2_glmhmm
metadata_final/metadata_opto_behavior.py,430,ddcd8d396191251d,opto_behavior,eid,640c41b6-632b-4c9b-ae0f-595e43b2d5aa,640c41b6-632b-4c9b-ae0f-595e43b2d5aa,,SWC_NM_065,260424,,VLS,,left,ALL,figure3_vls_d2_glmhmm
metadata_final/metadata_opto_behavior.py,707,546f25eb5852293c,opto_behavior,eid,646e5870-ee31-414a-ad4b-4b55c2ad5e25,646e5870-ee31-414a-ad4b-4b55c2ad5e25,,SWC_NM_063,240624,,PL,,right,ALL,
metadata_final/metadata_opto_behavior.py,645,0d9b13c64baae570,opto_behavior,eid,647762ea-b634-40d7-8f1b-5c2d27029825,647762ea-b634-40d7-8f1b-5c2d27029825,,SWC_NM_102,2026-02-04,,SNr,,right,ALL,
metadata_final/metadata_opto_behavior.py,798,f76429e09b0dc896,opto_behavior,eid,649e2eec-c69c-4ef4-919e-45cd4ce5bc47,649e2eec-c69c-4ef4-919e-45cd4ce5bc47,,SWC_NM_083,2025-02-26,,VLS,,left,ALL,figure3_vls_d2_glmhmm
metadata_final/metadata_opto_behavior.py,320,f9296e5dc322f0a4,opto_behavior,eid,64a9517f-fefb-43dc-98d5-e0041e38e906,64a9517f-fefb-43dc-98d5-e0041e38e906,,SWC_NM_035,010323,,VMS,,right,321:451,
metadata_final/metadata_opto_behavior.py,95,2fb1b999f368f629,opto_behavior,eid,64bbe8d1-704f-4266-88a5-db9aa7fc9ef8,64bbe8d1-704f-4266-88a5-db9aa7fc9ef8,,SWC_NM_026,2023-01-11,,STN,,left,347:9999,
metadata_final/metadata_opto_behavior.py,96,2080f8c0b7b2524c,opto_behavior,eid,64bbe8d1-704f-4266-88a5-db9aa7fc9ef8,64bbe8d1-704f-4266-88a5-db9aa7fc9ef8,,SWC_NM_026,2023-01-11,,STN,,right,0:347,
metadata_final/metadata_opto_behavior.py,738,8414350ac489754d,opto_behavior,eid,657d3542-b670-40b7-954f-56beb9ab004b,657d3542-b670-40b7-954f-56beb9ab004b,,SWC_NM_051,2023-09-22,,MOs,,right,600:9999,
metadata_final/metadata_opto_behavior.py,739,5a8f1be57bc7cb54,opto_behavior,eid,657d3542-b670-40b7-954f-56beb9ab004b,657d3542-b670-40b7-954f-56beb9ab004b,,SWC_NM_051,2023-09-22,,MOs,,left,400:595,
metadata_final/metadata_opto_behavior.py,853,35c6dbb57f5a3f36,opto_behavior,eid,66833316-92e3-4743-8bc3-683af9034a7e,66833316-92e3-4743-8bc3-683af9034a7e,,SWC_NM_111,2026-03-17,,ZI,,nan,ALL,
metadata_final/metadata_opto_behavior.py,508,ce34fb686e18afbb,opto_behavior,eid,6686d0c5-079c-495e-939f-cd35f9da09dc,6686d0c5-079c-495e-939f-cd35f9da09dc,,SWC_NM_099,2025-09-22,,VLS,,both,ALL,figure3_vls_d1_glmhmm
metadata_final/metadata_opto_behavior.py,59,bdc4cf409f038ece,opto_behavior,eid,67688ca2-a5a3-4cea-8131-8da5b920dcff,67688ca2-a5a3-4cea-8131-8da5b920dcff,,SWC_NM_025,2022-10-28,,STN,,left,150:618,figure3_stn_glmhmm
metadata_final/metadata_opto_behavior.py,466,ed34f8baae173aef,opto_behavior,eid,677fe3e5-1d1e-4123-9250-28f5e3be2e9b,677fe3e5-1d1e-4123-9250-28f5e3be2e9b,,SWC_NM_096,2025-08-29,,SNr,,both,136:9999,supp1_hemisphere_specific
metadata_final/metadata_opto_behavior.py,135,eaf919a3b6d9e4ee,opto_behavior,eid,67a3d9a8-5ec5-4ed6-9473-f3c16f62d087,67a3d9a8-5ec5-4ed6-9473-f3c16f62d087,,SWC_NM_008,191021,,SNr,,left,ALL,supp1_hemisphere_specific
metadata_final/metadata_opto_behavior.py,94,3037d036c4cc58c2,opto_behavior,eid,67a7b96c-c3d1-440f-9023-0ad50dfae94b,67a7b96c-c3d1-440f-9023-0ad50dfae94b,,SWC_NM_026,2023-01-12,,STN,,right,ALL,figure3_stn_glmhmm
metadata_final/metadata_opto_behavior.py,238,bc40fde8862d128d,opto_behavior,eid,681a022d-7158-40de-9ffc-a780ebe3a26d,681a022d-7158-40de-9ffc-a780ebe3a26d,,SWC_NM_022,310822,,ZI,,left,0:9999,figure1_zi_glmhmm
metadata_final/metadata_opto_behavior.py,453,040f408373d7a6d3,opto_behavior,eid,6926d194-3d7a-4aa2-a03c-5aa27969cc10,6926d194-3d7a-4aa2-a03c-5aa27969cc10,,SWC_NM_096,2025-09-15,,SNr,,left,203:9999,supp1_hemisphere_specific
metadata_final/metadata_opto_behavior.py,846,3ab489071d70b186,opto_behavior,eid,6949338e-2c5b-4a81-8b9a-28c2c3b2aadd,6949338e-2c5b-4a81-8b9a-28c2c3b2aadd,,SWC_NM_111,2026-04-01,,ZI,,right,ALL,figure1_zi_glmhmm
metadata_final/metadata_opto_behavior.py,835,cc18e27caa7583c8,opto_behavior,eid,69a8fb76-d8cb-4529-90f9-cbac8e6f67a1,69a8fb76-d8cb-4529-90f9-cbac8e6f67a1,,SWC_NM_111,2026-04-16,,ZI,,right,ALL,figure1_zi_glmhmm
metadata_final/metadata_opto_behavior.py,351,e71f9e9f9c841726,opto_behavior,eid,69d52afd-957b-4e91-8bf3-2f83c0053682,69d52afd-957b-4e91-8bf3-2f83c0053682,,SWC_NM_037,140723,,DLS,,left,55:189,
metadata_final/metadata_opto_behavior.py,647,787ad82aacb84625,opto_behavior,eid,6a1ea1ef-cc54-42ff-9e3c-4a97d71af5e9,6a1ea1ef-cc54-42ff-9e3c-4a97d71af5e9,,SWC_NM_102,2026-02-02,,SNr,,both,ALL,
metadata_final/metadata_opto_behavior.py,569,4e372f6490e71363,opto_behavior,eid,6a33474e-8093-4cc8-9cbd-866d04fdb511,6a33474e-8093-4cc8-9cbd-866d04fdb511,,SWC_NM_073,020524,,VLS,,right,80:9999,figure3_vls_d1_glmhmm
metadata_final/metadata_opto_behavior.py,778,f09e161772ea200d,opto_behavior,eid,6a7bec00-546b-4b78-afa8-7c73d0164653,6a7bec00-546b-4b78-afa8-7c73d0164653,,SWC_NM_087,2024-12-12,,VLS,,both,ALL,figure3_vls_d2_glmhmm
metadata_final/metadata_opto_behavior.py,298,124f2c1492a8b4f6,opto_behavior,eid,6a971abe-3287-487b-b1ee-faef050303e4,6a971abe-3287-487b-b1ee-faef050303e4,,SWC_NM_053,241023,,VLS,,both,100:829,figure3_vls_d1_glmhmm
metadata_final/metadata_opto_behavior.py,742,a08e248684481318,opto_behavior,eid,6abd16bd-d86c-4d63-9f45-8f729d8ceff8,6abd16bd-d86c-4d63-9f45-8f729d8ceff8,,SWC_NM_088,2024-12-04,,VLS,,right,ALL,
metadata_final/metadata_opto_behavior.py,88,7adc59d2e8b3dcb3,opto_behavior,eid,6b4a1004-9508-4ef4-b7a7-7cd10a676948,6b4a1004-9508-4ef4-b7a7-7cd10a676948,,SWC_NM_026,2023-01-23,,STN,,left,173:308,figure3_stn_glmhmm
metadata_final/metadata_opto_behavior.py,639,597fcf746b84cdc1,opto_behavior,eid,6b528511-4da3-4d31-888e-0299397bdbdb,6b528511-4da3-4d31-888e-0299397bdbdb,,SWC_NM_102,2026-02-12,,SNr,,left,ALL,
metadata_final/metadata_opto_behavior.py,32,40341897bad2666a,opto_behavior,eid,6c00228c-fea0-49b2-8d3a-70c4f11cae00,6c00228c-fea0-49b2-8d3a-70c4f11cae00,,SWC_NM_024,2023-01-09,,STN,,none,ALL,
metadata_final/metadata_opto_behavior.py,183,39321f0eb4ad9aaf,opto_behavior,eid,6c01b126-12cf-4739-8aa3-120bc62e2aee,6c01b126-12cf-4739-8aa3-120bc62e2aee,,SWC_NM_012,210222,,SNr,,both,ALL,supp1_hemisphere_specific
metadata_final/metadata_opto_behavior.py,636,16debafcd1068b60,opto_behavior,eid,6c339ccb-c7ac-47b8-9943-fd4262f620da,6c339ccb-c7ac-47b8-9943-fd4262f620da,,SWC_NM_080,2024-08-19,,SNr,,none,ALL,
metadata_final/metadata_opto_behavior.py,882,44f45c24d9cf89d5,opto_behavior,eid,6c8e3a2b-6dc9-4484-9398-4daf97f9d28d,6c8e3a2b-6dc9-4484-9398-4daf97f9d28d,,SWC_NM_113,2026-05-13,,SNr,,right,ALL,figure1_snr_glmhmm;supp1_glmhmm_states;supp1_hemisphere_specific;supp1_snr_no_glmhmm
metadata_final/metadata_opto_behavior.py,859,3dce2207ccfd9bd1,opto_behavior,eid,6cf99b0a-d7c7-419e-8d8c-b115bb0af824,6cf99b0a-d7c7-419e-8d8c-b115bb0af824,,SWC_NM_110,2026-06-02,,SNr,,both,ALL,
metadata_final/metadata_opto_behavior.py,325,994449c50129b950,opto_behavior,eid,6d2652ab-abdc-4e34-9f82-1be1ae95393e,6d2652ab-abdc-4e34-9f82-1be1ae95393e,,SWC_NM_035,050423,,VMS,,right,90:535,
metadata_final/metadata_opto_behavior.py,837,9fa6dba591070b9d,opto_behavior,eid,6d9a2931-b876-4ac8-ad01-6cec2c0c572a,6d9a2931-b876-4ac8-ad01-6cec2c0c572a,,SWC_NM_111,2026-04-14,,ZI,,left,429:9999,
metadata_final/metadata_opto_behavior.py,838,a7d5baa27789bd15,opto_behavior,eid,6d9a2931-b876-4ac8-ad01-6cec2c0c572a,6d9a2931-b876-4ac8-ad01-6cec2c0c572a,,SWC_NM_111,2026-04-14,,ZI,,right,0:428,
metadata_final/metadata_opto_behavior.py,207,8ac853f596c9c5b6,opto_behavior,eid,6daaa3c9-67c1-497a-932a-e4c521c8cf3d,6daaa3c9-67c1-497a-932a-e4c521c8cf3d,,SWC_NM_018,040522,,SNr,,right,108:9999,
metadata_final/metadata_opto_behavior.py,672,cadbeb11882b742f,opto_behavior,eid,6df60d30-1457-4994-ae41-fe8c15145436,6df60d30-1457-4994-ae41-fe8c15145436,,SWC_NM_102,2025-11-13,,SNr,,right,ALL,
metadata_final/metadata_opto_behavior.py,494,d4bbf3f591228e47,opto_behavior,eid,6f37d7b0-8aa4-448f-9469-8ceadf2d7dcb,6f37d7b0-8aa4-448f-9469-8ceadf2d7dcb,,SWC_NM_099,2025-10-10,,VLS,,right,ALL,figure3_vls_d1_glmhmm
metadata_final/metadata_opto_behavior.py,750,032e4bab1c13fbfe,opto_behavior,eid,6f403baf-ebbd-4467-b8c8-53b7d24e5de8,6f403baf-ebbd-4467-b8c8-53b7d24e5de8,,SWC_NM_089,2024-11-27,,VLS,,right,ALL,figure3_vls_d2_glmhmm
metadata_final/metadata_opto_behavior.py,19,b2036d3344a96d07,opto_behavior,eid,6f79d062-9d04-4467-b3ef-c6afd1b961cb,6f79d062-9d04-4467-b3ef-c6afd1b961cb,,SWC_NM_024,2023-01-30,,STN,,right,12:9999,
metadata_final/metadata_opto_behavior.py,107,4746069b7eb00972,opto_behavior,eid,6f7e2e29-68d1-4c8c-a7a5-4ec0baad08eb,6f7e2e29-68d1-4c8c-a7a5-4ec0baad08eb,,SWC_NM_003,131021,,ZI,,both,ALL,figure1_zi_glmhmm
metadata_final/metadata_opto_behavior.py,503,b283d922de729df8,opto_behavior,eid,6fed1652-f0b2-4194-89d4-21b043e14f92,6fed1652-f0b2-4194-89d4-21b043e14f92,,SWC_NM_099,2025-09-29,,VLS,,left,ALL,figure3_vls_d1_glmhmm
metadata_final/metadata_opto_behavior.py,890,7f0a21a0d4fac3c6,opto_behavior,eid,70f12ab3-22a1-4812-b7e2-dc3dc6505ae2,70f12ab3-22a1-4812-b7e2-dc3dc6505ae2,,SWC_NM_113,2026-05-01,,SNr,,right,ALL,figure1_snr_glmhmm;supp1_glmhmm_states;supp1_hemisphere_specific;supp1_snr_no_glmhmm
metadata_final/metadata_opto_behavior.py,675,bceeab156933868f,opto_behavior,eid,711650a9-bfc6-4493-a3c4-71ee92605ad6,711650a9-bfc6-4493-a3c4-71ee92605ad6,,SWC_NM_103,2026-02-26,,SNr,,left,ALL,supp1_hemisphere_specific
metadata_final/metadata_opto_behavior.py,714,11d19b982b072b32,opto_behavior,eid,7334eb59-36bf-42ec-93b5-0676005eb422,7334eb59-36bf-42ec-93b5-0676005eb422,,SWC_NM_049,2023-08-04,,MOs,,both,90:9999,
metadata_final/metadata_opto_behavior.py,175,f890addcafbe8b02,opto_behavior,eid,7373f901-2f6e-48f4-981c-30192a9299de,7373f901-2f6e-48f4-981c-30192a9299de,,SWC_NM_011,251121,,SNr,,left,"0:114,390:527",
metadata_final/metadata_opto_behavior.py,415,a7dea1e58d4a35df,opto_behavior,eid,7405c333-5640-40fd-8f41-b69dc0f2433c,7405c333-5640-40fd-8f41-b69dc0f2433c,,SWC_NM_065,040424,,VLS,,left,15:350,figure3_vls_d2_glmhmm
metadata_final/metadata_opto_behavior.py,290,b92c5451506bf876,opto_behavior,eid,74586452-6ce3-4be5-a86c-ed0ffb6b0be9,74586452-6ce3-4be5-a86c-ed0ffb6b0be9,,SWC_NM_036,170423,,VMS,,both,90:653,
metadata_final/metadata_opto_behavior.py,265,e93c31e1c0d06b6d,opto_behavior,eid,74c09dd3-1037-4020-a4d9-b499fd6599be,74c09dd3-1037-4020-a4d9-b499fd6599be,,SWC_NM_036,090323,,VMS,,right,100:676,
metadata_final/metadata_opto_behavior.py,22,043fb98823abf06c,opto_behavior,eid,7504026d-a0f8-433d-bd4f-f1d35e1cc4e2,7504026d-a0f8-433d-bd4f-f1d35e1cc4e2,,SWC_NM_024,2023-01-24,,STN,,both,85:9999,figure3_stn_glmhmm
metadata_final/metadata_opto_behavior.py,30,c375981a0d39b6f0,opto_behavior,eid,75615687-3cca-4728-841f-10874bfe78be,75615687-3cca-4728-841f-10874bfe78be,,SWC_NM_024,2023-01-11,,STN,,right,6:9999,figure3_stn_glmhmm
metadata_final/metadata_opto_behavior.py,448,1364f3cdcc5be8b3,opto_behavior,eid,75876671-a6c4-49ce-96e8-ea860ceff3b9,75876671-a6c4-49ce-96e8-ea860ceff3b9,,SWC_NM_096,2025-09-22,,SNr,,right,ALL,figure1_snr_glmhmm;supp1_glmhmm_states;supp1_hemisphere_specific;supp1_snr_no_glmhmm
metadata_final/metadata_opto_behavior.py,780,02f9dc5fead31b92,opto_behavior,eid,75999961-3c0b-4c13-a055-36cb83ea8edc,75999961-3c0b-4c13-a055-36cb83ea8edc,,SWC_NM_087,2024-12-10,,VLS,,left,ALL,figure3_vls_d2_glmhmm
metadata_final/metadata_opto_behavior.py,417,029660bfb3e51ef0,opto_behavior,eid,75aa4c2f-4c7b-4fb2-b062-aa3f99b3126f,75aa4c2f-4c7b-4fb2-b062-aa3f99b3126f,,SWC_NM_065,080424,,VLS,,both,ALL,figure3_vls_d2_glmhmm
metadata_final/metadata_opto_behavior.py,513,12ed46149ad59792,opto_behavior,eid,75d0b280-5413-4f4e-b05a-de481b693f85,75d0b280-5413-4f4e-b05a-de481b693f85,,SWC_NM_099,2025-09-15,,VLS,,right,ALL,figure3_vls_d1_glmhmm
metadata_final/metadata_opto_behavior.py,362,ce4c3532830affb3,opto_behavior,eid,75f548d0-2069-427f-a4ee-f9a816558731,75f548d0-2069-427f-a4ee-f9a816558731,,SWC_NM_037,030823,,DLS,,right,395:926,
metadata_final/metadata_opto_behavior.py,363,24b6557257902769,opto_behavior,eid,75f548d0-2069-427f-a4ee-f9a816558731,75f548d0-2069-427f-a4ee-f9a816558731,,SWC_NM_037,030823,,DLS,,both,258:395,
metadata_final/metadata_opto_behavior.py,544,9768264605c31954,opto_behavior,eid,76056eba-5ef0-4603-a4ff-1b6efa4eb5a3,76056eba-5ef0-4603-a4ff-1b6efa4eb5a3,,SWC_NM_100,2025-09-29,,VLS,,none,ALL,
metadata_final/metadata_opto_behavior.py,869,6eb3b68e4ba0e09a,opto_behavior,eid,760fafa6-a61b-4297-894b-d0bc60618048,760fafa6-a61b-4297-894b-d0bc60618048,,SWC_NM_110,2026-05-19,,SNr,,both,14:9999,
metadata_final/metadata_opto_behavior.py,534,0c42fa2ee5fe7e20,opto_behavior,eid,767729b9-0468-42f3-a6e0-d92e437886c3,767729b9-0468-42f3-a6e0-d92e437886c3,,SWC_NM_100,2025-10-22,,VLS,,both,ALL,figure3_vls_d1_glmhmm
metadata_final/metadata_opto_behavior.py,91,04768335d7fe28ae,opto_behavior,eid,76862a7b-f07e-47e3-b8ea-dc4588109cef,76862a7b-f07e-47e3-b8ea-dc4588109cef,,SWC_NM_026,2023-01-17,,STN,,left,351:9999,
metadata_final/metadata_opto_behavior.py,92,c32630f4e6ed1623,opto_behavior,eid,76862a7b-f07e-47e3-b8ea-dc4588109cef,76862a7b-f07e-47e3-b8ea-dc4588109cef,,SWC_NM_026,2023-01-17,,STN,,left,0:351,figure3_stn_glmhmm
metadata_final/metadata_opto_behavior.py,337,66042ae38a6bf7d1,opto_behavior,eid,76af3bdb-0842-4418-b06b-1ca45c519c53,76af3bdb-0842-4418-b06b-1ca45c519c53,,SWC_NM_035,170423,,VMS,,both,90:546,
metadata_final/metadata_opto_behavior.py,682,0ea25c2b5cfd2583,opto_behavior,eid,7708e1e0-e3bd-4097-950c-4d09d1ffabe3,7708e1e0-e3bd-4097-950c-4d09d1ffabe3,,SWC_NM_103,2026-02-16,,SNr,,left,ALL,supp1_hemisphere_specific
metadata_final/metadata_opto_behavior.py,0,c073e031fc34f6bf,opto_behavior,eid,77268c3c-7879-4a7a-b83c-97e17293613a,77268c3c-7879-4a7a-b83c-97e17293613a,,SWC_NM_024,2023-02-17,,STN,,left,"0:191,354:493",
metadata_final/metadata_opto_behavior.py,1,5fbacd1aa33d4e8d,opto_behavior,eid,77268c3c-7879-4a7a-b83c-97e17293613a,77268c3c-7879-4a7a-b83c-97e17293613a,,SWC_NM_024,2023-02-17,,STN,,left,"191:354,493:9999",figure3_stn_glmhmm
metadata_final/metadata_opto_behavior.py,485,b90d2983b1242b73,opto_behavior,eid,7761f18b-7335-4b79-aad8-d8c77c21468a,7761f18b-7335-4b79-aad8-d8c77c21468a,,SWC_NM_098,2025-09-29,,VLS,,left,ALL,figure3_vls_d1_glmhmm
metadata_final/metadata_opto_behavior.py,409,d0390230e5da100b,opto_behavior,eid,7776fc4b-88f6-4d1d-bca6-67f1f301259f,7776fc4b-88f6-4d1d-bca6-67f1f301259f,,SWC_NM_065,220324,,VLS,,left,ALL,figure3_vls_d2_glmhmm
metadata_final/metadata_opto_behavior.py,369,02dea8a24a5d0ea4,opto_behavior,eid,779182c1-64c8-431f-87dd-b23964232795,779182c1-64c8-431f-87dd-b23964232795,,SWC_NM_042,300523,,VLS,,both,95:700,
metadata_final/metadata_opto_behavior.py,78,2cce0430b5111e66,opto_behavior,eid,7791c224-b38d-4a1f-a133-beb043ee1301,7791c224-b38d-4a1f-a133-beb043ee1301,,SWC_NM_026,2023-02-13,,STN,,left,6:9999,
metadata_final/metadata_opto_behavior.py,747,f32af4d0c77d47dd,opto_behavior,eid,77f65fe9-5650-41cc-983e-79497ec47d9b,77f65fe9-5650-41cc-983e-79497ec47d9b,,SWC_NM_089,2024-12-02,,VLS,,right,ALL,figure3_vls_d2_glmhmm
metadata_final/metadata_opto_behavior.py,605,2f68c6bfb8a4b8e2,opto_behavior,eid,7824c281-c510-4680-b919-74c15575d9d8,7824c281-c510-4680-b919-74c15575d9d8,,SWC_NM_109,2026-02-27,,VLS,,right,ALL,figure3_vls_d2_glmhmm
metadata_final/metadata_opto_behavior.py,81,7fc0d58125feadf1,opto_behavior,eid,784af2de-8082-4117-8149-aa967558b4a3,784af2de-8082-4117-8149-aa967558b4a3,,SWC_NM_026,2023-02-01,,STN,,left,6:9999,
metadata_final/metadata_opto_behavior.py,211,707a2b55a7a29d2d,opto_behavior,eid,786b0feb-31a8-4598-a51d-7f13ffb936d1,786b0feb-31a8-4598-a51d-7f13ffb936d1,,SWC_NM_018,160622,,SNr,,left,"121:283,423:528,660:767",supp1_hemisphere_specific
metadata_final/metadata_opto_behavior.py,212,37f2698e09b3607a,opto_behavior,eid,786b0feb-31a8-4598-a51d-7f13ffb936d1,786b0feb-31a8-4598-a51d-7f13ffb936d1,,SWC_NM_018,160622,,SNr,,left,"283:423,528:660,767:9999",
metadata_final/metadata_opto_behavior.py,93,84af7ac8e1be544f,opto_behavior,eid,79468bd8-6fa2-48e4-8151-88951b33a8e0,79468bd8-6fa2-48e4-8151-88951b33a8e0,,SWC_NM_026,2023-01-16,,STN,,right,90:200,figure3_stn_glmhmm
metadata_final/metadata_opto_behavior.py,608,2fe0a886f519dd56,opto_behavior,eid,797ba676-802b-4101-b822-2bd129bc0c6d,797ba676-802b-4101-b822-2bd129bc0c6d,,SWC_NM_109,2026-02-23,,VLS,,both,ALL,figure3_vls_d2_glmhmm
metadata_final/metadata_opto_behavior.py,429,01861b7c6a106f54,opto_behavior,eid,799d763e-b415-4766-8e22-36c318c57b3b,799d763e-b415-4766-8e22-36c318c57b3b,,SWC_NM_065,250424,,VLS,,both,ALL,figure3_vls_d2_glmhmm
metadata_final/metadata_opto_behavior.py,796,0223ddd6fc97c535,opto_behavior,eid,79f59f2b-3dcc-453b-a841-813760c51c1b,79f59f2b-3dcc-453b-a841-813760c51c1b,,SWC_NM_083,2025-02-28,,VLS,,left,ALL,figure3_vls_d2_glmhmm
metadata_final/metadata_opto_behavior.py,748,e55c57739fe3b37e,opto_behavior,eid,7a018614-71ac-4c59-b641-09457360953f,7a018614-71ac-4c59-b641-09457360953f,,SWC_NM_089,2024-11-29,,VLS,,left,ALL,figure3_vls_d2_glmhmm
metadata_final/metadata_opto_behavior.py,596,6845c4bb02c80b5e,opto_behavior,eid,7ad95a36-2fdc-48c8-9865-0f2d79ba921b,7ad95a36-2fdc-48c8-9865-0f2d79ba921b,,SWC_NM_105,2025-11-24,,VLS,,none,ALL,
metadata_final/metadata_opto_behavior.py,154,5ee95fda857d486f,opto_behavior,eid,7ade859f-02cb-4b8f-bb9d-957b26ece7be,7ade859f-02cb-4b8f-bb9d-957b26ece7be,,SWC_NM_010,070222,,ZI,,left,ALL,
metadata_final/metadata_opto_behavior.py,277,445aef89014768ee,opto_behavior,eid,7ae2b0ea-9982-4fb8-8d02-c918f6d09a44,7ae2b0ea-9982-4fb8-8d02-c918f6d09a44,,SWC_NM_036,270323,,VMS,,both,11:859,
metadata_final/metadata_opto_behavior.py,816,c7a710d6e212696f,opto_behavior,eid,7af643b1-ca4c-4625-8bf0-5f667328e2e8,7af643b1-ca4c-4625-8bf0-5f667328e2e8,,SWC_NM_108,2026-02-17,,VLS,,nan,ALL,
metadata_final/metadata_opto_behavior.py,17,a18afc0db7cf923c,opto_behavior,eid,7b3632dc-5166-4b7e-ad12-d6ff203af76d,7b3632dc-5166-4b7e-ad12-d6ff203af76d,,SWC_NM_024,2023-01-31,,STN,,left,6:170,
metadata_final/metadata_opto_behavior.py,18,6ac9c06566ce5844,opto_behavior,eid,7b3632dc-5166-4b7e-ad12-d6ff203af76d,7b3632dc-5166-4b7e-ad12-d6ff203af76d,,SWC_NM_024,2023-01-31,,STN,,left,436:9999,
metadata_final/metadata_opto_behavior.py,733,3bfc0293a0163168,opto_behavior,eid,7b9b5248-4239-4e4b-bdf5-baa56c59c69d,7b9b5248-4239-4e4b-bdf5-baa56c59c69d,,SWC_NM_051,2023-10-03,,MOs,,both,90:9999,
metadata_final/metadata_opto_behavior.py,69,f8e85c42cf7592e1,opto_behavior,eid,7bd7cbf6-e3ab-4222-ade8-458a5afb30f9,7bd7cbf6-e3ab-4222-ade8-458a5afb30f9,,SWC_NM_025,2022-10-20,,STN,,left,107:190,
metadata_final/metadata_opto_behavior.py,70,9fc4a711846521cc,opto_behavior,eid,7bd7cbf6-e3ab-4222-ade8-458a5afb30f9,7bd7cbf6-e3ab-4222-ade8-458a5afb30f9,,SWC_NM_025,2022-10-20,,STN,,left,191:555,figure3_stn_glmhmm
metadata_final/metadata_opto_behavior.py,840,32fcde3b1ef72deb,opto_behavior,eid,7be2d560-e4cd-42c4-b998-af77229534f8,7be2d560-e4cd-42c4-b998-af77229534f8,,SWC_NM_111,2026-04-10,,ZI,,right,ALL,figure1_zi_glmhmm
metadata_final/metadata_opto_behavior.py,615,a4221a8959e52b71,opto_behavior,eid,7ccb9f02-5a54-4e68-9263-d2a2230bd651,7ccb9f02-5a54-4e68-9263-d2a2230bd651,,SWC_NM_109,2026-02-12,,VLS,,both,ALL,figure3_vls_d2_glmhmm
metadata_final/metadata_opto_behavior.py,165,d3e357d4b45381b3,opto_behavior,eid,7dd4db33-7c27-4491-b0b5-3b5af9f526dd,7dd4db33-7c27-4491-b0b5-3b5af9f526dd,,SWC_NM_011,181121,,SNr,,left,ALL,supp1_hemisphere_specific
metadata_final/metadata_opto_behavior.py,462,3e4de4b019cc5ef0,opto_behavior,eid,7e1987cc-ca9a-4b64-bb5f-a68726e36f52,7e1987cc-ca9a-4b64-bb5f-a68726e36f52,,SWC_NM_096,2025-09-03,,SNr,,left,ALL,supp1_hemisphere_specific
metadata_final/metadata_opto_behavior.py,282,57389ce8e3e0f556,opto_behavior,eid,7f37d94b-a3f8-4ad3-af45-d5b2fce5119d,7f37d94b-a3f8-4ad3-af45-d5b2fce5119d,,SWC_NM_036,030423,,VMS,,right,150:900,
metadata_final/metadata_opto_behavior.py,731,fde1eabd20c349c6,opto_behavior,eid,7f560157-d9d8-4ccd-94fb-5c3b55dad328,7f560157-d9d8-4ccd-94fb-5c3b55dad328,,SWC_NM_051,2023-10-06,,MOs,,both,14:9999,
metadata_final/metadata_opto_behavior.py,685,3ee14741fe9dcb69,opto_behavior,eid,7f649c2d-e4b3-4a34-8dd0-e3c63f2750d6,7f649c2d-e4b3-4a34-8dd0-e3c63f2750d6,,SWC_NM_103,2026-02-10,,SNr,,right,ALL,figure1_snr_glmhmm;supp1_glmhmm_states;supp1_hemisphere_specific;supp1_snr_no_glmhmm
metadata_final/metadata_opto_behavior.py,2,9f923c3dfdb4e186,opto_behavior,eid,7f869985-4779-4e07-9e89-4f31267dd5e8,7f869985-4779-4e07-9e89-4f31267dd5e8,,SWC_NM_024,2023-02-16,,STN,,left,"0:156,355:524",
metadata_final/metadata_opto_behavior.py,3,4a4b35ba272647df,opto_behavior,eid,7f869985-4779-4e07-9e89-4f31267dd5e8,7f869985-4779-4e07-9e89-4f31267dd5e8,,SWC_NM_024,2023-02-16,,STN,,left,"156:355,524:9999",figure3_stn_glmhmm
metadata_final/metadata_opto_behavior.py,651,0532ae1417272fd5,opto_behavior,eid,7ff4f416-4b5e-404e-a0d2-7d16a4df2129,7ff4f416-4b5e-404e-a0d2-7d16a4df2129,,SWC_NM_102,2026-01-27,,SNr,,right,ALL,
metadata_final/metadata_opto_behavior.py,594,ff03010d2cd4be7b,opto_behavior,eid,7ffbaef8-191e-4037-a60c-c70b0f3888d9,7ffbaef8-191e-4037-a60c-c70b0f3888d9,,SWC_NM_105,2025-11-27,,VLS,,both,ALL,figure3_vls_d1_glmhmm
metadata_final/metadata_opto_behavior.py,720,a1e841e7256e2853,opto_behavior,eid,8024753a-5726-472a-8cb7-3b5c534a35ad,8024753a-5726-472a-8cb7-3b5c534a35ad,,SWC_NM_049,2023-07-27,,MOs,,both,110:9999,
metadata_final/metadata_opto_behavior.py,67,92f187d475cee3df,opto_behavior,eid,80a2e5c9-285f-49b9-abef-57a5bc594f35,80a2e5c9-285f-49b9-abef-57a5bc594f35,,SWC_NM_025,2022-10-21,,STN,,right,251:371,
metadata_final/metadata_opto_behavior.py,68,d63e5aaea2450cf6,opto_behavior,eid,80a2e5c9-285f-49b9-abef-57a5bc594f35,80a2e5c9-285f-49b9-abef-57a5bc594f35,,SWC_NM_025,2022-10-21,,STN,,right,"131:251,372:497",figure3_stn_glmhmm
metadata_final/metadata_opto_behavior.py,595,d228dbe7310dce53,opto_behavior,eid,80d81805-2402-47af-a7cd-dfcf2eea94ab,80d81805-2402-47af-a7cd-dfcf2eea94ab,,SWC_NM_105,2025-11-25,,VLS,,left,ALL,figure3_vls_d1_glmhmm
metadata_final/metadata_opto_behavior.py,408,bb46c3f3d59255cd,opto_behavior,eid,811df538-0391-4c57-9165-d4f6f336da12,811df538-0391-4c57-9165-d4f6f336da12,,SWC_NM_065,210324,,VLS,,both,ALL,figure3_vls_d2_glmhmm
metadata_final/metadata_opto_behavior.py,715,56618d94eaa8b9c7,opto_behavior,eid,81368cca-beda-48f6-8c9b-a16bbe8c7ebf,81368cca-beda-48f6-8c9b-a16bbe8c7ebf,,SWC_NM_049,2023-08-03,,MOs,,left,62:9999,
metadata_final/metadata_opto_behavior.py,239,e90c796554fb0e4d,opto_behavior,eid,81d6093f-29ca-496f-82d5-82cd70b13316,81d6093f-29ca-496f-82d5-82cd70b13316,,SWC_NM_022,010922,,ZI,,right,0:9999,figure1_zi_glmhmm
metadata_final/metadata_opto_behavior.py,10,e68312cc128b5a60,opto_behavior,eid,81e58c8f-bfbd-4c54-b7ee-56d1d37767cc,81e58c8f-bfbd-4c54-b7ee-56d1d37767cc,,SWC_NM_024,2023-02-08,,STN,,both,90:709,figure3_stn_glmhmm
metadata_final/metadata_opto_behavior.py,42,0bfe8ceebb11c5d3,opto_behavior,eid,827fb7d6-4680-42b6-a7cd-c95b393a8502,827fb7d6-4680-42b6-a7cd-c95b393a8502,,SWC_NM_025,2022-12-09,,STN,,right,180:432,
metadata_final/metadata_opto_behavior.py,43,f8876f2d5b140ced,opto_behavior,eid,827fb7d6-4680-42b6-a7cd-c95b393a8502,827fb7d6-4680-42b6-a7cd-c95b393a8502,,SWC_NM_025,2022-12-09,,STN,,right,"0:180,432:9999",figure3_stn_glmhmm
metadata_final/metadata_opto_behavior.py,632,d814f4f6da2530ef,opto_behavior,eid,82c1f04f-ea07-41fa-a8a9-bff69ee72b6a,82c1f04f-ea07-41fa-a8a9-bff69ee72b6a,,SWC_NM_080,2024-08-23,,SNr,,both,ALL,supp1_hemisphere_specific
metadata_final/metadata_opto_behavior.py,279,78d9674e5403946b,opto_behavior,eid,82e041f8-b677-48a2-84d6-b42deb4803b7,82e041f8-b677-48a2-84d6-b42deb4803b7,,SWC_NM_036,290323,,VMS,,both,8:709,
metadata_final/metadata_opto_behavior.py,729,e789fc3d06c7e0b4,opto_behavior,eid,83b50d6a-c88e-4454-b250-233a1d6a11e2,83b50d6a-c88e-4454-b250-233a1d6a11e2,,SWC_NM_051,2023-10-10,,MOs,,both,15:9999,
metadata_final/metadata_opto_behavior.py,7,3c9202a277975e1b,opto_behavior,eid,84734bec-d898-4f50-b659-b4a7b7686fe8,84734bec-d898-4f50-b659-b4a7b7686fe8,,SWC_NM_024,2023-02-13,,STN,,left,90:9999,
metadata_final/metadata_opto_behavior.py,173,ed6c5a083e9b8d56,opto_behavior,eid,847cdd72-0859-4bb4-9bba-c3b11045d7c8,847cdd72-0859-4bb4-9bba-c3b11045d7c8,,SWC_NM_011,161121,,SNr,,left,ALL,
metadata_final/metadata_opto_behavior.py,374,e215ecaa31052a8e,opto_behavior,eid,84911885-3efa-4398-a699-4805b3ad9a93,84911885-3efa-4398-a699-4805b3ad9a93,,SWC_NM_042,010623,,VLS,,both,120:645,
metadata_final/metadata_opto_behavior.py,275,e1bb7e83ac68263b,opto_behavior,eid,84c5c7e8-c19b-490f-a878-7672047440da,84c5c7e8-c19b-490f-a878-7672047440da,,SWC_NM_036,230323,,VMS,,right,3:735,
metadata_final/metadata_opto_behavior.py,392,040a41b2a9a75ea7,opto_behavior,eid,84c6c1fa-0830-4923-a649-716f79451384,84c6c1fa-0830-4923-a649-716f79451384,,SWC_NM_065,270224,,VLS,,left,56:762,figure3_vls_d2_glmhmm
metadata_final/metadata_opto_behavior.py,635,0b0d49dbd20d97c9,opto_behavior,eid,8547e4c3-6cd6-493a-ac0e-395424a8084b,8547e4c3-6cd6-493a-ac0e-395424a8084b,,SWC_NM_080,2024-08-20,,SNr,,none,ALL,
metadata_final/metadata_opto_behavior.py,531,9485cf565e7d1f66,opto_behavior,eid,8590c233-37f2-4b70-b3ee-807d52728676,8590c233-37f2-4b70-b3ee-807d52728676,,SWC_NM_100,2025-10-29,,VLS,,both,ALL,figure3_vls_d1_glmhmm
metadata_final/metadata_opto_behavior.py,777,13474ca671bfe035,opto_behavior,eid,85b45f72-99f4-487b-9ae7-c93bc4d1e32c,85b45f72-99f4-487b-9ae7-c93bc4d1e32c,,SWC_NM_087,2024-12-13,,VLS,,left,ALL,figure3_vls_d2_glmhmm
metadata_final/metadata_opto_behavior.py,439,49d3ce505df7e7b2,opto_behavior,eid,85d98d54-2149-4310-8cb0-02a44c6a4bc4,85d98d54-2149-4310-8cb0-02a44c6a4bc4,,SWC_NM_093,2025-08-13,,VLS,,both,207:9999,
metadata_final/metadata_opto_behavior.py,440,d70cdccd43827359,opto_behavior,eid,85d98d54-2149-4310-8cb0-02a44c6a4bc4,85d98d54-2149-4310-8cb0-02a44c6a4bc4,,SWC_NM_093,2025-08-13,,VLS,,right,0:197,
metadata_final/metadata_opto_behavior.py,627,471c0cf2b57a25f3,opto_behavior,eid,86558f58-2797-4b54-b250-6652fecf8660,86558f58-2797-4b54-b250-6652fecf8660,,SWC_NM_080,2024-10-15,,SNr,,both,ALL,supp1_hemisphere_specific
metadata_final/metadata_opto_behavior.py,205,4d3f108c0c435c01,opto_behavior,eid,866547c2-c965-4278-aedf-0df750e29a7b,866547c2-c965-4278-aedf-0df750e29a7b,,SWC_NM_018,030522,,SNr,,right,"123:302,614:9999",
metadata_final/metadata_opto_behavior.py,206,a74e5e9b23f41a85,opto_behavior,eid,866547c2-c965-4278-aedf-0df750e29a7b,866547c2-c965-4278-aedf-0df750e29a7b,,SWC_NM_018,030522,,SNr,,left,302:614,
metadata_final/metadata_opto_behavior.py,251,b410f508cfc56379,opto_behavior,eid,872c9452-08e9-4136-9a02-6355a6df099c,872c9452-08e9-4136-9a02-6355a6df099c,,SWC_NM_104,2025-12-05,,ZI,,right,ALL,
metadata_final/metadata_opto_behavior.py,65,3be325b89f67d810,opto_behavior,eid,87484eda-da05-4470-8a7e-4bde707e423d,87484eda-da05-4470-8a7e-4bde707e423d,,SWC_NM_025,2022-10-24,,STN,,left,346:471,
metadata_final/metadata_opto_behavior.py,66,973585443e0487a4,opto_behavior,eid,87484eda-da05-4470-8a7e-4bde707e423d,87484eda-da05-4470-8a7e-4bde707e423d,,SWC_NM_025,2022-10-24,,STN,,left,"90:345,472:9999",figure3_stn_glmhmm
metadata_final/metadata_opto_behavior.py,102,a8438a0e4c74e07a,opto_behavior,eid,87d94eeb-3754-414a-9dba-453f84b0f5fe,87d94eeb-3754-414a-9dba-453f84b0f5fe,,SWC_NM_003,280921,,ZI,,left,0:370,figure1_zi_glmhmm
metadata_final/metadata_opto_behavior.py,103,053e12379a5bbd54,opto_behavior,eid,87d94eeb-3754-414a-9dba-453f84b0f5fe,87d94eeb-3754-414a-9dba-453f84b0f5fe,,SWC_NM_003,280921,,ZI,,right,370:9999,figure1_zi_glmhmm
metadata_final/metadata_opto_behavior.py,730,e91ca9e924eda16b,opto_behavior,eid,8815e5b5-c107-493a-b032-936941cb0363,8815e5b5-c107-493a-b032-936941cb0363,,SWC_NM_051,2023-10-09,,MOs,,both,7:336,
metadata_final/metadata_opto_behavior.py,640,96544ee49470d569,opto_behavior,eid,881c6abc-b885-4793-be49-ae17ed4e42fe,881c6abc-b885-4793-be49-ae17ed4e42fe,,SWC_NM_102,2026-02-11,,SNr,,left,ALL,
metadata_final/metadata_opto_behavior.py,120,c7bf00c4facd13c0,opto_behavior,eid,88726cf3-2821-4075-8bfa-bdfcf1c6bfd8,88726cf3-2821-4075-8bfa-bdfcf1c6bfd8,,SWC_NM_004,151121,,SNr,,left,ALL,supp1_hemisphere_specific
metadata_final/metadata_opto_behavior.py,500,c760288266112130,opto_behavior,eid,88c1806e-ad89-4c21-8365-c4861d5a612a,88c1806e-ad89-4c21-8365-c4861d5a612a,,SWC_NM_099,2025-10-02,,VLS,,right,ALL,figure3_vls_d1_glmhmm
metadata_final/metadata_opto_behavior.py,259,4c5e5b17f75e27d7,opto_behavior,eid,88eb5799-9efc-4358-a076-e409f037952d,88eb5799-9efc-4358-a076-e409f037952d,,SWC_NM_104,2025-11-25,,ZI,,right,ALL,
metadata_final/metadata_opto_behavior.py,480,c782ac0e2045a5f9,opto_behavior,eid,890959d8-d0d3-4194-9726-a3e47577471f,890959d8-d0d3-4194-9726-a3e47577471f,,SWC_NM_098,2025-10-09,,VLS,,left,ALL,figure3_vls_d1_glmhmm
metadata_final/metadata_opto_behavior.py,744,ade8df5a0a672666,opto_behavior,eid,897c1ade-8ebb-4621-9c73-4b5ab204bdfc,897c1ade-8ebb-4621-9c73-4b5ab204bdfc,,SWC_NM_089,2024-12-06,,VLS,,left,ALL,figure3_vls_d2_glmhmm
metadata_final/metadata_opto_behavior.py,771,a90d6467e871fb62,opto_behavior,eid,89e7ea34-0181-4ffb-ad8c-5a3adeeca918,89e7ea34-0181-4ffb-ad8c-5a3adeeca918,,SWC_NM_087,2024-12-31,,VLS,,right,ALL,figure3_vls_d2_glmhmm
metadata_final/metadata_opto_behavior.py,128,3f1cc0c59b071cf5,opto_behavior,eid,8a09bb30-a040-41b4-bfe0-492a0cc921e7,8a09bb30-a040-41b4-bfe0-492a0cc921e7,,SWC_NM_008,090921,,SNr,,left,ALL,supp1_hemisphere_specific
metadata_final/metadata_opto_behavior.py,888,d003869875076b5c,opto_behavior,eid,8a723d82-59d8-47e5-b3bd-e99bf5a7e1d6,8a723d82-59d8-47e5-b3bd-e99bf5a7e1d6,,SWC_NM_113,2026-05-05,,SNr,,both,ALL,supp1_hemisphere_specific
metadata_final/metadata_opto_behavior.py,537,1be200c5965e7063,opto_behavior,eid,8a992f77-84a3-473f-8856-95302ba27fae,8a992f77-84a3-473f-8856-95302ba27fae,,SWC_NM_100,2025-10-14,,VLS,,left,ALL,figure3_vls_d1_glmhmm
metadata_final/metadata_opto_behavior.py,620,79566b6dcf9f547d,opto_behavior,eid,8aafcd89-2952-483d-b9db-c930e7166cdd,8aafcd89-2952-483d-b9db-c930e7166cdd,,SWC_NM_109,2026-02-05,,VLS,,right,ALL,figure3_vls_d2_glmhmm
metadata_final/metadata_opto_behavior.py,865,9aea3db99f654249,opto_behavior,eid,8ab5909a-3ea4-4b1a-9e7c-4cbd7e82e398,8ab5909a-3ea4-4b1a-9e7c-4cbd7e82e398,,SWC_NM_110,2026-05-25,,SNr,,both,233:9999,
metadata_final/metadata_opto_behavior.py,752,501982a83fabb861,opto_behavior,eid,8ac06404-d0b2-41a2-a478-394cf9561dc7,8ac06404-d0b2-41a2-a478-394cf9561dc7,,SWC_NM_089,2024-11-25,,VLS,,both,ALL,figure3_vls_d2_glmhmm
metadata_final/metadata_opto_behavior.py,108,5ebca6f19ab3b8de,opto_behavior,eid,8b0545fa-3a21-43b2-bfcb-7cfed09961cb,8b0545fa-3a21-43b2-bfcb-7cfed09961cb,,SWC_NM_003,141021,,ZI,,left,ALL,figure1_zi_glmhmm
metadata_final/metadata_opto_behavior.py,147,122e16dc8441521e,opto_behavior,eid,8b4f0ea4-9185-44eb-a27e-40238563bef7,8b4f0ea4-9185-44eb-a27e-40238563bef7,,SWC_NM_010,180222,,ZI,,both,ALL,figure1_zi_glmhmm
metadata_final/metadata_opto_behavior.py,199,8c91f964ce1db9f6,opto_behavior,eid,8b60db57-1ec4-419a-8424-c33739d54dbb,8b60db57-1ec4-419a-8424-c33739d54dbb,,SWC_NM_018,020622,,SNr,,left,87:620,supp1_hemisphere_specific
metadata_final/metadata_opto_behavior.py,197,dce5039c0b0db21b,opto_behavior,eid,8c070089-7fb4-4bd9-b88e-c99b498f7acf,8c070089-7fb4-4bd9-b88e-c99b498f7acf,,SWC_NM_018,070422,,SNr,,right,ALL,figure1_snr_glmhmm;supp1_glmhmm_states;supp1_hemisphere_specific;supp1_snr_no_glmhmm
metadata_final/metadata_opto_behavior.py,116,7eaea2e88e59d4b9,opto_behavior,eid,8c2163f0-41c3-4c2c-8293-b6523790bfb4,8c2163f0-41c3-4c2c-8293-b6523790bfb4,,SWC_NM_004,221021,,SNr,,left,ALL,supp1_hemisphere_specific
metadata_final/metadata_opto_behavior.py,444,a3164f715c010e1f,opto_behavior,eid,8d5ea7ad-ecdc-408f-8237-f27a8d2eaab9,8d5ea7ad-ecdc-408f-8237-f27a8d2eaab9,,SWC_NM_096,2025-09-26,,SNr,,right,ALL,figure1_snr_glmhmm;supp1_glmhmm_states;supp1_hemisphere_specific;supp1_snr_no_glmhmm
metadata_final/metadata_opto_behavior.py,333,4643cf1b30615eae,opto_behavior,eid,8e3bec84-9a1e-4d97-a22d-f08793b1dc6d,8e3bec84-9a1e-4d97-a22d-f08793b1dc6d,,SWC_NM_035,300323,,VMS,,both,90:744,
metadata_final/metadata_opto_behavior.py,145,e5b0e49634be8cf8,opto_behavior,eid,8e6c8994-6a12-4e2c-b066-958b9f84ab67,8e6c8994-6a12-4e2c-b066-958b9f84ab67,,SWC_NM_010,030222,,ZI,,right,ALL,figure1_zi_glmhmm
metadata_final/metadata_opto_behavior.py,139,513a76a39061e52f,opto_behavior,eid,8e71c2f4-f931-4b1b-8f45-1ccb8b2460e8,8e71c2f4-f931-4b1b-8f45-1ccb8b2460e8,,SWC_NM_008,071021,,SNr,,both,ALL,
metadata_final/metadata_opto_behavior.py,524,b7e316b29a89d791,opto_behavior,eid,8ee3b9ba-d327-4583-a46f-02ef9b837d98,8ee3b9ba-d327-4583-a46f-02ef9b837d98,,SWC_NM_099,2025-08-29,,VLS,,right,60:9999,figure3_vls_d1_glmhmm
metadata_final/metadata_opto_behavior.py,327,6d6b83d37fe40500,opto_behavior,eid,8fc44e79-5d11-40c5-b338-87dfd1c115d3,8fc44e79-5d11-40c5-b338-87dfd1c115d3,,SWC_NM_035,020323,,VMS,,left,538:669,
metadata_final/metadata_opto_behavior.py,343,33b7c2afa7acc143,opto_behavior,eid,8fc44e79-5d11-40c5-b338-87dfd1c115d3,8fc44e79-5d11-40c5-b338-87dfd1c115d3,,SWC_NM_035,020323,,VMS,,left,180:537,
metadata_final/metadata_opto_behavior.py,870,5641686c1b9537d0,opto_behavior,eid,90e0413e-539b-432d-8e50-212f4ce19487,90e0413e-539b-432d-8e50-212f4ce19487,,SWC_NM_110,2026-05-18,,SNr,,left,143:9999,
metadata_final/metadata_opto_behavior.py,820,8da92d0245757334,opto_behavior,eid,911a0794-bcd9-41e3-a015-c6818d2a0dc1,911a0794-bcd9-41e3-a015-c6818d2a0dc1,,SWC_NM_106,2026-04-11,,VLS,,left,ALL,
metadata_final/metadata_opto_behavior.py,658,26b109efe99a4d68,opto_behavior,eid,911f1c21-acb0-4b8d-825a-c415d6b204f8,911f1c21-acb0-4b8d-825a-c415d6b204f8,,SWC_NM_102,2025-12-05,,SNr,,right,ALL,
metadata_final/metadata_opto_behavior.py,89,78d6141eddf94fd8,opto_behavior,eid,91857de2-766f-43e2-a3cc-ace233485ebd,91857de2-766f-43e2-a3cc-ace233485ebd,,SWC_NM_026,2023-01-20,,STN,,both,511:9999,
metadata_final/metadata_opto_behavior.py,90,cb56ed835c7c1848,opto_behavior,eid,91857de2-766f-43e2-a3cc-ace233485ebd,91857de2-766f-43e2-a3cc-ace233485ebd,,SWC_NM_026,2023-01-20,,STN,,both,188:511,figure3_stn_glmhmm
metadata_final/metadata_opto_behavior.py,811,091d219943d40a50,opto_behavior,eid,9189a3d6-bf67-40c8-b725-650207348ea8,9189a3d6-bf67-40c8-b725-650207348ea8,,SWC_NM_108,2026-02-27,,VLS,,right,ALL,figure3_vls_d2_glmhmm
metadata_final/metadata_opto_behavior.py,893,a99967d0ae7637fd,opto_behavior,eid,91c7d835-107d-440a-935f-bb7f99f01c99,91c7d835-107d-440a-935f-bb7f99f01c99,,SWC_NM_113,2026-04-29,,SNr,,left,ALL,supp1_hemisphere_specific
metadata_final/metadata_opto_behavior.py,204,cc04315c5de56f4d,opto_behavior,eid,9428f5fc-a6b9-4689-8200-b0a846933a1d,9428f5fc-a6b9-4689-8200-b0a846933a1d,,SWC_NM_018,290322,,SNr,,left,ALL,
metadata_final/metadata_opto_behavior.py,372,4bf600ddfc757916,opto_behavior,eid,947bf043-ff1d-4dc7-8db3-ec05164ccfb7,947bf043-ff1d-4dc7-8db3-ec05164ccfb7,,SWC_NM_042,080623,,VLS,,right,98:640,
metadata_final/metadata_opto_behavior.py,382,431b433148454491,opto_behavior,eid,949ffb0c-a81a-49ea-a5c8-b0f50400e955,949ffb0c-a81a-49ea-a5c8-b0f50400e955,,SWC_NM_043,080823,,VLS,,left,172:378,
metadata_final/metadata_opto_behavior.py,313,e9380289ebbffe61,opto_behavior,eid,94a30725-7b79-4eb2-8938-7838e874f367,94a30725-7b79-4eb2-8938-7838e874f367,,SWC_NM_053,231123,,VLS,,both,108:767,figure3_vls_d1_glmhmm
metadata_final/metadata_opto_behavior.py,495,f5cc4d78adc0902e,opto_behavior,eid,956cb2a4-5bda-4d96-b8cd-496d700157eb,956cb2a4-5bda-4d96-b8cd-496d700157eb,,SWC_NM_099,2025-10-09,,VLS,,left,ALL,figure3_vls_d1_glmhmm
metadata_final/metadata_opto_behavior.py,827,781e130677a27cfe,opto_behavior,eid,959fc67f-1819-454c-8a32-fef40342d6df,959fc67f-1819-454c-8a32-fef40342d6df,,SWC_NM_106,2026-03-30,,VLS,,nan,ALL,
metadata_final/metadata_opto_behavior.py,751,09e43d8c76bc90a5,opto_behavior,eid,95a313a8-37f0-4520-bf75-0ec369d2f5ba,95a313a8-37f0-4520-bf75-0ec369d2f5ba,,SWC_NM_089,2024-11-26,,VLS,,left,ALL,figure3_vls_d2_glmhmm
metadata_final/metadata_opto_behavior.py,177,dc1a515004b18816,opto_behavior,eid,95acdc6e-8959-4d9a-b039-9c28a9f06ee0,95acdc6e-8959-4d9a-b039-9c28a9f06ee0,,SWC_NM_012,070222,,SNr,,right,ALL,figure1_snr_glmhmm;supp1_glmhmm_states;supp1_hemisphere_specific;supp1_snr_no_glmhmm
metadata_final/metadata_opto_behavior.py,235,00af86a3847a2e29,opto_behavior,eid,95b46097-4cc0-4574-9ed3-7d9a2fd4b5ca,95b46097-4cc0-4574-9ed3-7d9a2fd4b5ca,,SWC_NM_022,250822,,ZI,,right,0:425,
metadata_final/metadata_opto_behavior.py,236,b348aaee0ae5c325,opto_behavior,eid,95b46097-4cc0-4574-9ed3-7d9a2fd4b5ca,95b46097-4cc0-4574-9ed3-7d9a2fd4b5ca,,SWC_NM_022,250822,,ZI,,right,425:9999,
metadata_final/metadata_opto_behavior.py,400,f0a03f551eae4aac,opto_behavior,eid,95f11fa0-a548-4eb5-8fa4-d62e2d1db0f3,95f11fa0-a548-4eb5-8fa4-d62e2d1db0f3,,SWC_NM_065,080324,,VLS,,left,110:857,figure3_vls_d2_glmhmm
metadata_final/metadata_opto_behavior.py,335,ef5375a776b610aa,opto_behavior,eid,95f3745b-64c8-46db-924a-3cb867349804,95f3745b-64c8-46db-924a-3cb867349804,,SWC_NM_035,070423,,VMS,,both,170:491,
metadata_final/metadata_opto_behavior.py,53,7eee27c1ee9b29a7,opto_behavior,eid,9606af89-12f6-4a57-8cd9-24f733beae8a,9606af89-12f6-4a57-8cd9-24f733beae8a,,SWC_NM_025,2022-11-03,,STN,,both,162:791,figure3_stn_glmhmm
metadata_final/metadata_opto_behavior.py,346,79da2b83db0c5f7a,opto_behavior,eid,96468f7e-df40-4b3f-9651-cfb25d8d0b3e,96468f7e-df40-4b3f-9651-cfb25d8d0b3e,,SWC_NM_035,150323,,VMS,,both,35:741,
metadata_final/metadata_opto_behavior.py,789,5d8481ec99cf42fb,opto_behavior,eid,967e1337-9ef2-4334-a36a-f45edbe3e544,967e1337-9ef2-4334-a36a-f45edbe3e544,,SWC_NM_083,2025-03-11,,VLS,,left,ALL,figure3_vls_d2_glmhmm
metadata_final/metadata_opto_behavior.py,529,fd3ca54a43ec4fd4,opto_behavior,eid,96813852-4a35-4f74-9c12-29140021e2d4,96813852-4a35-4f74-9c12-29140021e2d4,,SWC_NM_100,2025-11-03,,VLS,,both,ALL,figure3_vls_d1_glmhmm
metadata_final/metadata_opto_behavior.py,140,b4dfaaa665b188ef,opto_behavior,eid,96aaa6e1-1b1d-46e9-b8a0-47de29d195a7,96aaa6e1-1b1d-46e9-b8a0-47de29d195a7,,SWC_NM_008,290921,,SNr,,both,90:1004,
metadata_final/metadata_opto_behavior.py,543,f2279da3e0d5b541,opto_behavior,eid,96bb0ab8-9671-4d53-8f82-4297b91f45cd,96bb0ab8-9671-4d53-8f82-4297b91f45cd,,SWC_NM_100,2025-09-30,,VLS,,left,ALL,figure3_vls_d1_glmhmm
metadata_final/metadata_opto_behavior.py,311,f4472f1bafe25e76,opto_behavior,eid,96ff08d6-b9f1-4596-bc70-ee10c7502670,96ff08d6-b9f1-4596-bc70-ee10c7502670,,SWC_NM_053,211123,,VLS,,both,150:450,figure3_vls_d1_glmhmm
metadata_final/metadata_opto_behavior.py,692,0adef988d266b27d,opto_behavior,eid,9719c885-fe34-46f7-bf20-413d836f4c19,9719c885-fe34-46f7-bf20-413d836f4c19,,SWC_NM_103,2026-01-30,,SNr,,right,ALL,figure1_snr_glmhmm;supp1_glmhmm_states;supp1_hemisphere_specific;supp1_snr_no_glmhmm
metadata_final/metadata_opto_behavior.py,354,5b8b557ac6bfe516,opto_behavior,eid,97555715-ddfd-4e98-be18-c5616125cde5,97555715-ddfd-4e98-be18-c5616125cde5,,SWC_NM_037,210723,,DLS,,right,185:641,
metadata_final/metadata_opto_behavior.py,829,4fc05d98a032cd40,opto_behavior,eid,976077e3-132f-4f41-8b36-e289a6c9b59d,976077e3-132f-4f41-8b36-e289a6c9b59d,,SWC_NM_111,2026-04-24,,ZI,,both,ALL,figure1_zi_glmhmm
metadata_final/metadata_opto_behavior.py,684,f38a5c22b236604a,opto_behavior,eid,9776f121-3a76-402c-9c3d-96190c30e187,9776f121-3a76-402c-9c3d-96190c30e187,,SWC_NM_103,2026-02-11,,SNr,,both,ALL,supp1_hemisphere_specific
metadata_final/metadata_opto_behavior.py,515,d7bbdca1706043c1,opto_behavior,eid,979436c7-383c-4093-b722-ec44b28750de,979436c7-383c-4093-b722-ec44b28750de,,SWC_NM_099,2025-09-11,,VLS,,right,ALL,figure3_vls_d1_glmhmm
metadata_final/metadata_opto_behavior.py,436,6a3595db3f5ce61c,opto_behavior,eid,98566e39-3e37-4943-8ed3-fa608febc6a2,98566e39-3e37-4943-8ed3-fa608febc6a2,,SWC_NM_093,2025-06-24,,VLS,,right,0:313,
metadata_final/metadata_opto_behavior.py,465,94dfcc5ed587e5fa,opto_behavior,eid,987d7a03-ac5f-46c2-a2f4-e1e69f1aa1d9,987d7a03-ac5f-46c2-a2f4-e1e69f1aa1d9,,SWC_NM_096,2025-09-01,,SNr,,right,200:9999,figure1_snr_glmhmm;supp1_glmhmm_states;supp1_hemisphere_specific;supp1_snr_no_glmhmm
metadata_final/metadata_opto_behavior.py,159,bd15ce97d58167f9,opto_behavior,eid,98ee5eaf-d3bd-4101-a4ed-b074f537798a,98ee5eaf-d3bd-4101-a4ed-b074f537798a,,SWC_NM_010,280222,,ZI,,left,ALL,
metadata_final/metadata_opto_behavior.py,193,695661af5ab8751e,opto_behavior,eid,98ee5eaf-d3bd-4101-a4ed-b074f537798a,98ee5eaf-d3bd-4101-a4ed-b074f537798a,,SWC_NM_012,280222,,SNr,,both,ALL,
metadata_final/metadata_opto_behavior.py,609,f5c837ae7a70e552,opto_behavior,eid,99008bca-5218-427a-a79f-fd99d4255ac6,99008bca-5218-427a-a79f-fd99d4255ac6,,SWC_NM_109,2026-02-20,,VLS,,left,ALL,figure3_vls_d2_glmhmm
metadata_final/metadata_opto_behavior.py,216,3458bed833c61736,opto_behavior,eid,9934246e-0e5a-4fe9-90dc-bf179c84482f,9934246e-0e5a-4fe9-90dc-bf179c84482f,,SWC_NM_016,110422,,SNr,,both,122:9999,supp1_hemisphere_specific
metadata_final/metadata_opto_behavior.py,559,98508a36c5f3c690,opto_behavior,eid,994aa1f0-3fb7-45a8-bfb3-a2d5f9bc66c4,994aa1f0-3fb7-45a8-bfb3-a2d5f9bc66c4,,SWC_NM_101,2025-11-20,,VLS,,right,ALL,figure3_vls_d1_glmhmm
metadata_final/metadata_opto_behavior.py,166,e0ad4782228a01f5,opto_behavior,eid,997bed88-f960-4d40-9e3b-872727784e3c,997bed88-f960-4d40-9e3b-872727784e3c,,SWC_NM_011,191121,,SNr,,left,ALL,supp1_hemisphere_specific
metadata_final/metadata_opto_behavior.py,828,acf0e1de6fd311ba,opto_behavior,eid,99835b18-182d-484e-9fd8-61431e6f3789,99835b18-182d-484e-9fd8-61431e6f3789,,SWC_NM_106,2026-03-27,,VLS,,nan,ALL,
metadata_final/metadata_opto_behavior.py,606,1c23019e72d564a8,opto_behavior,eid,99b7285b-b018-4f84-bd2a-34e53bbe5cd2,99b7285b-b018-4f84-bd2a-34e53bbe5cd2,,SWC_NM_109,2026-02-26,,VLS,,left,ALL,figure3_vls_d2_glmhmm
metadata_final/metadata_opto_behavior.py,389,ab0f4f307fcbab2f,opto_behavior,eid,99c5cd8f-817b-4e7d-97d1-7d89cd54af3e,99c5cd8f-817b-4e7d-97d1-7d89cd54af3e,,SWC_NM_065,220224,,VLS,,left,39:864,figure3_vls_d2_glmhmm
metadata_final/metadata_opto_behavior.py,814,194738681aaeecc8,opto_behavior,eid,9a477d5c-21a3-4d88-ad20-2cac23f2e975,9a477d5c-21a3-4d88-ad20-2cac23f2e975,,SWC_NM_108,2026-02-19,,VLS,,right,303:9999,figure3_vls_d2_glmhmm
metadata_final/metadata_opto_behavior.py,864,a2757f42e5c48629,opto_behavior,eid,9a4c58d7-26f5-433e-a6f1-2c603e5eb06a,9a4c58d7-26f5-433e-a6f1-2c603e5eb06a,,SWC_NM_110,2026-05-26,,SNr,,both,ALL,
metadata_final/metadata_opto_behavior.py,312,6f203074cd0780e1,opto_behavior,eid,9a6f6206-5958-450f-84a0-9689d1ef34c3,9a6f6206-5958-450f-84a0-9689d1ef34c3,,SWC_NM_053,221123,,VLS,,both,111:805,figure3_vls_d1_glmhmm
metadata_final/metadata_opto_behavior.py,679,095d598b09916899,opto_behavior,eid,9a7972da-6cf2-44ec-be1c-28008003e539,9a7972da-6cf2-44ec-be1c-28008003e539,,SWC_NM_103,2026-02-19,,SNr,,right,ALL,figure1_snr_glmhmm;supp1_glmhmm_states;supp1_hemisphere_specific;supp1_snr_no_glmhmm
metadata_final/metadata_opto_behavior.py,655,5ca53136cb58202b,opto_behavior,eid,9add8a8e-7de0-49da-8c00-8041bed1f9df,9add8a8e-7de0-49da-8c00-8041bed1f9df,,SWC_NM_102,2025-12-10,,SNr,,right,ALL,
metadata_final/metadata_opto_behavior.py,662,c4aa38defdadfa56,opto_behavior,eid,9c303b53-0747-4d7a-9b39-ba68d1441942,9c303b53-0747-4d7a-9b39-ba68d1441942,,SWC_NM_102,2025-12-01,,SNr,,both,ALL,
metadata_final/metadata_opto_behavior.py,35,95cd81023e1ce4cb,opto_behavior,eid,9c4b3fd9-f937-4f2b-9b7b-39be7bc2a7f8,9c4b3fd9-f937-4f2b-9b7b-39be7bc2a7f8,,SWC_NM_024,2022-12-21,,STN,,right,36:9999,figure3_stn_glmhmm
metadata_final/metadata_opto_behavior.py,221,f43e26f860d51e92,opto_behavior,eid,9cc77c22-08f2-49cd-b37d-905397fab334,9cc77c22-08f2-49cd-b37d-905397fab334,,SWC_NM_016,220422,,SNr,,both,90:662,
metadata_final/metadata_opto_behavior.py,786,c6d8ad85d23f1b42,opto_behavior,eid,9cd4ff60-be51-4aff-912d-67a11dd0fc75,9cd4ff60-be51-4aff-912d-67a11dd0fc75,,SWC_NM_083,2025-03-14,,VLS,,left,ALL,figure3_vls_d2_glmhmm
metadata_final/metadata_opto_behavior.py,401,92573aaa4cdfb738,opto_behavior,eid,9cf85b9f-9151-4f38-b59b-1f2cd1fda704,9cf85b9f-9151-4f38-b59b-1f2cd1fda704,,SWC_NM_065,110324,,VLS,,none,0:9999,
metadata_final/metadata_opto_behavior.py,614,1d2043f62a716564,opto_behavior,eid,9d2c19a6-df4b-43f8-a8af-c3cf9f4c9f9d,9d2c19a6-df4b-43f8-a8af-c3cf9f4c9f9d,,SWC_NM_109,2026-02-13,,VLS,,left,ALL,figure3_vls_d2_glmhmm
metadata_final/metadata_opto_behavior.py,832,6cfcd73c80f91ad6,opto_behavior,eid,9d306baa-31cb-4c02-9577-f3113d2fc77d,9d306baa-31cb-4c02-9577-f3113d2fc77d,,SWC_NM_111,2026-04-21,,ZI,,both,ALL,figure1_zi_glmhmm
metadata_final/metadata_opto_behavior.py,717,f1a442180d42888e,opto_behavior,eid,9d55cbc0-7f4c-4dcd-a3a8-525aeb39bca8,9d55cbc0-7f4c-4dcd-a3a8-525aeb39bca8,,SWC_NM_049,2023-08-01,,MOs,,both,95:9999,
metadata_final/metadata_opto_behavior.py,806,98c10666dbee890c,opto_behavior,eid,9d6109f3-8529-481f-9ece-eeec42fa3648,9d6109f3-8529-481f-9ece-eeec42fa3648,,SWC_NM_108,2026-03-19,,VLS,,right,ALL,figure3_vls_d2_glmhmm
metadata_final/metadata_opto_behavior.py,468,0e9018c00a8a77d3,opto_behavior,eid,9d67f331-b93f-43a9-a8af-22c48efc338c,9d67f331-b93f-43a9-a8af-22c48efc338c,,SWC_NM_096,2025-08-27,,SNr,,both,184:9999,supp1_hemisphere_specific
metadata_final/metadata_opto_behavior.py,579,50ed9ddd440719bf,opto_behavior,eid,9df83e5b-256f-4e48-8e1d-76517005710b,9df83e5b-256f-4e48-8e1d-76517005710b,,SWC_NM_073,120624,,VLS,,none,NONE,
metadata_final/metadata_opto_behavior.py,574,f71bff87946a6522,opto_behavior,eid,9e04d416-7463-4370-830a-bda8f03ffe17,9e04d416-7463-4370-830a-bda8f03ffe17,,SWC_NM_073,030624,,VLS,,left,0:194,figure3_vls_d1_glmhmm
metadata_final/metadata_opto_behavior.py,340,e38ff0f394c8227d,opto_behavior,eid,9e2ebea3-450d-41da-8066-77cbbc3b46c7,9e2ebea3-450d-41da-8066-77cbbc3b46c7,,SWC_NM_035,240323,,VMS,,right,118:966,
metadata_final/metadata_opto_behavior.py,171,0512ff0d9c273ae4,opto_behavior,eid,9e4b80e4-ae85-4e5e-8e1d-519eb68347be,9e4b80e4-ae85-4e5e-8e1d-519eb68347be,,SWC_NM_011,051121,,SNr,,left,ALL,
metadata_final/metadata_opto_behavior.py,767,8673411c39af22e3,opto_behavior,eid,9e6ba046-d48f-4913-a433-ecca9a1049fc,9e6ba046-d48f-4913-a433-ecca9a1049fc,,SWC_NM_087,2025-02-07,,VLS,,right,ALL,figure3_vls_d2_glmhmm
metadata_final/metadata_opto_behavior.py,202,263779b04380e4df,opto_behavior,eid,9ea88450-65e7-4c6c-a619-76cccbc163a8,9ea88450-65e7-4c6c-a619-76cccbc163a8,,SWC_NM_018,070622,,SNr,,right,90:9999,figure1_snr_glmhmm;supp1_glmhmm_states;supp1_hemisphere_specific;supp1_snr_no_glmhmm
metadata_final/metadata_opto_behavior.py,727,559db5541d3557f8,opto_behavior,eid,9ee13d3f-3721-4656-9521-3179222c0426,9ee13d3f-3721-4656-9521-3179222c0426,,SWC_NM_049,2023-07-17,,MOs,,both,7:454,
metadata_final/metadata_opto_behavior.py,688,38c5fa0ffface349,opto_behavior,eid,9f7fc9ca-d43b-479e-9e2a-08a475b94f3a,9f7fc9ca-d43b-479e-9e2a-08a475b94f3a,,SWC_NM_103,2026-02-05,,SNr,,both,ALL,supp1_hemisphere_specific
metadata_final/metadata_opto_behavior.py,463,8f56266c48ac3d60,opto_behavior,eid,9fa6297f-93a9-499d-ae38-2eed6e55565d,9fa6297f-93a9-499d-ae38-2eed6e55565d,,SWC_NM_096,2025-09-02,,SNr,,right,522:9999,
metadata_final/metadata_opto_behavior.py,464,903d6e00ef2d4bd0,opto_behavior,eid,9fa6297f-93a9-499d-ae38-2eed6e55565d,9fa6297f-93a9-499d-ae38-2eed6e55565d,,SWC_NM_096,2025-09-02,,SNr,,left,0:522,
metadata_final/metadata_opto_behavior.py,403,cbe8cc85edefcc79,opto_behavior,eid,9fec4695-637b-4a22-ab75-f751546e3729,9fec4695-637b-4a22-ab75-f751546e3729,,SWC_NM_065,130324,,VLS,,both,0:934,figure3_vls_d2_glmhmm
metadata_final/metadata_opto_behavior.py,735,496e71d62cc6da49,opto_behavior,eid,a014ef1e-7710-40ac-afd4-0402f1e12a7c,a014ef1e-7710-40ac-afd4-0402f1e12a7c,,SWC_NM_051,2023-09-27,,MOs,,both,90:9999,
metadata_final/metadata_opto_behavior.py,626,bc5eb66c763bbe07,opto_behavior,eid,a022ff94-4504-468a-86d1-c8843855bc1f,a022ff94-4504-468a-86d1-c8843855bc1f,,SWC_NM_080,2024-10-16,,SNr,,left,ALL,supp1_hemisphere_specific
metadata_final/metadata_opto_behavior.py,379,c57b37f14afb4cda,opto_behavior,eid,a0343dc0-911a-4ba8-a968-105274075537,a0343dc0-911a-4ba8-a968-105274075537,,SWC_NM_043,140823,,VLS,,both,169:737,
metadata_final/metadata_opto_behavior.py,288,98ead6e3fdaafa39,opto_behavior,eid,a079d54f-825f-4267-925b-a2ec3ba1b631,a079d54f-825f-4267-925b-a2ec3ba1b631,,SWC_NM_036,130423,,VMS,,left,90:753,
metadata_final/metadata_opto_behavior.py,691,cb94b260f65e8be6,opto_behavior,eid,a08fc1e6-e299-45a9-a4ff-311f770c4a20,a08fc1e6-e299-45a9-a4ff-311f770c4a20,,SWC_NM_103,2026-02-02,,SNr,,both,ALL,supp1_hemisphere_specific
metadata_final/metadata_opto_behavior.py,546,178ca04ee6f2be6e,opto_behavior,eid,a0910156-ce33-4bb5-b367-a8fbffeb94c1,a0910156-ce33-4bb5-b367-a8fbffeb94c1,,SWC_NM_101,2025-12-10,,VLS,,left,ALL,figure3_vls_d1_glmhmm
metadata_final/metadata_opto_behavior.py,799,6dcb221b0af79cf1,opto_behavior,eid,a0dce8e3-bbf8-4230-a909-89e30e7a5e1f,a0dce8e3-bbf8-4230-a909-89e30e7a5e1f,,SWC_NM_083,2025-02-25,,VLS,,right,ALL,figure3_vls_d2_glmhmm
metadata_final/metadata_opto_behavior.py,348,e7b15059592d0aa0,opto_behavior,eid,a0f4b0fb-388e-4a15-a3fc-4792814f18ac,a0f4b0fb-388e-4a15-a3fc-4792814f18ac,,SWC_NM_035,290323,,VMS,,both,8:907,
metadata_final/metadata_opto_behavior.py,364,b4262dace7c76310,opto_behavior,eid,a109e274-2379-409f-afd8-783ac2852565,a109e274-2379-409f-afd8-783ac2852565,,SWC_NM_042,240523,,VLS,,right,81:343,
metadata_final/metadata_opto_behavior.py,365,3529bd59ed549c6e,opto_behavior,eid,a109e274-2379-409f-afd8-783ac2852565,a109e274-2379-409f-afd8-783ac2852565,,SWC_NM_042,240523,,VLS,,right,343:9999,
metadata_final/metadata_opto_behavior.py,630,d7af837a8339744f,opto_behavior,eid,a1b744fd-828f-456c-9a4a-fadfee19de1b,a1b744fd-828f-456c-9a4a-fadfee19de1b,,SWC_NM_080,2024-08-28,,SNr,,both,ALL,supp1_hemisphere_specific
metadata_final/metadata_opto_behavior.py,669,f7a1b26fb1400f05,opto_behavior,eid,a1c81975-0c12-4ca7-aac6-193f2ef8eada,a1c81975-0c12-4ca7-aac6-193f2ef8eada,,SWC_NM_102,2025-11-19,,SNr,,right,ALL,
metadata_final/metadata_opto_behavior.py,732,630d6dfca9e0efd5,opto_behavior,eid,a1d962cc-4669-470b-af40-509a0d411268,a1d962cc-4669-470b-af40-509a0d411268,,SWC_NM_051,2023-10-05,,MOs,,both,ALL,
metadata_final/metadata_opto_behavior.py,673,08c4c9c6168da078,opto_behavior,eid,a31836c9-3d0c-460d-aacb-aa12c97ef3be,a31836c9-3d0c-460d-aacb-aa12c97ef3be,,SWC_NM_102,2025-11-12,,SNr,,left,ALL,
metadata_final/metadata_opto_behavior.py,633,5e1b048b19d1c815,opto_behavior,eid,a3264491-161d-4add-9c69-5d9c613abec6,a3264491-161d-4add-9c69-5d9c613abec6,,SWC_NM_080,2024-08-22,,SNr,,right,ALL,
metadata_final/metadata_opto_behavior.py,414,d4cc569544149824,opto_behavior,eid,a34085ff-e190-46b6-b786-df0be8e0227e,a34085ff-e190-46b6-b786-df0be8e0227e,,SWC_NM_065,290324,,VLS,,both,ALL,figure3_vls_d2_glmhmm
metadata_final/metadata_opto_behavior.py,270,b346e285751e0a11,opto_behavior,eid,a34c3639-4a0c-4bb2-b369-dd72487e4e1f,a34c3639-4a0c-4bb2-b369-dd72487e4e1f,,SWC_NM_036,160323,,VMS,,both,101:975,
metadata_final/metadata_opto_behavior.py,483,9453dac3a4ac7a62,opto_behavior,eid,a3a18538-7b1f-4f70-9dea-26e00733ecdc,a3a18538-7b1f-4f70-9dea-26e00733ecdc,,SWC_NM_098,2025-10-03,,VLS,,left,ALL,figure3_vls_d1_glmhmm
metadata_final/metadata_opto_behavior.py,467,5c47e4bcbabcd2c0,opto_behavior,eid,a3a49b17-4218-4a37-953c-db7e772a6c04,a3a49b17-4218-4a37-953c-db7e772a6c04,,SWC_NM_096,2025-08-28,,SNr,,none,ALL,
metadata_final/metadata_opto_behavior.py,885,6910a0c800f2c00b,opto_behavior,eid,a3dad990-0323-4e0b-8a2f-6bf13cfab3e1,a3dad990-0323-4e0b-8a2f-6bf13cfab3e1,,SWC_NM_113,2026-05-08,,SNr,,both,ALL,supp1_hemisphere_specific
metadata_final/metadata_opto_behavior.py,587,94e7ffcf07ff7c67,opto_behavior,eid,a3f900dc-786a-4c11-896d-796534e38ad0,a3f900dc-786a-4c11-896d-796534e38ad0,,SWC_NM_105,2025-12-11,,VLS,,left,ALL,figure3_vls_d1_glmhmm
metadata_final/metadata_opto_behavior.py,185,bcc0763b7d847836,opto_behavior,eid,a418eb79-b949-4fdf-9fad-b5d8b240e638,a418eb79-b949-4fdf-9fad-b5d8b240e638,,SWC_NM_012,230222,,SNr,,both,ALL,supp1_hemisphere_specific
metadata_final/metadata_opto_behavior.py,176,9828303e7d7d7bf5,opto_behavior,eid,a4501dd7-8613-4cdf-99ef-ca56971557c5,a4501dd7-8613-4cdf-99ef-ca56971557c5,,SWC_NM_012,030222,,SNr,,left,ALL,supp1_hemisphere_specific
metadata_final/metadata_opto_behavior.py,887,b843d9fa02204ee4,opto_behavior,eid,a455ce8b-3abe-41ca-8ad3-21e69cb3b87c,a455ce8b-3abe-41ca-8ad3-21e69cb3b87c,,SWC_NM_113,2026-05-06,,SNr,,left,ALL,supp1_hemisphere_specific
metadata_final/metadata_opto_behavior.py,889,7f31037bc90217d9,opto_behavior,eid,a457b999-3c71-4c34-abf2-a397996fa30d,a457b999-3c71-4c34-abf2-a397996fa30d,,SWC_NM_113,2026-05-04,,SNr,,both,ALL,supp1_hemisphere_specific
metadata_final/metadata_opto_behavior.py,763,0886349258e5cb29,opto_behavior,eid,a480cc48-493f-434b-8196-98d22252fc27,a480cc48-493f-434b-8196-98d22252fc27,,SWC_NM_087,2025-02-13,,VLS,,both,ALL,figure3_vls_d2_glmhmm
metadata_final/metadata_opto_behavior.py,839,ea56866a2c0af5f6,opto_behavior,eid,a506d5df-404c-4ad2-b391-057429b37afb,a506d5df-404c-4ad2-b391-057429b37afb,,SWC_NM_111,2026-04-11,,ZI,,both,ALL,figure1_zi_glmhmm
metadata_final/metadata_opto_behavior.py,793,42819b23206a0fa6,opto_behavior,eid,a5a82e1a-e012-4a86-a240-3513d9c4cfb6,a5a82e1a-e012-4a86-a240-3513d9c4cfb6,,SWC_NM_083,2025-03-05,,VLS,,both,ALL,figure3_vls_d2_glmhmm
metadata_final/metadata_opto_behavior.py,269,a05409bc9f447b92,opto_behavior,eid,a5c3a7bf-23af-44ba-aa17-6814a84264c7,a5c3a7bf-23af-44ba-aa17-6814a84264c7,,SWC_NM_036,150323,,VMS,,right,1:781,
metadata_final/metadata_opto_behavior.py,558,863f839e06ac3ce4,opto_behavior,eid,a5d59778-e076-4e48-9d6c-d500d691339a,a5d59778-e076-4e48-9d6c-d500d691339a,,SWC_NM_101,2025-11-21,,VLS,,both,ALL,figure3_vls_d1_glmhmm
metadata_final/metadata_opto_behavior.py,892,12894109e35dc8cb,opto_behavior,eid,a6f3c306-6e9b-47aa-91a2-5ef560fefc17,a6f3c306-6e9b-47aa-91a2-5ef560fefc17,,SWC_NM_113,2026-04-30,,SNr,,both,ALL,supp1_hemisphere_specific
metadata_final/metadata_opto_behavior.py,330,559371e6fbdb1ccf,opto_behavior,eid,a6fe82bf-8d76-4a07-8dfe-0da5cb168e06,a6fe82bf-8d76-4a07-8dfe-0da5cb168e06,,SWC_NM_035,210323,,VMS,,left,20:482,
metadata_final/metadata_opto_behavior.py,383,05d848c1f1f579f0,opto_behavior,eid,a775f6d4-d83e-4ef4-ae98-8a72a79d6517,a775f6d4-d83e-4ef4-ae98-8a72a79d6517,,SWC_NM_043,090823,,VLS,,right,127:534,
metadata_final/metadata_opto_behavior.py,621,d50ad3672ab3d4bd,opto_behavior,eid,a7c9a06d-7998-44d7-9dd9-f288f9cc87ff,a7c9a06d-7998-44d7-9dd9-f288f9cc87ff,,SWC_NM_109,2026-02-04,,VLS,,left,ALL,figure3_vls_d2_glmhmm
metadata_final/metadata_opto_behavior.py,610,c4ac9f21ba316d66,opto_behavior,eid,a8e39cd4-e35f-4818-a2e6-c78862f361ba,a8e39cd4-e35f-4818-a2e6-c78862f361ba,,SWC_NM_109,2026-02-19,,VLS,,both,ALL,figure3_vls_d2_glmhmm
metadata_final/metadata_opto_behavior.py,122,38d5e8763f1565ed,opto_behavior,eid,a8f4b965-89b6-4905-b953-3f6f7c42bbb7,a8f4b965-89b6-4905-b953-3f6f7c42bbb7,,SWC_NM_004,011121,,SNr,,left,ALL,supp1_hemisphere_specific
metadata_final/metadata_opto_behavior.py,619,4a14ad17c00d7d58,opto_behavior,eid,a9d36372-0eb9-4080-8344-8a671ec1c5b0,a9d36372-0eb9-4080-8344-8a671ec1c5b0,,SWC_NM_109,2026-02-06,,VLS,,both,ALL,figure3_vls_d2_glmhmm
metadata_final/metadata_opto_behavior.py,398,c0e3f06a0d856bd0,opto_behavior,eid,a9e099d3-2159-44f9-9e49-f42f360e6d75,a9e099d3-2159-44f9-9e49-f42f360e6d75,,SWC_NM_065,060324,,VLS,,right,0:886,figure3_vls_d2_glmhmm
metadata_final/metadata_opto_behavior.py,509,c69df5b2ec776aaa,opto_behavior,eid,a9e6ca81-f6ac-4cf2-aefd-56ea2e10fea6,a9e6ca81-f6ac-4cf2-aefd-56ea2e10fea6,,SWC_NM_099,2025-09-19,,VLS,,right,ALL,figure3_vls_d1_glmhmm
metadata_final/metadata_opto_behavior.py,349,67e7cc093cbf6fd7,opto_behavior,eid,aabe7656-2d2f-44ee-9e87-bd5ca4102523,aabe7656-2d2f-44ee-9e87-bd5ca4102523,,SWC_NM_037,170723,,DLS,,right,252:401,
metadata_final/metadata_opto_behavior.py,585,1ce220631730b619,opto_behavior,eid,ab329d9a-7c14-4c67-9782-40fc519f9cd3,ab329d9a-7c14-4c67-9782-40fc519f9cd3,,SWC_NM_073,250624,,VLS,,left,0:9999,figure3_vls_d1_glmhmm
metadata_final/metadata_opto_behavior.py,716,34732c39a85f07e3,opto_behavior,eid,ab3ee693-82aa-40d4-b215-e0f284d07aaa,ab3ee693-82aa-40d4-b215-e0f284d07aaa,,SWC_NM_049,2023-08-02,,MOs,,right,100:9999,
metadata_final/metadata_opto_behavior.py,152,69de8ffad6f9d6da,opto_behavior,eid,ab4938a4-b64c-4a91-8620-d8707a2d2df6,ab4938a4-b64c-4a91-8620-d8707a2d2df6,,SWC_NM_010,020322,,ZI,,left,ALL,figure1_zi_glmhmm
metadata_final/metadata_opto_behavior.py,506,2d2e22c9a21c483a,opto_behavior,eid,ab9f1a5c-9637-4837-90d1-dd2a666b08bd,ab9f1a5c-9637-4837-90d1-dd2a666b08bd,,SWC_NM_099,2025-09-24,,VLS,,none,ALL,
metadata_final/metadata_opto_behavior.py,63,ade9caddd4bdbd8b,opto_behavior,eid,abf38955-b5d4-4319-921a-f0658188ad57,abf38955-b5d4-4319-921a-f0658188ad57,,SWC_NM_025,2022-10-25,,STN,,right,237:412,
metadata_final/metadata_opto_behavior.py,64,0b2b8bcff9eff910,opto_behavior,eid,abf38955-b5d4-4319-921a-f0658188ad57,abf38955-b5d4-4319-921a-f0658188ad57,,SWC_NM_025,2022-10-25,,STN,,right,"188:236,413:597",figure3_stn_glmhmm
metadata_final/metadata_opto_behavior.py,73,fe7c9447ba6aac53,opto_behavior,eid,ac52a1ce-3b6c-4421-bc12-3d898d7d6527,ac52a1ce-3b6c-4421-bc12-3d898d7d6527,,SWC_NM_026,2023-02-16,,STN,,left,154:9999,
metadata_final/metadata_opto_behavior.py,74,e88b0dbe55076b0a,opto_behavior,eid,ac52a1ce-3b6c-4421-bc12-3d898d7d6527,ac52a1ce-3b6c-4421-bc12-3d898d7d6527,,SWC_NM_026,2023-02-16,,STN,,left,0:154,figure3_stn_glmhmm
metadata_final/metadata_opto_behavior.py,532,3a72fce4d15cfcfb,opto_behavior,eid,ad8495d1-6341-4a9d-9eb9-f6c397eec797,ad8495d1-6341-4a9d-9eb9-f6c397eec797,,SWC_NM_100,2025-10-27,,VLS,,left,ALL,figure3_vls_d1_glmhmm
metadata_final/metadata_opto_behavior.py,818,c10d436ff34cb159,opto_behavior,eid,ae095f0e-f4fa-413a-9559-d5398502a880,ae095f0e-f4fa-413a-9559-d5398502a880,,SWC_NM_106,2026-04-15,,VLS,,both,ALL,
metadata_final/metadata_opto_behavior.py,388,c78c94bd8e7b9be3,opto_behavior,eid,ae7d982d-4f45-4e81-9dc3-5810f3004450,ae7d982d-4f45-4e81-9dc3-5810f3004450,,SWC_NM_065,200224,,VLS,,none,0:716,
metadata_final/metadata_opto_behavior.py,123,381820c5b04bc775,opto_behavior,eid,ae981ae0-748d-4edc-9a6f-98ea1b417c34,ae981ae0-748d-4edc-9a6f-98ea1b417c34,,SWC_NM_004,021121,,SNr,,left,ALL,supp1_hemisphere_specific
metadata_final/metadata_opto_behavior.py,411,59f7d210919e90f9,opto_behavior,eid,aedf9c64-5605-4beb-8fb4-a2ef66ecd4b4,aedf9c64-5605-4beb-8fb4-a2ef66ecd4b4,,SWC_NM_065,260324,,VLS,,both,ALL,figure3_vls_d2_glmhmm
metadata_final/metadata_opto_behavior.py,308,d976abefadd0f26d,opto_behavior,eid,af0e43f5-d3a4-44af-9924-20eecff02744,af0e43f5-d3a4-44af-9924-20eecff02744,,SWC_NM_053,161123,,VLS,,both,90:756,figure3_vls_d1_glmhmm
metadata_final/metadata_opto_behavior.py,607,1b305abfafc147c3,opto_behavior,eid,af3b4d94-5129-4e5a-a143-1ed54e8f2dc8,af3b4d94-5129-4e5a-a143-1ed54e8f2dc8,,SWC_NM_109,2026-02-24,,VLS,,right,ALL,figure3_vls_d2_glmhmm
metadata_final/metadata_opto_behavior.py,718,4257659ccf3b0ae9,opto_behavior,eid,af6163b6-1427-4d72-8c78-831d30fffe2f,af6163b6-1427-4d72-8c78-831d30fffe2f,,SWC_NM_049,2023-07-31,,MOs,,both,66:9999,
metadata_final/metadata_opto_behavior.py,791,f817f6a3f5626981,opto_behavior,eid,b049230e-d30b-4458-bd89-dfc114f15869,b049230e-d30b-4458-bd89-dfc114f15869,,SWC_NM_083,2025-03-07,,VLS,,right,ALL,figure3_vls_d2_glmhmm
metadata_final/metadata_opto_behavior.py,405,919c1e20c921d4e2,opto_behavior,eid,b05d84d0-ee90-478b-b172-02122295fad0,b05d84d0-ee90-478b-b172-02122295fad0,,SWC_NM_065,180324,,VLS,,both,18:9999,figure3_vls_d2_glmhmm
metadata_final/metadata_opto_behavior.py,370,814f35c6c3ac6321,opto_behavior,eid,b0734d14-c1c0-4291-94e6-96a5f7d7d86a,b0734d14-c1c0-4291-94e6-96a5f7d7d86a,,SWC_NM_042,260523,,VLS,,both,111:623,
metadata_final/metadata_opto_behavior.py,317,362f2ea7b589e22c,opto_behavior,eid,b09b7f9b-4833-426c-b395-1599b2e015f9,b09b7f9b-4833-426c-b395-1599b2e015f9,,SWC_NM_053,041223,,VLS,,both,90:400,
metadata_final/metadata_opto_behavior.py,891,230a4ef771a28b9a,opto_behavior,eid,b172e5f6-c6ce-455e-b6c8-819824013dd6,b172e5f6-c6ce-455e-b6c8-819824013dd6,,SWC_NM_113,2026-04-30,,SNr,,both,ALL,supp1_hemisphere_specific
metadata_final/metadata_opto_behavior.py,322,19f091848b55f179,opto_behavior,eid,b1b0a076-1527-4d1e-a714-27adbfff6219,b1b0a076-1527-4d1e-a714-27adbfff6219,,SWC_NM_035,160323,,VMS,,right,170:867,
metadata_final/metadata_opto_behavior.py,124,876314ffcc99cd15,opto_behavior,eid,b1dd1c50-6fbe-4f9b-8267-0b48a819c78e,b1dd1c50-6fbe-4f9b-8267-0b48a819c78e,,SWC_NM_004,201021,,SNr,,left,ALL,
metadata_final/metadata_opto_behavior.py,213,0e4751ceaf60c303,opto_behavior,eid,b1f5abe0-8261-498c-a8e6-24381750da18,b1f5abe0-8261-498c-a8e6-24381750da18,,SWC_NM_018,170622,,SNr,,left,422:485,supp1_hemisphere_specific
metadata_final/metadata_opto_behavior.py,214,7ee5413c82d2aad5,opto_behavior,eid,b1f5abe0-8261-498c-a8e6-24381750da18,b1f5abe0-8261-498c-a8e6-24381750da18,,SWC_NM_018,170622,,SNr,,left,"371:422,485:9999",
metadata_final/metadata_opto_behavior.py,156,dce81b19890f15fa,opto_behavior,eid,b2da6e36-e25c-4b2a-9937-2ab30003ac48,b2da6e36-e25c-4b2a-9937-2ab30003ac48,,SWC_NM_010,170222,,ZI,,left,ALL,
metadata_final/metadata_opto_behavior.py,897,5666fe0b5e4e7a0b,opto_behavior,eid,b3052281-b541-474e-8791-bc7594ec4a49,b3052281-b541-474e-8791-bc7594ec4a49,,SWC_NM_113,2026-04-24,,SNr,,left,ALL,supp1_hemisphere_specific
metadata_final/metadata_opto_behavior.py,550,71e47cf1387e5164,opto_behavior,eid,b482f991-a90b-44e3-bc6f-c7133e0188a0,b482f991-a90b-44e3-bc6f-c7133e0188a0,,SWC_NM_101,2025-12-04,,VLS,,both,ALL,figure3_vls_d1_glmhmm
metadata_final/metadata_opto_behavior.py,323,5bef12f058b66e7d,opto_behavior,eid,b4cff50c-934f-4855-9aa3-9b04d989de59,b4cff50c-934f-4855-9aa3-9b04d989de59,,SWC_NM_035,200323,,VMS,,right,1:545,
metadata_final/metadata_opto_behavior.py,196,a738afb4bf46df11,opto_behavior,eid,b4dd0cff-3aed-4b74-973a-0a015cc2ad11,b4dd0cff-3aed-4b74-973a-0a015cc2ad11,,SWC_NM_018,060422,,SNr,,both,ALL,supp1_hemisphere_specific
metadata_final/metadata_opto_behavior.py,51,d61c2d06c25f4131,opto_behavior,eid,b4fa0296-28ef-4e31-af9e-514e2537bb9c,b4fa0296-28ef-4e31-af9e-514e2537bb9c,,SWC_NM_025,2022-11-04,,STN,,right,24:421,figure3_stn_glmhmm
metadata_final/metadata_opto_behavior.py,690,e81a776cb18f41bb,opto_behavior,eid,b55d70f1-a56e-4f1c-9b93-bd2c95325d5d,b55d70f1-a56e-4f1c-9b93-bd2c95325d5d,,SWC_NM_103,2026-02-03,,SNr,,left,ALL,supp1_hemisphere_specific
metadata_final/metadata_opto_behavior.py,809,e145873a4fd33680,opto_behavior,eid,b5bfa109-109b-446a-b047-97261872a430,b5bfa109-109b-446a-b047-97261872a430,,SWC_NM_108,2026-03-11,,VLS,,right,ALL,figure3_vls_d2_glmhmm
metadata_final/metadata_opto_behavior.py,871,0e6e8479d816aa4b,opto_behavior,eid,b61091b1-96b4-4571-a501-bab7a04e36e5,b61091b1-96b4-4571-a501-bab7a04e36e5,,SWC_NM_110,2026-05-17,,SNr,,right,270:9999,
metadata_final/metadata_opto_behavior.py,11,37c8acf68d2be0dd,opto_behavior,eid,b64467f6-0fb9-4d77-8c97-eacb3a15dffe,b64467f6-0fb9-4d77-8c97-eacb3a15dffe,,SWC_NM_024,2023-02-07,,STN,,right,90:586,figure3_stn_glmhmm
metadata_final/metadata_opto_behavior.py,77,ad1d1314c6faccb2,opto_behavior,eid,b6de331a-495a-42b3-b029-ee743a99ac10,b6de331a-495a-42b3-b029-ee743a99ac10,,SWC_NM_026,2023-02-14,,STN,,right,ALL,
metadata_final/metadata_opto_behavior.py,792,08e2a2c91e16c250,opto_behavior,eid,b6e5583d-b69d-4658-b665-9b2a038a77c8,b6e5583d-b69d-4658-b665-9b2a038a77c8,,SWC_NM_083,2025-03-06,,VLS,,left,ALL,figure3_vls_d2_glmhmm
metadata_final/metadata_opto_behavior.py,56,7a006796795c6fd8,opto_behavior,eid,b6f80439-98e6-41cf-a7e8-7216b1d93feb,b6f80439-98e6-41cf-a7e8-7216b1d93feb,,SWC_NM_025,2022-10-31,,STN,,right,100:461,
metadata_final/metadata_opto_behavior.py,14,508f00f5b5974239,opto_behavior,eid,b754992d-ac3a-477f-a4d9-421e10f34681,b754992d-ac3a-477f-a4d9-421e10f34681,,SWC_NM_024,2023-02-02,,STN,,left,100:450,figure3_stn_glmhmm
metadata_final/metadata_opto_behavior.py,504,20693da1e2cb0a69,opto_behavior,eid,b759d11f-e9ab-414a-9363-996c140a9503,b759d11f-e9ab-414a-9363-996c140a9503,,SWC_NM_099,2025-09-26,,VLS,,both,ALL,figure3_vls_d1_glmhmm
metadata_final/metadata_opto_behavior.py,854,a0725e2b791801a1,opto_behavior,eid,b7651593-5549-4e7a-b006-4c7eb5267529,b7651593-5549-4e7a-b006-4c7eb5267529,,SWC_NM_111,2026-03-17,,ZI,,nan,ALL,
metadata_final/metadata_opto_behavior.py,597,8b2af532e64f16e4,opto_behavior,eid,b786c122-24f7-4fe9-ac1f-269fa1c517cb,b786c122-24f7-4fe9-ac1f-269fa1c517cb,,SWC_NM_107,2026-02-20,,VLS,,right,ALL,figure3_vls_d2_glmhmm
metadata_final/metadata_opto_behavior.py,226,d4149dc5f191967d,opto_behavior,eid,b7b8153b-a6b5-4bab-9759-130e71a777d1,b7b8153b-a6b5-4bab-9759-130e71a777d1,,SWC_NM_022,2022-09-23,,ZI,,left,"130:366,510:9999",
metadata_final/metadata_opto_behavior.py,227,93c5540788869ed3,opto_behavior,eid,b7b8153b-a6b5-4bab-9759-130e71a777d1,b7b8153b-a6b5-4bab-9759-130e71a777d1,,SWC_NM_022,2022-09-23,,ZI,,left,"0:113,366:504",figure1_zi_glmhmm
metadata_final/metadata_opto_behavior.py,723,5d7312e63020aed2,opto_behavior,eid,b872338e-baf4-408e-a1a2-6cc11cb825b8,b872338e-baf4-408e-a1a2-6cc11cb825b8,,SWC_NM_049,2023-07-24,,MOs,,both,145:655,
metadata_final/metadata_opto_behavior.py,329,81a8724c0d6f54dd,opto_behavior,eid,b8bbf15b-115c-495a-86b4-818bbacb39fe,b8bbf15b-115c-495a-86b4-818bbacb39fe,,SWC_NM_035,170323,,VMS,,left,3:795,
metadata_final/metadata_opto_behavior.py,872,818ddef65c6e022c,opto_behavior,eid,b9186c7c-d5e0-481e-81b4-6d854e54ef63,b9186c7c-d5e0-481e-81b4-6d854e54ef63,,SWC_NM_110,2026-05-14,,SNr,,left,ALL,
metadata_final/metadata_opto_behavior.py,863,e6126b2a2c26253f,opto_behavior,eid,b97d421b-96d8-46bf-bb79-0b89761a5237,b97d421b-96d8-46bf-bb79-0b89761a5237,,SWC_NM_110,2026-05-27,,SNr,,both,ALL,
metadata_final/metadata_opto_behavior.py,661,8c94ef853be2c87d,opto_behavior,eid,b9e4878b-1dbb-49d3-909f-d1fe4475ff9a,b9e4878b-1dbb-49d3-909f-d1fe4475ff9a,,SWC_NM_102,2025-12-02,,SNr,,left,ALL,
metadata_final/metadata_opto_behavior.py,711,4f0c31d28a33415e,opto_behavior,eid,ba0ac3a9-7ab0-4d1c-be3a-ddf593fd0241,ba0ac3a9-7ab0-4d1c-be3a-ddf593fd0241,,SWC_NM_049,2023-08-09,,MOs,,both,147:9999,
metadata_final/metadata_opto_behavior.py,262,7f9cfbe30dbeea26,opto_behavior,eid,ba25fc85-b7d3-44cb-9689-3c0b2f761416,ba25fc85-b7d3-44cb-9689-3c0b2f761416,,SWC_NM_104,2025-11-20,,ZI,,left,ALL,figure1_zi_glmhmm
metadata_final/metadata_opto_behavior.py,112,7563c7ea1ba58bf3,opto_behavior,eid,ba7bbd72-c41a-4dbd-9992-4a51489f4289,ba7bbd72-c41a-4dbd-9992-4a51489f4289,,SWC_NM_003,270921,,ZI,,left,0:388,
metadata_final/metadata_opto_behavior.py,113,bfc661d43b95240d,opto_behavior,eid,ba7bbd72-c41a-4dbd-9992-4a51489f4289,ba7bbd72-c41a-4dbd-9992-4a51489f4289,,SWC_NM_003,270921,,ZI,,right,388:676,
metadata_final/metadata_opto_behavior.py,708,e553355175b9e12a,opto_behavior,eid,babbd6b0-dbab-4598-87d4-00b4c723ad3e,babbd6b0-dbab-4598-87d4-00b4c723ad3e,,SWC_NM_049,2023-08-14,,MOs,,right,118:9999,
metadata_final/metadata_opto_behavior.py,808,31c9b370e6c5e2c6,opto_behavior,eid,bacfcc69-bc68-4086-b131-78ce43db1f10,bacfcc69-bc68-4086-b131-78ce43db1f10,,SWC_NM_108,2026-03-13,,VLS,,right,ALL,figure3_vls_d2_glmhmm
metadata_final/metadata_opto_behavior.py,101,c05aae40a07df205,opto_behavior,eid,bb3a4433-65db-4640-8690-5bbc81ef8d49,bb3a4433-65db-4640-8690-5bbc81ef8d49,,SWC_NM_003,061021,,ZI,,both,ALL,figure1_zi_glmhmm
metadata_final/metadata_opto_behavior.py,52,f8ed26b9040bc0c0,opto_behavior,eid,bb590645-fd17-4025-84e5-e65d3ef948ea,bb590645-fd17-4025-84e5-e65d3ef948ea,,SWC_NM_025,2022-11-04,,STN,,right,50:400,
metadata_final/metadata_opto_behavior.py,858,8cc3c84d3de759fc,opto_behavior,eid,bb70f30c-261e-48f7-8bc0-99b1bc84f8f9,bb70f30c-261e-48f7-8bc0-99b1bc84f8f9,,SWC_NM_110,2026-06-03,,SNr,,both,ALL,
metadata_final/metadata_opto_behavior.py,237,879accc17fa1879e,opto_behavior,eid,bbb93ef8-8439-4515-96a1-776c797bb7d8,bbb93ef8-8439-4515-96a1-776c797bb7d8,,SWC_NM_022,260822,,ZI,,left,0:9999,
metadata_final/metadata_opto_behavior.py,458,f8618dc6ffdb2a49,opto_behavior,eid,bbe8ea3d-b942-4d56-b281-baed2f3d3143,bbe8ea3d-b942-4d56-b281-baed2f3d3143,,SWC_NM_096,2025-09-08,,SNr,,right,444:9999,figure1_snr_glmhmm;supp1_glmhmm_states;supp1_hemisphere_specific;supp1_snr_no_glmhmm
metadata_final/metadata_opto_behavior.py,459,27f84ab022df88b8,opto_behavior,eid,bbe8ea3d-b942-4d56-b281-baed2f3d3143,bbe8ea3d-b942-4d56-b281-baed2f3d3143,,SWC_NM_096,2025-09-08,,SNr,,both,208:443,supp1_hemisphere_specific
metadata_final/metadata_opto_behavior.py,263,852a2e6b4ac5bde9,opto_behavior,eid,bbecd194-0be4-4acc-9b11-e4d8395db0a8,bbecd194-0be4-4acc-9b11-e4d8395db0a8,,SWC_NM_104,2025-11-20,,ZI,,left,ALL,figure1_zi_glmhmm
metadata_final/metadata_opto_behavior.py,746,e21f4dbda60b819c,opto_behavior,eid,bc467278-6c15-488c-8113-2c21f0201d09,bc467278-6c15-488c-8113-2c21f0201d09,,SWC_NM_089,2024-12-04,,VLS,,left,ALL,figure3_vls_d2_glmhmm
metadata_final/metadata_opto_behavior.py,521,89cc29ab735af6ee,opto_behavior,eid,bc5cc639-7ea2-4f25-be88-70f7e81e5d4e,bc5cc639-7ea2-4f25-be88-70f7e81e5d4e,,SWC_NM_099,2025-09-03,,VLS,,both,ALL,figure3_vls_d1_glmhmm
metadata_final/metadata_opto_behavior.py,25,4d8c0a0c569b1a25,opto_behavior,eid,bca63bed-244c-4cb6-b173-26661d02e901,bca63bed-244c-4cb6-b173-26661d02e901,,SWC_NM_024,2023-01-19,,STN,,right,ALL,figure3_stn_glmhmm
metadata_final/metadata_opto_behavior.py,761,86e0b81f7d5dca78,opto_behavior,eid,bcb9118d-7428-424c-808f-eb0914c687f4,bcb9118d-7428-424c-808f-eb0914c687f4,,SWC_NM_087,2025-02-17,,VLS,,right,ALL,figure3_vls_d2_glmhmm
metadata_final/metadata_opto_behavior.py,756,e35332731356498f,opto_behavior,eid,bd8d53d9-c829-4124-8577-eb9bcb7263f6,bd8d53d9-c829-4124-8577-eb9bcb7263f6,,SWC_NM_089,2024-11-18,,VLS,,both,ALL,figure3_vls_d2_glmhmm
metadata_final/metadata_opto_behavior.py,556,37033085c6bd5377,opto_behavior,eid,bdb9743e-77c4-44b9-947d-a2ad1e9862e2,bdb9743e-77c4-44b9-947d-a2ad1e9862e2,,SWC_NM_101,2025-11-26,,VLS,,left,ALL,figure3_vls_d1_glmhmm
metadata_final/metadata_opto_behavior.py,399,6968dda09c2158cf,opto_behavior,eid,be1b5f79-1d0c-4156-bb85-d659639c5f0d,be1b5f79-1d0c-4156-bb85-d659639c5f0d,,SWC_NM_065,070324,,VLS,,both,133:1216,figure3_vls_d2_glmhmm
metadata_final/metadata_opto_behavior.py,460,23384fe9928e082d,opto_behavior,eid,be392f15-acc6-4f9c-ab8d-03dc7c09dd77,be392f15-acc6-4f9c-ab8d-03dc7c09dd77,,SWC_NM_096,2025-09-05,,SNr,,both,ALL,supp1_hemisphere_specific
metadata_final/metadata_opto_behavior.py,280,d90f7b9a645b7f30,opto_behavior,eid,be50456b-7477-4638-887e-a8895e34b7b2,be50456b-7477-4638-887e-a8895e34b7b2,,SWC_NM_036,300323,,VMS,,both,90:658,
metadata_final/metadata_opto_behavior.py,142,8b0afbaccd106c94,opto_behavior,eid,be7b5af4-be82-4be4-903d-678c59d8d365,be7b5af4-be82-4be4-903d-678c59d8d365,,SWC_NM_008,051021,,SNr,,both,ALL,
metadata_final/metadata_opto_behavior.py,834,fd089a2ba8e40506,opto_behavior,eid,beccfebc-956e-4265-abb9-be74704bd930,beccfebc-956e-4265-abb9-be74704bd930,,SWC_NM_111,2026-04-17,,ZI,,both,ALL,figure1_zi_glmhmm
metadata_final/metadata_opto_behavior.py,276,a28e8f7495b3b2f1,opto_behavior,eid,bef903f8-fedb-42b7-83e7-c06446bb766b,bef903f8-fedb-42b7-83e7-c06446bb766b,,SWC_NM_036,240323,,VMS,,left,1:794,
metadata_final/metadata_opto_behavior.py,278,e1fb4fa8090c60d9,opto_behavior,eid,bef903f8-fedb-42b7-83e7-c06446bb766b,bef903f8-fedb-42b7-83e7-c06446bb766b,,SWC_NM_036,280323,,VMS,,both,5:458,
metadata_final/metadata_opto_behavior.py,765,717d963368e54054,opto_behavior,eid,bef93e88-35dd-493d-86d0-48302a8a5953,bef93e88-35dd-493d-86d0-48302a8a5953,,SWC_NM_087,2025-02-11,,VLS,,left,ALL,figure3_vls_d2_glmhmm
metadata_final/metadata_opto_behavior.py,772,b87b5e2fd13dff5a,opto_behavior,eid,bf0ce134-b9fd-45e1-aec0-505abfefdd49,bf0ce134-b9fd-45e1-aec0-505abfefdd49,,SWC_NM_087,2024-12-20,,VLS,,both,6:9999,figure3_vls_d2_glmhmm
metadata_final/metadata_opto_behavior.py,861,9bac97bcf4d18a67,opto_behavior,eid,bf4ec174-84fc-432c-808a-f2ad01ace010,bf4ec174-84fc-432c-808a-f2ad01ace010,,SWC_NM_110,2026-05-29,,SNr,,both,ALL,
metadata_final/metadata_opto_behavior.py,800,916d3b09412f7abb,opto_behavior,eid,bf81a0a2-8b27-4fc7-9d6f-684063d8c75e,bf81a0a2-8b27-4fc7-9d6f-684063d8c75e,,SWC_NM_083,2025-02-24,,VLS,,left,ALL,figure3_vls_d2_glmhmm
metadata_final/metadata_opto_behavior.py,55,be4ba59cfa38fba8,opto_behavior,eid,c0892faa-519e-430f-9b40-992b09fd618a,c0892faa-519e-430f-9b40-992b09fd618a,,SWC_NM_025,2022-11-01,,STN,,left,124:9999,
metadata_final/metadata_opto_behavior.py,432,7647d94b6bd2f75b,opto_behavior,eid,c0b113eb-6de8-4606-a910-7adb14004af4,c0b113eb-6de8-4606-a910-7adb14004af4,,SWC_NM_065,300424,,VLS,,both,ALL,figure3_vls_d2_glmhmm
metadata_final/metadata_opto_behavior.py,557,b2dbab98c598c036,opto_behavior,eid,c0dd7673-0673-4ac1-b3ce-0e1b9bc6ec05,c0dd7673-0673-4ac1-b3ce-0e1b9bc6ec05,,SWC_NM_101,2025-11-25,,VLS,,both,ALL,figure3_vls_d1_glmhmm
metadata_final/metadata_opto_behavior.py,345,d2db996f93b8deb3,opto_behavior,eid,c0e0f994-7f1f-4c71-a781-9843f034ef50,c0e0f994-7f1f-4c71-a781-9843f034ef50,,SWC_NM_035,030323,,VMS,,both,460:829,
metadata_final/metadata_opto_behavior.py,516,9ead9b72574c746f,opto_behavior,eid,c1095784-72f3-406b-b0d3-83fd7e305988,c1095784-72f3-406b-b0d3-83fd7e305988,,SWC_NM_099,2025-09-10,,VLS,,left,ALL,figure3_vls_d1_glmhmm
metadata_final/metadata_opto_behavior.py,511,ea5b343d1a768915,opto_behavior,eid,c192f964-f05d-49cf-89c1-ab36f358d282,c192f964-f05d-49cf-89c1-ab36f358d282,,SWC_NM_099,2025-09-17,,VLS,,right,ALL,figure3_vls_d1_glmhmm
metadata_final/metadata_opto_behavior.py,413,bdeec0459a25dfb1,opto_behavior,eid,c1f650d5-fee2-4ec1-8ed4-d7bb4ce3cb0c,c1f650d5-fee2-4ec1-8ed4-d7bb4ce3cb0c,,SWC_NM_065,280324,,VLS,,right,ALL,figure3_vls_d2_glmhmm
metadata_final/metadata_opto_behavior.py,573,3636aaf3cfc3f237,opto_behavior,eid,c279da4e-2a82-4ff4-8b00-812ee5c014ea,c279da4e-2a82-4ff4-8b00-812ee5c014ea,,SWC_NM_073,100524,,VLS,,left,0:230,figure3_vls_d1_glmhmm
metadata_final/metadata_opto_behavior.py,821,08687185c5761062,opto_behavior,eid,c295ed7e-dcf7-4e42-b0ef-661df88c9bb5,c295ed7e-dcf7-4e42-b0ef-661df88c9bb5,,SWC_NM_106,2026-04-09,,VLS,,both,ALL,
metadata_final/metadata_opto_behavior.py,344,8ac69fa3ed859547,opto_behavior,eid,c2a819bb-0cdf-4f91-8646-d227f65f6c78,c2a819bb-0cdf-4f91-8646-d227f65f6c78,,SWC_NM_035,060323,,VMS,,both,134:788,
metadata_final/metadata_opto_behavior.py,283,2aa32ee252dd8228,opto_behavior,eid,c2c3cc18-e125-42e3-b2ac-fc6b6e1e70b8,c2c3cc18-e125-42e3-b2ac-fc6b6e1e70b8,,SWC_NM_036,040423,,VMS,,left,4:918,
metadata_final/metadata_opto_behavior.py,600,01d77b542ffb91c6,opto_behavior,eid,c3065b9f-46c3-4bff-84f4-1652c2e22a51,c3065b9f-46c3-4bff-84f4-1652c2e22a51,,SWC_NM_107,2026-02-12,,VLS,,right,ALL,figure3_vls_d2_glmhmm
metadata_final/metadata_opto_behavior.py,394,4b9f16512ce4a753,opto_behavior,eid,c34237da-348a-429e-830c-f881553f901e,c34237da-348a-429e-830c-f881553f901e,,SWC_NM_065,290224,,VLS,,both,39:679,figure3_vls_d2_glmhmm
metadata_final/metadata_opto_behavior.py,456,3a65c538fdedef4e,opto_behavior,eid,c34afa9d-872c-4237-b585-62dac85b333a,c34afa9d-872c-4237-b585-62dac85b333a,,SWC_NM_096,2025-09-10,,SNr,,right,271:9999,figure1_snr_glmhmm;supp1_glmhmm_states;supp1_hemisphere_specific;supp1_snr_no_glmhmm
metadata_final/metadata_opto_behavior.py,862,d852009465374795,opto_behavior,eid,c431b9fc-512f-4bba-b5a5-0891fff5fce6,c431b9fc-512f-4bba-b5a5-0891fff5fce6,,SWC_NM_110,2026-05-28,,SNr,,both,ALL,
metadata_final/metadata_opto_behavior.py,150,bd53fd3f6f9c72b7,opto_behavior,eid,c44751ce-3ef1-4fb1-9744-a8f6ac4b28ac,c44751ce-3ef1-4fb1-9744-a8f6ac4b28ac,,SWC_NM_010,240222,,ZI,,right,ALL,figure1_zi_glmhmm
metadata_final/metadata_opto_behavior.py,668,7448e378d82702d0,opto_behavior,eid,c47c69bf-20b9-4b2e-907f-6e25798fa08f,c47c69bf-20b9-4b2e-907f-6e25798fa08f,,SWC_NM_102,2025-11-21,,SNr,,both,ALL,
metadata_final/metadata_opto_behavior.py,255,ea00fcd616807268,opto_behavior,eid,c4910490-89bb-44ac-93f7-d3cf685d9286,c4910490-89bb-44ac-93f7-d3cf685d9286,,SWC_NM_104,2025-12-01,,ZI,,left,ALL,figure1_zi_glmhmm
metadata_final/metadata_opto_behavior.py,57,e8a8e4a06f953e9e,opto_behavior,eid,c4f246b4-454c-4d42-9e4a-daf2c92b7787,c4f246b4-454c-4d42-9e4a-daf2c92b7787,,SWC_NM_025,2022-10-31,,STN,,right,0:215,
metadata_final/metadata_opto_behavior.py,310,e537f36a8b82f147,opto_behavior,eid,c558a4bd-0960-49c4-94ec-7964168a05a7,c558a4bd-0960-49c4-94ec-7964168a05a7,,SWC_NM_053,201123,,VLS,,both,265:700,figure3_vls_d1_glmhmm
metadata_final/metadata_opto_behavior.py,542,8bccba48af1cb789,opto_behavior,eid,c684a122-d976-458f-a101-23e772abfbc8,c684a122-d976-458f-a101-23e772abfbc8,,SWC_NM_100,2025-10-02,,VLS,,both,ALL,figure3_vls_d1_glmhmm
metadata_final/metadata_opto_behavior.py,428,4fef7ae7e9bf8b90,opto_behavior,eid,c70d6be4-a6b0-43e1-8dad-4112e421786d,c70d6be4-a6b0-43e1-8dad-4112e421786d,,SWC_NM_065,240424,,VLS,,left,ALL,figure3_vls_d2_glmhmm
metadata_final/metadata_opto_behavior.py,26,3f067ac9e4d2750f,opto_behavior,eid,c82ceab1-ad8f-42aa-bb2d-c9594315d2cd,c82ceab1-ad8f-42aa-bb2d-c9594315d2cd,,SWC_NM_024,2023-01-18,,STN,,left,90:409,figure3_stn_glmhmm
metadata_final/metadata_opto_behavior.py,257,926be06c816dcdcc,opto_behavior,eid,c8aa5aec-d45c-4074-b8c4-47b42d1b2b8e,c8aa5aec-d45c-4074-b8c4-47b42d1b2b8e,,SWC_NM_104,2025-11-27,,ZI,,right,ALL,
metadata_final/metadata_opto_behavior.py,121,a4708101c2e276c8,opto_behavior,eid,c90780f1-9304-4bcf-b74b-6ec9cae581ad,c90780f1-9304-4bcf-b74b-6ec9cae581ad,,SWC_NM_004,211021,,SNr,,left,ALL,supp1_hemisphere_specific
metadata_final/metadata_opto_behavior.py,114,c2a24e95b279705e,opto_behavior,eid,c9f6d00a-b6ca-4d83-a1fd-6082453445ee,c9f6d00a-b6ca-4d83-a1fd-6082453445ee,,SWC_NM_003,261021,,ZI,,left,ALL,
metadata_final/metadata_opto_behavior.py,381,23023001bb2a8506,opto_behavior,eid,ca498612-10c7-4921-b394-87259e6ca735,ca498612-10c7-4921-b394-87259e6ca735,,SWC_NM_043,110923,,VLS,,both,146:815,
metadata_final/metadata_opto_behavior.py,217,b30e326a264ea79a,opto_behavior,eid,ca97595c-1ae9-4bf5-8703-4368abe28c9e,ca97595c-1ae9-4bf5-8703-4368abe28c9e,,SWC_NM_016,120422,,SNr,,left,119:400,supp1_hemisphere_specific
metadata_final/metadata_opto_behavior.py,683,b907cd01b811d9a0,opto_behavior,eid,cab61256-6121-4c99-b894-25c41293d9e8,cab61256-6121-4c99-b894-25c41293d9e8,,SWC_NM_103,2026-02-12,,SNr,,left,ALL,supp1_hemisphere_specific
metadata_final/metadata_opto_behavior.py,80,4d7ab1a6dca60691,opto_behavior,eid,cab9a767-05b4-4033-b074-225db0d37221,cab9a767-05b4-4033-b074-225db0d37221,,SWC_NM_026,2023-02-02,,STN,,left,90:528,figure3_stn_glmhmm
metadata_final/metadata_opto_behavior.py,241,c64239dd03866d79,opto_behavior,eid,cb124905-f035-4b45-acc6-5eefd06f695b,cb124905-f035-4b45-acc6-5eefd06f695b,,SWC_NM_022,050922,,ZI,,left,149:9999,
metadata_final/metadata_opto_behavior.py,643,dcf6126e051fcea1,opto_behavior,eid,cb16969f-fdf4-48a9-a32f-790d4abca59e,cb16969f-fdf4-48a9-a32f-790d4abca59e,,SWC_NM_102,2026-02-06,,SNr,,left,ALL,
metadata_final/metadata_opto_behavior.py,28,a6adc47a0374da2f,opto_behavior,eid,cb8f7026-175b-4386-97ae-46858a721197,cb8f7026-175b-4386-97ae-46858a721197,,SWC_NM_024,2023-01-12,,STN,,left,418:9999,
metadata_final/metadata_opto_behavior.py,29,0ea14eabfb5c480c,opto_behavior,eid,cb8f7026-175b-4386-97ae-46858a721197,cb8f7026-175b-4386-97ae-46858a721197,,SWC_NM_024,2023-01-12,,STN,,right,87:418,
metadata_final/metadata_opto_behavior.py,224,1ff9f3fcf11d2903,opto_behavior,eid,cc14dbaf-300b-4df5-8fba-edb4b4b06cf8,cc14dbaf-300b-4df5-8fba-edb4b4b06cf8,,SWC_NM_016,130422,,SNr,,right,42:407,
metadata_final/metadata_opto_behavior.py,225,e075ed1fb082b800,opto_behavior,eid,cc14dbaf-300b-4df5-8fba-edb4b4b06cf8,cc14dbaf-300b-4df5-8fba-edb4b4b06cf8,,SWC_NM_016,130422,,SNr,,left,407:9999,
metadata_final/metadata_opto_behavior.py,219,4b150d09e912fc42,opto_behavior,eid,cc800aa2-768a-4ca3-8710-99a9fa1d2e79,cc800aa2-768a-4ca3-8710-99a9fa1d2e79,,SWC_NM_016,250422,,SNr,,both,107:575,supp1_hemisphere_specific
metadata_final/metadata_opto_behavior.py,178,a212b271dd6babf8,opto_behavior,eid,ccf42b1c-8ed4-4265-afe6-2afb25d10d08,ccf42b1c-8ed4-4265-afe6-2afb25d10d08,,SWC_NM_012,080222,,SNr,,left,ALL,supp1_hemisphere_specific
metadata_final/metadata_opto_behavior.py,391,17fbfeffb9193cc5,opto_behavior,eid,cd998125-3ee8-4b01-b362-66e9f82d0ab8,cd998125-3ee8-4b01-b362-66e9f82d0ab8,,SWC_NM_065,260224,,VLS,,both,27:800,figure3_vls_d2_glmhmm
metadata_final/metadata_opto_behavior.py,552,2a59032ca9c02530,opto_behavior,eid,cdbc2205-9717-400d-8b0b-1d20f81e42e3,cdbc2205-9717-400d-8b0b-1d20f81e42e3,,SWC_NM_101,2025-12-02,,VLS,,left,ALL,figure3_vls_d1_glmhmm
metadata_final/metadata_opto_behavior.py,603,a90ff6cc17eff065,opto_behavior,eid,ce39afdf-d31e-48aa-a325-5aa925b33d27,ce39afdf-d31e-48aa-a325-5aa925b33d27,,SWC_NM_109,2026-03-10,,VLS,,right,ALL,figure3_vls_d2_glmhmm
metadata_final/metadata_opto_behavior.py,79,c5fa03e2b93131c8,opto_behavior,eid,ce6be632-7986-4e05-b2c3-231d459d4dc4,ce6be632-7986-4e05-b2c3-231d459d4dc4,,SWC_NM_026,2023-02-03,,STN,,both,470:9999,
metadata_final/metadata_opto_behavior.py,762,23f557afa8e57685,opto_behavior,eid,cf2b1b1c-f7bc-4c54-8845-2ef923f5b67d,cf2b1b1c-f7bc-4c54-8845-2ef923f5b67d,,SWC_NM_087,2025-02-14,,VLS,,left,ALL,figure3_vls_d2_glmhmm
metadata_final/metadata_opto_behavior.py,286,bb8db037e30c3f89,opto_behavior,eid,cf3a1d93-486a-4f76-99bd-41539d29c4d3,cf3a1d93-486a-4f76-99bd-41539d29c4d3,,SWC_NM_036,070423,,VMS,,both,130:992,
metadata_final/metadata_opto_behavior.py,623,b34ee103f4ccea64,opto_behavior,eid,cf7163c1-fbde-450e-885f-b57c2d5a8b08,cf7163c1-fbde-450e-885f-b57c2d5a8b08,,SWC_NM_109,2026-02-02,,VLS,,left,ALL,figure3_vls_d2_glmhmm
metadata_final/metadata_opto_behavior.py,533,bae2ccb71e68785a,opto_behavior,eid,cf77ab3e-a8f9-44e0-8109-620bd6fd7a09,cf77ab3e-a8f9-44e0-8109-620bd6fd7a09,,SWC_NM_100,2025-10-23,,VLS,,left,ALL,figure3_vls_d1_glmhmm
metadata_final/metadata_opto_behavior.py,232,bba9d7c9df7fcbb8,opto_behavior,eid,cf9db26e-5a55-4838-b853-340a70c6ca45,cf9db26e-5a55-4838-b853-340a70c6ca45,,SWC_NM_022,2022-09-20,,ZI,,none,ALL,
metadata_final/metadata_opto_behavior.py,581,cc04ae6026615d2a,opto_behavior,eid,cfce8001-7886-4a62-9c0a-371fcbc95eb7,cfce8001-7886-4a62-9c0a-371fcbc95eb7,,SWC_NM_073,140624,,VLS,,right,0:9999,figure3_vls_d1_glmhmm
metadata_final/metadata_opto_behavior.py,200,31acbd1760233ba5,opto_behavior,eid,cfde78ae-0d8f-4a06-9e7f-8fe9fe7d1813,cfde78ae-0d8f-4a06-9e7f-8fe9fe7d1813,,SWC_NM_018,030622,,SNr,,right,78:844,figure1_snr_glmhmm;supp1_glmhmm_states;supp1_hemisphere_specific;supp1_snr_no_glmhmm
metadata_final/metadata_opto_behavior.py,477,83724ae5a5d084de,opto_behavior,eid,d01fb7d7-aa75-445b-87b0-d6f9ca4f0749,d01fb7d7-aa75-445b-87b0-d6f9ca4f0749,,SWC_NM_096,2025-08-13,,SNr,,both,ALL,supp1_hemisphere_specific
metadata_final/metadata_opto_behavior.py,368,47c576d8ae37a637,opto_behavior,eid,d0d3ac54-9986-47c5-a76c-14085134afd9,d0d3ac54-9986-47c5-a76c-14085134afd9,,SWC_NM_042,310523,,VLS,,both,90:758,
metadata_final/metadata_opto_behavior.py,694,8644a31f69b3680c,opto_behavior,eid,d11b9fa2-3992-438c-a56d-4c926bd509a3,d11b9fa2-3992-438c-a56d-4c926bd509a3,,SWC_NM_103,2026-01-28,,SNr,,right,ALL,figure1_snr_glmhmm;supp1_glmhmm_states;supp1_hemisphere_specific;supp1_snr_no_glmhmm
metadata_final/metadata_opto_behavior.py,518,9d6624d8793206a0,opto_behavior,eid,d14f301c-2e12-4725-a4ee-d8185a039355,d14f301c-2e12-4725-a4ee-d8185a039355,,SWC_NM_099,2025-09-08,,VLS,,left,ALL,figure3_vls_d1_glmhmm
metadata_final/metadata_opto_behavior.py,208,aea7b639f3213625,opto_behavior,eid,d1a66312-dad9-4951-8a9c-7497c3aaf69f,d1a66312-dad9-4951-8a9c-7497c3aaf69f,,SWC_NM_018,050522,,SNr,,both,157:9999,
metadata_final/metadata_opto_behavior.py,831,a7027e309d99b707,opto_behavior,eid,d2283217-d659-4b45-a08a-e86556b65547,d2283217-d659-4b45-a08a-e86556b65547,,SWC_NM_111,2026-04-22,,ZI,,both,ALL,figure1_zi_glmhmm
metadata_final/metadata_opto_behavior.py,736,4ef0f36c3ce11b10,opto_behavior,eid,d23014c6-ea5a-4cc9-98bc-70916879ce7f,d23014c6-ea5a-4cc9-98bc-70916879ce7f,,SWC_NM_051,2023-09-26,,MOs,,both,100:9999,
metadata_final/metadata_opto_behavior.py,447,884cb81ce7a5e141,opto_behavior,eid,d2a43b28-bf31-42b5-b472-d977b67d79a6,d2a43b28-bf31-42b5-b472-d977b67d79a6,,SWC_NM_096,2025-09-23,,SNr,,left,"0:410,516:776",supp1_hemisphere_specific
metadata_final/metadata_opto_behavior.py,501,aa60f3c8be11baf9,opto_behavior,eid,d2c3c17a-af3b-42ce-b6ef-b6d1e639bc2f,d2c3c17a-af3b-42ce-b6ef-b6d1e639bc2f,,SWC_NM_099,2025-10-01,,VLS,,left,ALL,figure3_vls_d1_glmhmm
metadata_final/metadata_opto_behavior.py,9,dd68591e154e7d24,opto_behavior,eid,d2f085c3-0a84-48c6-88fa-e6b25bd89938,d2f085c3-0a84-48c6-88fa-e6b25bd89938,,SWC_NM_024,2023-02-09,,STN,,left,90:897,figure3_stn_glmhmm
metadata_final/metadata_opto_behavior.py,535,d98aeca3380c0696,opto_behavior,eid,d31ef283-f862-43a6-a848-ebbe03ac62e7,d31ef283-f862-43a6-a848-ebbe03ac62e7,,SWC_NM_100,2025-10-20,,VLS,,left,14:9999,figure3_vls_d1_glmhmm
metadata_final/metadata_opto_behavior.py,660,8da503559b762c9f,opto_behavior,eid,d32cf403-2784-4cf2-8204-81113857bd07,d32cf403-2784-4cf2-8204-81113857bd07,,SWC_NM_102,2025-12-03,,SNr,,right,ALL,
metadata_final/metadata_opto_behavior.py,642,dbf928b614ed088f,opto_behavior,eid,d34ca07c-cff2-4884-afc0-78ff3d7a945c,d34ca07c-cff2-4884-afc0-78ff3d7a945c,,SWC_NM_102,2026-02-09,,SNr,,left,ALL,
metadata_final/metadata_opto_behavior.py,371,c234eebe595e82cd,opto_behavior,eid,d3542e8b-c171-4e20-bbaf-d6487785e9f5,d3542e8b-c171-4e20-bbaf-d6487785e9f5,,SWC_NM_042,090623,,VLS,,left,123:654,
metadata_final/metadata_opto_behavior.py,37,a2e4df7d44090484,opto_behavior,eid,d371049d-bebc-4488-ad8e-3f364d409fc9,d371049d-bebc-4488-ad8e-3f364d409fc9,,SWC_NM_024,2022-12-19,,STN,,right,6:9999,figure3_stn_glmhmm
metadata_final/metadata_opto_behavior.py,757,d203421173d15fe6,opto_behavior,eid,d3a91403-7c69-4794-982c-8d4e6fe12ba4,d3a91403-7c69-4794-982c-8d4e6fe12ba4,,SWC_NM_089,2024-11-15,,VLS,,right,ALL,figure3_vls_d2_glmhmm
metadata_final/metadata_opto_behavior.py,561,c00978097dd130f5,opto_behavior,eid,d4008fa7-9ed6-4658-ae1e-ca97fdd697aa,d4008fa7-9ed6-4658-ae1e-ca97fdd697aa,,SWC_NM_101,2025-11-18,,VLS,,both,ALL,figure3_vls_d1_glmhmm
metadata_final/metadata_opto_behavior.py,860,c63d0e9005591975,opto_behavior,eid,d4aa23cf-f18c-4d1c-a608-6e16cf381bcf,d4aa23cf-f18c-4d1c-a608-6e16cf381bcf,,SWC_NM_110,2026-06-01,,SNr,,both,ALL,
metadata_final/metadata_opto_behavior.py,699,5b7ecdc5f7499036,opto_behavior,eid,d57405c3-1e8b-406f-96f3-566d0b8ed5fd,d57405c3-1e8b-406f-96f3-566d0b8ed5fd,,SWC_NM_063,120624,,PL,,none,NONE,
metadata_final/metadata_opto_behavior.py,795,b6df5f03c6bfa043,opto_behavior,eid,d58b338d-6315-4bc1-b3d3-7995908fa4ae,d58b338d-6315-4bc1-b3d3-7995908fa4ae,,SWC_NM_083,2025-03-03,,VLS,,both,ALL,figure3_vls_d2_glmhmm
metadata_final/metadata_opto_behavior.py,445,db40d61c42eb6d2c,opto_behavior,eid,d5b1e763-aef9-412d-ade0-db38692ce19b,d5b1e763-aef9-412d-ade0-db38692ce19b,,SWC_NM_096,2025-09-25,,SNr,,left,ALL,supp1_hemisphere_specific
metadata_final/metadata_opto_behavior.py,307,20bae078aad85e19,opto_behavior,eid,d5b2ce58-65d4-42f3-841d-59358e386090,d5b2ce58-65d4-42f3-841d-59358e386090,,SWC_NM_053,141123,,VLS,,both,106:623,figure3_vls_d1_glmhmm
metadata_final/metadata_opto_behavior.py,631,4bdef15376704ece,opto_behavior,eid,d5cb4a94-0e4b-44ea-aee9-8fd2f5a70dc2,d5cb4a94-0e4b-44ea-aee9-8fd2f5a70dc2,,SWC_NM_080,2024-08-27,,SNr,,both,ALL,supp1_hemisphere_specific
metadata_final/metadata_opto_behavior.py,794,9ba8ea619a3ab744,opto_behavior,eid,d5d8c0a2-18be-4531-aef4-88651b255d04,d5d8c0a2-18be-4531-aef4-88651b255d04,,SWC_NM_083,2025-03-04,,VLS,,both,ALL,figure3_vls_d2_glmhmm
metadata_final/metadata_opto_behavior.py,491,4df0deb619abd895,opto_behavior,eid,d66bb33c-d59d-4ab4-827e-2e7550afa856,d66bb33c-d59d-4ab4-827e-2e7550afa856,,SWC_NM_098,2025-09-15,,VLS,,left,ALL,figure3_vls_d1_glmhmm
metadata_final/metadata_opto_behavior.py,157,f9542a794c4f3951,opto_behavior,eid,d70115ec-4589-4dbe-8ae8-2191c9b5af94,d70115ec-4589-4dbe-8ae8-2191c9b5af94,,SWC_NM_010,230222,,ZI,,left,ALL,
metadata_final/metadata_opto_behavior.py,160,108bd66c6d457354,opto_behavior,eid,d71ec5e3-f257-47e2-8690-f943d13e0c13,d71ec5e3-f257-47e2-8690-f943d13e0c13,,SWC_NM_011,041121,,SNr,,right,ALL,figure1_snr_glmhmm;supp1_glmhmm_states;supp1_hemisphere_specific;supp1_snr_no_glmhmm
metadata_final/metadata_opto_behavior.py,151,0f31618315290191,opto_behavior,eid,d75fefd9-4203-41a8-a3fc-33a1c031d90e,d75fefd9-4203-41a8-a3fc-33a1c031d90e,,SWC_NM_010,010322,,ZI,,right,ALL,figure1_zi_glmhmm
metadata_final/metadata_opto_behavior.py,187,3ca38b5e16a8e306,opto_behavior,eid,d75fefd9-4203-41a8-a3fc-33a1c031d90e,d75fefd9-4203-41a8-a3fc-33a1c031d90e,,SWC_NM_012,010322,,SNr,,both,ALL,supp1_hemisphere_specific
metadata_final/metadata_opto_behavior.py,523,089d8334d0a0e749,opto_behavior,eid,d7c26891-6275-4a30-9584-74d7fada6cd4,d7c26891-6275-4a30-9584-74d7fada6cd4,,SWC_NM_099,2025-09-01,,VLS,,both,ALL,figure3_vls_d1_glmhmm
metadata_final/metadata_opto_behavior.py,488,05f6c348f1d6120f,opto_behavior,eid,d7eb6ed5-d623-40ef-a822-83e91b4cd0dc,d7eb6ed5-d623-40ef-a822-83e91b4cd0dc,,SWC_NM_098,2025-09-22,,VLS,,left,ALL,figure3_vls_d1_glmhmm
metadata_final/metadata_opto_behavior.py,246,e49bc30cf0e2a2e7,opto_behavior,eid,d87971e3-1253-49ea-9574-8d094c782e29,d87971e3-1253-49ea-9574-8d094c782e29,,SWC_NM_022,150922,,ZI,,left,0:9999,figure1_zi_glmhmm
metadata_final/metadata_opto_behavior.py,505,f8d326993794f0ae,opto_behavior,eid,d9ac52da-036b-405a-8280-c7a58a578786,d9ac52da-036b-405a-8280-c7a58a578786,,SWC_NM_099,2025-09-25,,VLS,,right,ALL,figure3_vls_d1_glmhmm
metadata_final/metadata_opto_behavior.py,347,29976cdf6ae54ebf,opto_behavior,eid,d9bb48d5-d886-499e-bd4a-203c5277f64f,d9bb48d5-d886-499e-bd4a-203c5277f64f,,SWC_NM_035,280323,,VMS,,both,100:672,
metadata_final/metadata_opto_behavior.py,106,bdbe3209730e64f7,opto_behavior,eid,d9dab492-0243-4135-b6aa-09ddc92e2d77,d9dab492-0243-4135-b6aa-09ddc92e2d77,,SWC_NM_003,121021,,ZI,,both,ALL,figure1_zi_glmhmm
metadata_final/metadata_opto_behavior.py,336,fd368b05e164f61e,opto_behavior,eid,da0ccad4-33fb-45f5-be60-434789df1758,da0ccad4-33fb-45f5-be60-434789df1758,,SWC_NM_035,310323,,VMS,,both,14:654,
metadata_final/metadata_opto_behavior.py,355,0e277abbad61840c,opto_behavior,eid,da48644d-6859-4838-8e2c-5435e5e83764,da48644d-6859-4838-8e2c-5435e5e83764,,SWC_NM_037,130723,,DLS,,both,176:308,
metadata_final/metadata_opto_behavior.py,713,380bc0be73a36d99,opto_behavior,eid,da601e9e-f2a5-4032-8b30-20f994e84487,da601e9e-f2a5-4032-8b30-20f994e84487,,SWC_NM_049,2023-08-07,,MOs,,left,197:9999,
metadata_final/metadata_opto_behavior.py,648,7ec7578832176af7,opto_behavior,eid,da723670-99ce-4baf-9f1d-6d008a29b1ac,da723670-99ce-4baf-9f1d-6d008a29b1ac,,SWC_NM_102,2026-01-30,,SNr,,right,ALL,
metadata_final/metadata_opto_behavior.py,697,3125e845ba539923,opto_behavior,eid,da8e7231-8ceb-4efa-a3e1-3e3838b420b6,da8e7231-8ceb-4efa-a3e1-3e3838b420b6,,SWC_NM_063,070624,,PL,,none,NONE,
metadata_final/metadata_opto_behavior.py,825,fd541002bb578ded,opto_behavior,eid,daa5c24d-5eb4-4c10-ab93-a8d8a46b6ffa,daa5c24d-5eb4-4c10-ab93-a8d8a46b6ffa,,SWC_NM_106,2026-04-01,,VLS,,right,ALL,
metadata_final/metadata_opto_behavior.py,712,a669fed765e2fefa,opto_behavior,eid,dacbc9a8-3cf0-4c82-a67f-f1e6baee2aa3,dacbc9a8-3cf0-4c82-a67f-f1e6baee2aa3,,SWC_NM_049,2023-08-08,,MOs,,right,98:9999,
metadata_final/metadata_opto_behavior.py,21,d5a4819d9516762f,opto_behavior,eid,db759891-2760-48fa-98d8-00f53dccb8d1,db759891-2760-48fa-98d8-00f53dccb8d1,,SWC_NM_024,2023-01-25,,STN,,left,55:9999,
metadata_final/metadata_opto_behavior.py,666,58cc7c1d219770df,opto_behavior,eid,dc38e69a-e451-450a-bae3-0a085571810b,dc38e69a-e451-450a-bae3-0a085571810b,,SWC_NM_102,2025-11-25,,SNr,,right,ALL,
metadata_final/metadata_opto_behavior.py,867,4858faf3081f26ca,opto_behavior,eid,dc6ac32b-7600-44a3-94b0-eb41d6d3fc32,dc6ac32b-7600-44a3-94b0-eb41d6d3fc32,,SWC_NM_110,2026-05-21,,SNr,,left,ALL,
metadata_final/metadata_opto_behavior.py,638,b549f068a446d8e3,opto_behavior,eid,dcb443ef-f59f-4a46-9f5b-9b8ed5ac4e8a,dcb443ef-f59f-4a46-9f5b-9b8ed5ac4e8a,,SWC_NM_102,2026-02-13,,SNr,,left,ALL,
metadata_final/metadata_opto_behavior.py,540,15cbead0034dd2c0,opto_behavior,eid,dd0dd584-3b33-4560-8a53-ce2b4264350f,dd0dd584-3b33-4560-8a53-ce2b4264350f,,SWC_NM_100,2025-10-08,,VLS,,both,ALL,figure3_vls_d1_glmhmm
metadata_final/metadata_opto_behavior.py,198,06519b90981c5ecd,opto_behavior,eid,dd64e7e8-eee5-4a68-9799-b776527e3137,dd64e7e8-eee5-4a68-9799-b776527e3137,,SWC_NM_018,120422,,SNr,,left,100:9999,supp1_hemisphere_specific
metadata_final/metadata_opto_behavior.py,823,a632c57b4e5e4f0b,opto_behavior,eid,dd738cd2-b0b9-4305-ad59-d15a1e3f8d34,dd738cd2-b0b9-4305-ad59-d15a1e3f8d34,,SWC_NM_106,2026-04-03,,VLS,,left,ALL,
metadata_final/metadata_opto_behavior.py,601,7044cadcc918d5f5,opto_behavior,eid,de807e1b-664e-48a2-925a-315e8bdeb90f,de807e1b-664e-48a2-925a-315e8bdeb90f,,SWC_NM_107,2026-02-10,,VLS,,right,ALL,figure3_vls_d2_glmhmm
metadata_final/metadata_opto_behavior.py,452,6f9774bd670246d6,opto_behavior,eid,df18fbc5-1306-4baf-b463-6252137f7e90,df18fbc5-1306-4baf-b463-6252137f7e90,,SWC_NM_096,2025-09-16,,SNr,,right,259:9999,figure1_snr_glmhmm;supp1_glmhmm_states;supp1_hemisphere_specific;supp1_snr_no_glmhmm
metadata_final/metadata_opto_behavior.py,770,09f44879068727fc,opto_behavior,eid,e00d2e52-ec50-4f96-b97e-bff436c5d169,e00d2e52-ec50-4f96-b97e-bff436c5d169,,SWC_NM_087,2025-01-01,,VLS,,both,ALL,figure3_vls_d2_glmhmm
metadata_final/metadata_opto_behavior.py,406,8b8a55750416442d,opto_behavior,eid,e012f6c9-4a7e-40c4-9174-8fcbddd2b21c,e012f6c9-4a7e-40c4-9174-8fcbddd2b21c,,SWC_NM_065,190324,,VLS,,left,ALL,figure3_vls_d2_glmhmm
metadata_final/metadata_opto_behavior.py,194,524a46b427325b26,opto_behavior,eid,e059b876-c4ef-4a6b-aa1e-6ffc496ed9fc,e059b876-c4ef-4a6b-aa1e-6ffc496ed9fc,,SWC_NM_018,300322,,SNr,,both,ALL,supp1_hemisphere_specific
metadata_final/metadata_opto_behavior.py,418,5be4694e638dc7fa,opto_behavior,eid,e0638e3d-00ca-4338-88ce-8703b1bf779e,e0638e3d-00ca-4338-88ce-8703b1bf779e,,SWC_NM_065,090424,,VLS,,left,ALL,figure3_vls_d2_glmhmm
metadata_final/metadata_opto_behavior.py,118,5ed185a53ce407fe,opto_behavior,eid,e098791a-305b-4338-9f3f-562a89948603,e098791a-305b-4338-9f3f-562a89948603,,SWC_NM_004,261021,,SNr,,left,ALL,supp1_hemisphere_specific
metadata_final/metadata_opto_behavior.py,303,23ef92f1164cbd47,opto_behavior,eid,e170ea22-f828-4435-99e9-36220d050c4c,e170ea22-f828-4435-99e9-36220d050c4c,,SWC_NM_053,011123,,VLS,,both,122:670,figure3_vls_d1_glmhmm
metadata_final/metadata_opto_behavior.py,249,b933ab00b3cdae76,opto_behavior,eid,e210f059-1b3a-492d-bb1e-af41da8bb617,e210f059-1b3a-492d-bb1e-af41da8bb617,,SWC_NM_104,2025-12-09,,ZI,,right,ALL,
metadata_final/metadata_opto_behavior.py,768,11cdbc723a6c78dc,opto_behavior,eid,e2b73d55-9939-477e-9b1f-790737aae7f0,e2b73d55-9939-477e-9b1f-790737aae7f0,,SWC_NM_087,2025-02-06,,VLS,,left,ALL,figure3_vls_d2_glmhmm
metadata_final/metadata_opto_behavior.py,353,1f01959a331a6708,opto_behavior,eid,e4786276-0cb8-45fa-97cb-182658596d3f,e4786276-0cb8-45fa-97cb-182658596d3f,,SWC_NM_037,260723,,DLS,,left,59:755,
metadata_final/metadata_opto_behavior.py,339,fb66b5bcd93efd12,opto_behavior,eid,e49d896c-e724-4966-98d9-6bfd9691a70f,e49d896c-e724-4966-98d9-6bfd9691a70f,,SWC_NM_035,230323,,VMS,,right,18:663,
metadata_final/metadata_opto_behavior.py,332,fce4d4498988bb72,opto_behavior,eid,e56d0d56-00ac-4cba-8ea5-3429632d87d4,e56d0d56-00ac-4cba-8ea5-3429632d87d4,,SWC_NM_035,140323,,VMS,,both,4:728,
metadata_final/metadata_opto_behavior.py,396,ad6356e212b092c5,opto_behavior,eid,e5ff91b5-4338-4ed9-8472-3c06deb4d416,e5ff91b5-4338-4ed9-8472-3c06deb4d416,,SWC_NM_065,040324,,VLS,,none,0:625,
metadata_final/metadata_opto_behavior.py,698,8d4e86cc4b865464,opto_behavior,eid,e6542b28-ffea-4607-b1a2-95162bb26919,e6542b28-ffea-4607-b1a2-95162bb26919,,SWC_NM_063,100624,,PL,,none,NONE,
metadata_final/metadata_opto_behavior.py,423,11c87f4671981de3,opto_behavior,eid,e6854350-cc03-49e8-9c7e-8f5e13c4c757,e6854350-cc03-49e8-9c7e-8f5e13c4c757,,SWC_NM_065,160424,,VLS,,left,ALL,figure3_vls_d2_glmhmm
metadata_final/metadata_opto_behavior.py,898,3cf17d60174772eb,opto_behavior,eid,e6cd3aaa-fb33-460d-8e18-34aab15df855,e6cd3aaa-fb33-460d-8e18-34aab15df855,,SWC_NM_113,2026-04-23,,SNr,,left,ALL,
metadata_final/metadata_opto_behavior.py,693,51a846ff06d230a6,opto_behavior,eid,e6e132f5-7a94-4ddb-ba7b-3763e2aafb95,e6e132f5-7a94-4ddb-ba7b-3763e2aafb95,,SWC_NM_103,2026-01-29,,SNr,,left,ALL,supp1_hemisphere_specific
metadata_final/metadata_opto_behavior.py,722,b6f31b66cc66f348,opto_behavior,eid,e70717a2-406b-4e80-8115-5bd8ef849bc1,e70717a2-406b-4e80-8115-5bd8ef849bc1,,SWC_NM_049,2023-07-25,,MOs,,both,92:9999,
metadata_final/metadata_opto_behavior.py,375,5f34457edfe60325,opto_behavior,eid,e7c61b0e-b713-480f-8acc-0f480620f895,e7c61b0e-b713-480f-8acc-0f480620f895,,SWC_NM_042,070623,,VLS,,both,158:499,
metadata_final/metadata_opto_behavior.py,801,c9e5778540ec0a8a,opto_behavior,eid,e7dee8c0-4fd4-4c36-bca8-48eb22ddd58d,e7dee8c0-4fd4-4c36-bca8-48eb22ddd58d,,SWC_NM_083,2025-02-21,,VLS,,right,ALL,figure3_vls_d2_glmhmm
metadata_final/metadata_opto_behavior.py,560,6d7d05d48d432588,opto_behavior,eid,e7ff6f1a-ad1f-4a0b-b54c-584c3c3921c0,e7ff6f1a-ad1f-4a0b-b54c-584c3c3921c0,,SWC_NM_101,2025-11-19,,VLS,,left,ALL,figure3_vls_d1_glmhmm
metadata_final/metadata_opto_behavior.py,441,d28a46f70bde1508,opto_behavior,eid,e801d9af-7d38-46f8-87ca-cb4c89f25d6d,e801d9af-7d38-46f8-87ca-cb4c89f25d6d,,SWC_NM_093,2025-08-12,,VLS,,left,ALL,
metadata_final/metadata_opto_behavior.py,856,7c1ecb2c07b795fe,opto_behavior,eid,e85e64c7-6831-4c90-9418-eeae073838ce,e85e64c7-6831-4c90-9418-eeae073838ce,,SWC_NM_110,2026-06-05,,SNr,,both,ALL,
metadata_final/metadata_opto_behavior.py,23,4b59dd9d55b12ce6,opto_behavior,eid,e8933f87-c00d-4e84-811b-38459b8b36ca,e8933f87-c00d-4e84-811b-38459b8b36ca,,SWC_NM_024,2023-01-23,,STN,,left,9:9999,figure3_stn_glmhmm
metadata_final/metadata_opto_behavior.py,58,12157ea76c5f692d,opto_behavior,eid,e8db73ec-eff4-4704-a81b-ecbd00c5daf0,e8db73ec-eff4-4704-a81b-ecbd00c5daf0,,SWC_NM_025,2022-10-28,,STN,,left,ALL,
metadata_final/metadata_opto_behavior.py,773,185e1bc715f03034,opto_behavior,eid,e90552b8-a0d1-455e-92b4-d2dcc4e9d39d,e90552b8-a0d1-455e-92b4-d2dcc4e9d39d,,SWC_NM_087,2024-12-19,,VLS,,right,ALL,figure3_vls_d2_glmhmm
metadata_final/metadata_opto_behavior.py,848,8f9b71454f05471e,opto_behavior,eid,e9af32db-f649-4a82-bb3e-032038e719a9,e9af32db-f649-4a82-bb3e-032038e719a9,,SWC_NM_111,2026-03-30,,ZI,,right,ALL,
metadata_final/metadata_opto_behavior.py,360,b70cca6046313d27,opto_behavior,eid,e9bae280-d294-4310-af89-b1a98da5cc8e,e9bae280-d294-4310-af89-b1a98da5cc8e,,SWC_NM_037,020823,,DLS,,right,"102:249,500:9999",
metadata_final/metadata_opto_behavior.py,361,db3ba4aa42f17fea,opto_behavior,eid,e9bae280-d294-4310-af89-b1a98da5cc8e,e9bae280-d294-4310-af89-b1a98da5cc8e,,SWC_NM_037,020823,,DLS,,left,250:499,
metadata_final/metadata_opto_behavior.py,300,22056c5c778f724e,opto_behavior,eid,ea0eb232-5d95-4702-888d-b014c96419a2,ea0eb232-5d95-4702-888d-b014c96419a2,,SWC_NM_053,261023,,VLS,,both,127:849,figure3_vls_d1_glmhmm
metadata_final/metadata_opto_behavior.py,841,809d380108698de7,opto_behavior,eid,ea556218-d0a8-454b-a835-459edb0e71cb,ea556218-d0a8-454b-a835-459edb0e71cb,,SWC_NM_111,2026-04-09,,ZI,,left,ALL,figure1_zi_glmhmm
metadata_final/metadata_opto_behavior.py,852,5cbea4f8a533c1ad,opto_behavior,eid,ea8060a6-d0be-4ead-a0e8-589172299419,ea8060a6-d0be-4ead-a0e8-589172299419,,SWC_NM_111,2026-03-19,,ZI,,left,ALL,figure1_zi_glmhmm
metadata_final/metadata_opto_behavior.py,245,b85022d2b895b5d7,opto_behavior,eid,ea9f947a-e166-4fdf-863e-781e37c19234,ea9f947a-e166-4fdf-863e-781e37c19234,,SWC_NM_022,130922,,ZI,,right,134:9999,
metadata_final/metadata_opto_behavior.py,242,9a15d60d269158ae,opto_behavior,eid,eab374d8-c1e4-4e4b-9391-5c1b42b02e5e,eab374d8-c1e4-4e4b-9391-5c1b42b02e5e,,SWC_NM_022,070922,,ZI,,right,0:9999,
metadata_final/metadata_opto_behavior.py,895,59c3355b7e09f8a7,opto_behavior,eid,eac9db5e-9fa7-4f5b-9bf6-ed3ef19f1e0b,eac9db5e-9fa7-4f5b-9bf6-ed3ef19f1e0b,,SWC_NM_113,2026-04-28,,SNr,,right,ALL,figure1_snr_glmhmm;supp1_glmhmm_states;supp1_hemisphere_specific;supp1_snr_no_glmhmm
metadata_final/metadata_opto_behavior.py,847,f117fc71e7efeb71,opto_behavior,eid,eb15155d-61c3-4cf1-b999-eb2bf33a2bcf,eb15155d-61c3-4cf1-b999-eb2bf33a2bcf,,SWC_NM_111,2026-03-31,,ZI,,left,ALL,figure1_zi_glmhmm
metadata_final/metadata_opto_behavior.py,894,9f9f116dcd37db0d,opto_behavior,eid,ebb2a978-25a2-41bf-92d9-9af021c52b33,ebb2a978-25a2-41bf-92d9-9af021c52b33,,SWC_NM_113,2026-04-28,,SNr,,right,ALL,figure1_snr_glmhmm;supp1_glmhmm_states;supp1_hemisphere_specific;supp1_snr_no_glmhmm
metadata_final/metadata_opto_behavior.py,802,d3ebff2db4ce40c8,opto_behavior,eid,ebfd7f0d-92f7-4a6d-800e-a2586c8d8237,ebfd7f0d-92f7-4a6d-800e-a2586c8d8237,,SWC_NM_083,2025-02-20,,VLS,,left,ALL,figure3_vls_d2_glmhmm
metadata_final/metadata_opto_behavior.py,130,d2eb3fde903c2cd3,opto_behavior,eid,ed27c5bf-7b72-40de-9167-a74eac48a4c8,ed27c5bf-7b72-40de-9167-a74eac48a4c8,,SWC_NM_008,130921,,SNr,,right,ALL,figure1_snr_glmhmm;supp1_glmhmm_states;supp1_hemisphere_specific;supp1_snr_no_glmhmm
metadata_final/metadata_opto_behavior.py,749,6b5ff02c38bcbc0c,opto_behavior,eid,ed55c4ec-20cd-42b9-8a41-efa0cfc28484,ed55c4ec-20cd-42b9-8a41-efa0cfc28484,,SWC_NM_089,2024-11-28,,VLS,,both,ALL,figure3_vls_d2_glmhmm
metadata_final/metadata_opto_behavior.py,416,5cad8ea8887798d6,opto_behavior,eid,ed7f9aa6-cbb6-4fb0-a96e-b8689c4d8cea,ed7f9aa6-cbb6-4fb0-a96e-b8689c4d8cea,,SWC_NM_065,050424,,VLS,,right,ALL,figure3_vls_d2_glmhmm
metadata_final/metadata_opto_behavior.py,125,e86f3259c462faa6,opto_behavior,eid,edcaf465-4d4e-4d0d-86a0-aec5733ccd13,edcaf465-4d4e-4d0d-86a0-aec5733ccd13,,SWC_NM_004,191021,,SNr,,left,ALL,
metadata_final/metadata_opto_behavior.py,474,c967211ffb03b878,opto_behavior,eid,ee207cfd-ec3e-4339-b528-b9c4cbcf5e05,ee207cfd-ec3e-4339-b528-b9c4cbcf5e05,,SWC_NM_096,2025-08-15,,SNr,,none,ALL,
metadata_final/metadata_opto_behavior.py,689,79726a784e19c8ca,opto_behavior,eid,ee2da30b-68e7-406c-b4b3-b1ce245ca514,ee2da30b-68e7-406c-b4b3-b1ce245ca514,,SWC_NM_103,2026-02-04,,SNr,,right,ALL,figure1_snr_glmhmm;supp1_glmhmm_states;supp1_hemisphere_specific;supp1_snr_no_glmhmm
metadata_final/metadata_opto_behavior.py,766,7c59d9cdef368853,opto_behavior,eid,ee50646a-58fb-4f36-8add-6ed74657e5b4,ee50646a-58fb-4f36-8add-6ed74657e5b4,,SWC_NM_087,2025-02-10,,VLS,,both,ALL,figure3_vls_d2_glmhmm
metadata_final/metadata_opto_behavior.py,593,e9f197c93e07a766,opto_behavior,eid,eebdc207-19cc-48c4-8fa8-1262cae5ad8a,eebdc207-19cc-48c4-8fa8-1262cae5ad8a,,SWC_NM_105,2025-11-28,,VLS,,left,ALL,figure3_vls_d1_glmhmm
metadata_final/metadata_opto_behavior.py,378,97857565d58b1745,opto_behavior,eid,eee1e6d6-4ab7-4a17-860e-209f1cf2ca31,eee1e6d6-4ab7-4a17-860e-209f1cf2ca31,,SWC_NM_043,100823,,VLS,,both,122:696,
metadata_final/metadata_opto_behavior.py,704,fd28c3ee6a548592,opto_behavior,eid,ef21ee63-faab-449b-a04d-9d042b84c241,ef21ee63-faab-449b-a04d-9d042b84c241,,SWC_NM_063,190624,,PL,,right,ALL,
metadata_final/metadata_opto_behavior.py,450,4962ce904d418a58,opto_behavior,eid,ef541b2e-e60a-4c92-9953-afdc7c642659,ef541b2e-e60a-4c92-9953-afdc7c642659,,SWC_NM_096,2025-09-18,,SNr,,left,ALL,supp1_hemisphere_specific
metadata_final/metadata_opto_behavior.py,309,df5c80c43e205e6c,opto_behavior,eid,ef77efd8-d1ba-4904-ad7b-565e1425198b,ef77efd8-d1ba-4904-ad7b-565e1425198b,,SWC_NM_053,171123,,VLS,,both,90:799,figure3_vls_d1_glmhmm
metadata_final/metadata_opto_behavior.py,179,cb5e225af0c2e889,opto_behavior,eid,ef962323-9464-483f-992c-6a3de096a963,ef962323-9464-483f-992c-6a3de096a963,,SWC_NM_012,090222,,SNr,,right,ALL,figure1_snr_glmhmm;supp1_glmhmm_states;supp1_hemisphere_specific;supp1_snr_no_glmhmm
metadata_final/metadata_opto_behavior.py,517,36d2c133b1a062f9,opto_behavior,eid,ef9ea8b9-521f-4c0c-a74e-c797da71c5c4,ef9ea8b9-521f-4c0c-a74e-c797da71c5c4,,SWC_NM_099,2025-09-09,,VLS,,right,ALL,figure3_vls_d1_glmhmm
metadata_final/metadata_opto_behavior.py,215,5f25e7e0e355f615,opto_behavior,eid,efeef8a4-af69-44ef-9cfa-44c91ab67926,efeef8a4-af69-44ef-9cfa-44c91ab67926,,SWC_NM_016,080422,,SNr,,left,197:756,supp1_hemisphere_specific
metadata_final/metadata_opto_behavior.py,223,10c2a68b426dd585,opto_behavior,eid,efeef8a4-af69-44ef-9cfa-44c91ab67926,efeef8a4-af69-44ef-9cfa-44c91ab67926,,SWC_NM_016,080422,,SNr,,left,85:197,
metadata_final/metadata_opto_behavior.py,745,0b26e99637a0fc7f,opto_behavior,eid,f00a07ca-c5bb-4cb8-a5ca-af72504fa944,f00a07ca-c5bb-4cb8-a5ca-af72504fa944,,SWC_NM_089,2024-12-05,,VLS,,both,ALL,figure3_vls_d2_glmhmm
metadata_final/metadata_opto_behavior.py,788,f126b0b5a40d6cc7,opto_behavior,eid,f0147d1f-c8e3-4916-a1c5-5b369dc437b9,f0147d1f-c8e3-4916-a1c5-5b369dc437b9,,SWC_NM_083,2025-03-12,,VLS,,right,ALL,figure3_vls_d2_glmhmm
metadata_final/metadata_opto_behavior.py,163,6a1c3848a0beb415,opto_behavior,eid,f0780250-d261-4337-b736-303658a7848a,f0780250-d261-4337-b736-303658a7848a,,SWC_NM_011,121121,,SNr,,left,ALL,supp1_hemisphere_specific
metadata_final/metadata_opto_behavior.py,667,3de9ae4010587b44,opto_behavior,eid,f086452c-a5b8-41db-b0b8-e424f562422c,f086452c-a5b8-41db-b0b8-e424f562422c,,SWC_NM_102,2025-11-24,,SNr,,left,203:9999,
metadata_final/metadata_opto_behavior.py,784,502e988ce4b68b31,opto_behavior,eid,f11bbc0e-d84b-44cd-b926-bc9643f6b4fa,f11bbc0e-d84b-44cd-b926-bc9643f6b4fa,,SWC_NM_083,2025-03-18,,VLS,,left,ALL,figure3_vls_d2_glmhmm
metadata_final/metadata_opto_behavior.py,97,b4d17ff1ea134d23,opto_behavior,eid,f18559d5-cc43-4643-aa1b-e6c829b33840,f18559d5-cc43-4643-aa1b-e6c829b33840,,SWC_NM_026,2023-01-09,,STN,,right,90:9999,figure3_stn_glmhmm
metadata_final/metadata_opto_behavior.py,855,196c27a1de7272cc,opto_behavior,eid,f19252da-1ba6-49fd-ad2f-9a759712d747,f19252da-1ba6-49fd-ad2f-9a759712d747,,SWC_NM_111,2026-03-16,,ZI,,nan,ALL,
metadata_final/metadata_opto_behavior.py,878,93eb62d93a47dfa8,opto_behavior,eid,f1e2b348-cdb5-4c0d-9ad2-41f16e47ec0a,f1e2b348-cdb5-4c0d-9ad2-41f16e47ec0a,,SWC_NM_113,2026-05-17,,SNr,,both,ALL,supp1_hemisphere_specific
metadata_final/metadata_opto_behavior.py,258,aa65a303b2371b18,opto_behavior,eid,f2ac3a6e-2744-43f2-9c06-25d3c667bc77,f2ac3a6e-2744-43f2-9c06-25d3c667bc77,,SWC_NM_104,2025-11-26,,ZI,,left,ALL,
metadata_final/metadata_opto_behavior.py,572,e8bf2861c3f908ca,opto_behavior,eid,f34139fc-421e-45f3-9edf-33c2df9abdef,f34139fc-421e-45f3-9edf-33c2df9abdef,,SWC_NM_073,090524,,VLS,,both,0:501,figure3_vls_d1_glmhmm
metadata_final/metadata_opto_behavior.py,590,730f880edbc763e8,opto_behavior,eid,f3eff6d6-953f-4ed3-8653-4535bd489e7a,f3eff6d6-953f-4ed3-8653-4535bd489e7a,,SWC_NM_105,2025-12-05,,VLS,,both,ALL,figure3_vls_d1_glmhmm
metadata_final/metadata_opto_behavior.py,44,e22432103fa20f0e,opto_behavior,eid,f453dd8b-8edc-4885-af0b-e9b92a3b8703,f453dd8b-8edc-4885-af0b-e9b92a3b8703,,SWC_NM_025,2022-12-08,,STN,,right,"185:361,559:9999",
metadata_final/metadata_opto_behavior.py,45,42ada1c33f11c2bc,opto_behavior,eid,f453dd8b-8edc-4885-af0b-e9b92a3b8703,f453dd8b-8edc-4885-af0b-e9b92a3b8703,,SWC_NM_025,2022-12-08,,STN,,right,"0:185,361:559",figure3_stn_glmhmm
metadata_final/metadata_opto_behavior.py,84,b8886b5ddce20c87,opto_behavior,eid,f4d0076a-d9ef-4952-92ec-0ec92936fda1,f4d0076a-d9ef-4952-92ec-0ec92936fda1,,SWC_NM_026,2023-01-27,,STN,,right,90:9999,
metadata_final/metadata_opto_behavior.py,782,339a4f5a4c0fface,opto_behavior,eid,f4fb120a-dbad-48ff-a9e3-680944aaa79f,f4fb120a-dbad-48ff-a9e3-680944aaa79f,,SWC_NM_083,2025-03-20,,VLS,,both,ALL,figure3_vls_d2_glmhmm
metadata_final/metadata_opto_behavior.py,721,5fdcf8aa39c4aaf3,opto_behavior,eid,f50db341-bb52-4bb5-959a-4ae1679584cd,f50db341-bb52-4bb5-959a-4ae1679584cd,,SWC_NM_049,2023-07-26,,MOs,,both,353:9999,
metadata_final/metadata_opto_behavior.py,880,91e79296384f538f,opto_behavior,eid,f52e81b7-8db6-4369-a044-26b68a3f8c91,f52e81b7-8db6-4369-a044-26b68a3f8c91,,SWC_NM_113,2026-05-15,,SNr,,left,ALL,supp1_hemisphere_specific
metadata_final/metadata_opto_behavior.py,851,518a8832c545c06f,opto_behavior,eid,f60ded91-33c9-4da9-b29c-dbaeffe5bed2,f60ded91-33c9-4da9-b29c-dbaeffe5bed2,,SWC_NM_111,2026-03-20,,ZI,,right,ALL,figure1_zi_glmhmm
metadata_final/metadata_opto_behavior.py,659,5f378a04947f330e,opto_behavior,eid,f61bf717-0b44-44d5-a0da-52531d397200,f61bf717-0b44-44d5-a0da-52531d397200,,SWC_NM_102,2025-12-04,,SNr,,left,ALL,
metadata_final/metadata_opto_behavior.py,24,5f875f5cd9b251c8,opto_behavior,eid,f62bbff2-a1c6-4646-9306-454f1c5b07a9,f62bbff2-a1c6-4646-9306-454f1c5b07a9,,SWC_NM_024,2023-01-20,,STN,,right,39:9999,figure3_stn_glmhmm
metadata_final/metadata_opto_behavior.py,510,841f9c3d708d40f4,opto_behavior,eid,f62fcab4-878d-4dc1-8f6f-38bb917ce6cd,f62fcab4-878d-4dc1-8f6f-38bb917ce6cd,,SWC_NM_099,2025-09-18,,VLS,,left,ALL,figure3_vls_d1_glmhmm
metadata_final/metadata_opto_behavior.py,824,2e5a20230f45b4ee,opto_behavior,eid,f706374b-a294-4c88-9225-71ea79b31398,f706374b-a294-4c88-9225-71ea79b31398,,SWC_NM_106,2026-04-02,,VLS,,both,ALL,
metadata_final/metadata_opto_behavior.py,260,8927860adcdbbac9,opto_behavior,eid,f75cbd34-48fe-4c3f-b76e-af2b678580da,f75cbd34-48fe-4c3f-b76e-af2b678580da,,SWC_NM_104,2025-11-24,,ZI,,left,ALL,
metadata_final/metadata_opto_behavior.py,117,6df62b29f20510fc,opto_behavior,eid,f78cbd4c-4a96-4da4-b2fd-b8d140150841,f78cbd4c-4a96-4da4-b2fd-b8d140150841,,SWC_NM_004,161121,,SNr,,left,ALL,supp1_hemisphere_specific
metadata_final/metadata_opto_behavior.py,728,2abb740581bc6f14,opto_behavior,eid,f7f95217-287e-436b-9df4-9f6945b0e7ca,f7f95217-287e-436b-9df4-9f6945b0e7ca,,SWC_NM_049,2023-07-13,,MOs,,both,ALL,
metadata_final/metadata_opto_behavior.py,876,a9ef66615f86fa27,opto_behavior,eid,f89442d6-da7c-4731-b88a-f264f6d1934b,f89442d6-da7c-4731-b88a-f264f6d1934b,,SWC_NM_113,2026-05-19,,SNr,,both,ALL,supp1_hemisphere_specific
metadata_final/metadata_opto_behavior.py,653,5f2597c7c7a64b4c,opto_behavior,eid,f89a3596-d30b-4380-808b-fc54155fb4c0,f89a3596-d30b-4380-808b-fc54155fb4c0,,SWC_NM_102,2025-12-12,,SNr,,left,ALL,
metadata_final/metadata_opto_behavior.py,570,c3d02d70da80f0a3,opto_behavior,eid,f8a05df6-1b8c-4db5-acbf-1a594c5cf459,f8a05df6-1b8c-4db5-acbf-1a594c5cf459,,SWC_NM_073,030524,,VLS,,both,0:9999,figure3_vls_d1_glmhmm
metadata_final/metadata_opto_behavior.py,700,8c9c0162b5318eb5,opto_behavior,eid,f8cb9ec4-9712-4514-a5e2-0ddcaac963e2,f8cb9ec4-9712-4514-a5e2-0ddcaac963e2,,SWC_NM_063,130624,,PL,,both,0:9999,
metadata_final/metadata_opto_behavior.py,387,afe71748e1f941d7,opto_behavior,eid,f97c3110-b38d-4b44-bd77-885061a741e1,f97c3110-b38d-4b44-bd77-885061a741e1,,SWC_NM_065,190224,,VLS,,none,0:672,
metadata_final/metadata_opto_behavior.py,489,79c08aad2fb761b3,opto_behavior,eid,fa1adb19-64a2-487a-8460-20899c15a12b,fa1adb19-64a2-487a-8460-20899c15a12b,,SWC_NM_098,2025-09-18,,VLS,,left,ALL,figure3_vls_d1_glmhmm
metadata_final/metadata_opto_behavior.py,294,98446cf94043c437,opto_behavior,eid,fa418725-acfd-4853-975d-66041008affa,fa418725-acfd-4853-975d-66041008affa,,SWC_NM_036,210423,,VMS,,right,16:844,
metadata_final/metadata_opto_behavior.py,785,c94ddd15cd4daffd,opto_behavior,eid,faa36bc9-3f24-4aad-b770-867d3bc04db9,faa36bc9-3f24-4aad-b770-867d3bc04db9,,SWC_NM_083,2025-03-17,,VLS,,both,ALL,figure3_vls_d2_glmhmm
metadata_final/metadata_opto_behavior.py,787,3050563cbfd919e7,opto_behavior,eid,fb17bd2f-3300-4c36-8071-f5b573b6b627,fb17bd2f-3300-4c36-8071-f5b573b6b627,,SWC_NM_083,2025-03-13,,VLS,,both,ALL,figure3_vls_d2_glmhmm
metadata_final/metadata_opto_behavior.py,875,deaadc32e07dccad,opto_behavior,eid,fb97795b-8960-42fd-98c0-52e862fe1970,fb97795b-8960-42fd-98c0-52e862fe1970,,SWC_NM_113,2026-05-20,,SNr,,both,ALL,supp1_hemisphere_specific
metadata_final/metadata_opto_behavior.py,512,dafa52b037d2d9fb,opto_behavior,eid,fbb48e96-3e51-4ddd-bdfb-a6593bd933fb,fbb48e96-3e51-4ddd-bdfb-a6593bd933fb,,SWC_NM_099,2025-09-16,,VLS,,left,ALL,figure3_vls_d1_glmhmm
metadata_final/metadata_opto_behavior.py,478,86bac5e362c37046,opto_behavior,eid,fcf436ec-3081-4022-8f7d-59fce5739b46,fcf436ec-3081-4022-8f7d-59fce5739b46,,SWC_NM_096,2025-08-12,,SNr,,right,ALL,figure1_snr_glmhmm;supp1_glmhmm_states;supp1_hemisphere_specific;supp1_snr_no_glmhmm
metadata_final/metadata_opto_behavior.py,253,85d4292f7aa806ba,opto_behavior,eid,fcf963e1-b4a1-42c0-8900-16a0b3db55fe,fcf963e1-b4a1-42c0-8900-16a0b3db55fe,,SWC_NM_104,2025-12-03,,ZI,,both,ALL,figure1_zi_glmhmm
metadata_final/metadata_opto_behavior.py,866,094e736be6007a67,opto_behavior,eid,fcfad6a4-e7fb-4daa-9d86-336c80a6e4b6,fcfad6a4-e7fb-4daa-9d86-336c80a6e4b6,,SWC_NM_110,2026-05-22,,SNr,,both,ALL,
metadata_final/metadata_opto_behavior.py,881,e35236e714c67103,opto_behavior,eid,fd73354c-65cc-4552-a736-b5ebc47a7552,fd73354c-65cc-4552-a736-b5ebc47a7552,,SWC_NM_113,2026-05-14,,SNr,,both,ALL,supp1_hemisphere_specific
metadata_final/metadata_opto_behavior.py,168,e09ad1a67759412e,opto_behavior,eid,fddf4805-46fe-482c-ae12-b0a717f0d6a8,fddf4805-46fe-482c-ae12-b0a717f0d6a8,,SWC_NM_011,231121,,SNr,,both,96:784,supp1_hemisphere_specific
metadata_final/metadata_opto_behavior.py,686,6c9d4aff6937d2ea,opto_behavior,eid,fe256f84-06ea-4c04-9548-50a77a2cda2c,fe256f84-06ea-4c04-9548-50a77a2cda2c,,SWC_NM_103,2026-02-09,,SNr,,left,ALL,supp1_hemisphere_specific
metadata_final/metadata_opto_behavior.py,571,138089fd05ed54d8,opto_behavior,eid,fe7fd83e-4ab4-4261-9486-0b6ae4d9f106,fe7fd83e-4ab4-4261-9486-0b6ae4d9f106,,SWC_NM_073,070524,,VLS,,left,105:9999,figure3_vls_d1_glmhmm
metadata_final/metadata_opto_behavior.py,170,a32bd82297bed11e,opto_behavior,eid,fefde89c-53d2-4ed0-b5d6-7c2f05b55767,fefde89c-53d2-4ed0-b5d6-7c2f05b55767,,SWC_NM_011,021121,,SNr,,right,ALL,
metadata_final/metadata_opto_behavior.py,426,5e57e65dc32c4b1f,opto_behavior,eid,ff3955ec-e7d1-4a50-bfa6-95ea6c7eb4fb,ff3955ec-e7d1-4a50-bfa6-95ea6c7eb4fb,,SWC_NM_065,220424,,VLS,,right,ALL,figure3_vls_d2_glmhmm
metadata_final/metadata_opto_behavior.py,760,e0331383c161075e,opto_behavior,eid,ff4df649-1c27-4102-bbd0-7e13a9d674e7,ff4df649-1c27-4102-bbd0-7e13a9d674e7,,SWC_NM_087,2025-02-18,,VLS,,both,ALL,figure3_vls_d2_glmhmm
metadata_final/metadata_opto_behavior.py,184,5f54b47a4d97a3bc,opto_behavior,eid,ff54300e-0061-4ab3-9bee-b56a54d71376,ff54300e-0061-4ab3-9bee-b56a54d71376,,SWC_NM_012,220222,,SNr,,both,ALL,supp1_hemisphere_specific
metadata_final/metadata_opto_behavior.py,565,da2722243e8e3cc3,opto_behavior,eid,ff6d16d7-b6b3-461a-b688-494a717c3d7d,ff6d16d7-b6b3-461a-b688-494a717c3d7d,,SWC_NM_101,2025-10-10,,VLS,,left,ALL,figure3_vls_d1_glmhmm
metadata_final/metadata_opto_behavior.py,551,37d939c0af37f0a9,opto_behavior,eid,ff82c779-f609-4d85-9f58-bc03989e43bd,ff82c779-f609-4d85-9f58-bc03989e43bd,,SWC_NM_101,2025-12-03,,VLS,,right,ALL,figure3_vls_d1_glmhmm
metadata_final/metadata_opto_behavior.py,696,ac4e04bc44447222,opto_behavior,eid,ffc5253b-70a7-4166-97de-5387d6f50633,ffc5253b-70a7-4166-97de-5387d6f50633,,SWC_NM_063,060624,,PL,,none,NONE,
metadata_final/metadata_opto_behavior.py,438,0e95d3cb7533ff1a,opto_behavior,eid,ffd8912b-7b5f-4f81-aabc-b4ce4aea9ec2,ffd8912b-7b5f-4f81-aabc-b4ce4aea9ec2,,SWC_NM_093,2025-07-21,,VLS,,both,254:508,
metadata_final/metadata_zapit.py,374,881dbefab6a1eaf8,zapit,eid,02e6a896-001e-4c05-8acf-6a2d8c4198bd,02e6a896-001e-4c05-8acf-6a2d8c4198bd,,SWC_NM_086,2024-10-04,,motor_bilateral,,both,ALL,figure4_zapit_glmhmm
metadata_final/metadata_zapit.py,92,a5ccc180fe6751be,zapit,eid,04c46a39-bc2f-42fc-9ce2-d48adf8fc545,04c46a39-bc2f-42fc-9ce2-d48adf8fc545,,SWC_NM_057,150424,,motor_bilateral,,both,ALL,figure4_zapit_glmhmm
metadata_final/metadata_zapit.py,68,e766bc8f00a2ef49,zapit,eid,053bf690-e0a1-4743-af69-747999975b78,053bf690-e0a1-4743-af69-747999975b78,,SWC_NM_071,170624,,motor_bilateral,,both,ALL,figure4_zapit_glmhmm
metadata_final/metadata_zapit.py,132,b36f7fc584c88479,zapit,eid,05aea529-b4ef-4d53-a6e7-16ceb757d7d5,05aea529-b4ef-4d53-a6e7-16ceb757d7d5,,SWC_NM_058,100424,,motor_bilateral,,both,8:9999,figure4_zapit_glmhmm
metadata_final/metadata_zapit.py,61,c6c0ab7be1e4c57f,zapit,eid,06a244bd-9e57-49e2-8fda-cdbc888c4243,06a244bd-9e57-49e2-8fda-cdbc888c4243,,SWC_NM_071,300524,,aMOs,,both,ALL,
metadata_final/metadata_zapit.py,216,c9060bbfb2edc9bc,zapit,eid,0750678c-c2a3-4a3f-b7b5-7a556c3baa3c,0750678c-c2a3-4a3f-b7b5-7a556c3baa3c,,SWC_NM_082,2024-09-10,,motor_bilateral,,both,ALL,figure4_zapit_glmhmm
metadata_final/metadata_zapit.py,254,4c1305b82b27feff,zapit,eid,07fc3997-620a-45e0-abed-cc4c0bcd66f6,07fc3997-620a-45e0-abed-cc4c0bcd66f6,,SWC_NM_085,2025-01-02,,MOp,,both,ALL,
metadata_final/metadata_zapit.py,256,cd451b9ab1cbf971,zapit,eid,081cb963-1bd3-4182-b685-9da5c308e71b,081cb963-1bd3-4182-b685-9da5c308e71b,,SWC_NM_085,2024-12-31,,MOp,,left,10:9999,
metadata_final/metadata_zapit.py,168,f14a58ea59306584,zapit,eid,084b0e43-b736-4424-a856-c961fe9b6777,084b0e43-b736-4424-a856-c961fe9b6777,,SWC_NM_081,2024-09-06,,motor_bilateral,,both,ALL,figure4_zapit_glmhmm
metadata_final/metadata_zapit.py,207,811bc9dd1f1d48da,zapit,eid,0962661c-301c-49bd-8143-3ecf226c0804,0962661c-301c-49bd-8143-3ecf226c0804,,SWC_NM_082,2024-09-25,,motor_bilateral,,both,ALL,figure4_zapit_glmhmm
metadata_final/metadata_zapit.py,307,881014de8c0323a9,zapit,eid,0998f766-ee7c-4795-ae75-07d712ae66b3,0998f766-ee7c-4795-ae75-07d712ae66b3,,SWC_NM_085,2024-10-04,,motor_bilateral,,both,ALL,figure4_zapit_glmhmm
metadata_final/metadata_zapit.py,41,d7501dd1bf29f092,zapit,eid,0a293882-b29f-44f0-9799-8b3a78e282ab,0a293882-b29f-44f0-9799-8b3a78e282ab,,SWC_NM_071,070324,,motor_bilateral,,both,15:9999,figure4_zapit_glmhmm
metadata_final/metadata_zapit.py,107,c2e12fdffd196b0b,zapit,eid,0a2ff699-db3f-4b39-a24e-394153403c15,0a2ff699-db3f-4b39-a24e-394153403c15,,SWC_NM_057,070524,,motor_bilateral,,both,ALL,figure4_zapit_glmhmm
metadata_final/metadata_zapit.py,343,e044a0d085337926,zapit,eid,0ae7e7d1-b285-42b9-be3b-daf688a80d4d,0ae7e7d1-b285-42b9-be3b-daf688a80d4d,,SWC_NM_086,2024-11-20,,aMOs,,both,ALL,
metadata_final/metadata_zapit.py,197,9e31f465be058aad,zapit,eid,0afb230c-1cf1-4e98-b28a-c88de5e1405d,0afb230c-1cf1-4e98-b28a-c88de5e1405d,,SWC_NM_081,2024-07-02,,motor_bilateral,,both,ALL,figure4_zapit_glmhmm
metadata_final/metadata_zapit.py,251,5093eb6ced55e418,zapit,eid,0b1a7c9e-36ce-4370-a8df-ae6ce3d49bdd,0b1a7c9e-36ce-4370-a8df-ae6ce3d49bdd,,SWC_NM_085,2025-01-07,,MOp,,left,ALL,
metadata_final/metadata_zapit.py,123,be88e8156057dbdb,zapit,eid,0bbfbe3c-8db2-4f69-b82d-4c74be5fbb6c,0bbfbe3c-8db2-4f69-b82d-4c74be5fbb6c,,SWC_NM_057,180624,,aMOs,,both,ALL,
metadata_final/metadata_zapit.py,329,0510304effa5f7dc,zapit,eid,0c82a60e-0668-464c-98bc-39a7c7ff89d0,0c82a60e-0668-464c-98bc-39a7c7ff89d0,,SWC_NM_086,2024-12-11,,MOp,,right,ALL,
metadata_final/metadata_zapit.py,34,4b9c51ffd0d5d432,zapit,eid,0c910b13-2b55-4a7b-aa95-8b39f60557fb,0c910b13-2b55-4a7b-aa95-8b39f60557fb,,SWC_NM_072,200624,,aMOs,,right,ALL,
metadata_final/metadata_zapit.py,258,aee607b2c6c09f9d,zapit,eid,0d2c18f4-5360-46b8-ac60-996bfb97f59d,0d2c18f4-5360-46b8-ac60-996bfb97f59d,,SWC_NM_085,2024-12-20,,MOp,,left,ALL,
metadata_final/metadata_zapit.py,308,499050da30953b44,zapit,eid,0df1c8ed-3d0b-4dac-ac5b-1ea2060869f0,0df1c8ed-3d0b-4dac-ac5b-1ea2060869f0,,SWC_NM_085,2024-10-03,,motor_bilateral,,both,ALL,figure4_zapit_glmhmm
metadata_final/metadata_zapit.py,268,d79f14dbd4a45e8e,zapit,eid,0e26b069-d530-46c7-ba0d-9e4f3f973ff8,0e26b069-d530-46c7-ba0d-9e4f3f973ff8,,SWC_NM_085,2024-12-06,,motor_bilateral,,both,ALL,figure4_zapit_glmhmm
metadata_final/metadata_zapit.py,234,66e32b1095fa8843,zapit,eid,0e62d042-def5-42d6-870e-6f88bd9f8dbb,0e62d042-def5-42d6-870e-6f88bd9f8dbb,,SWC_NM_082,2024-08-09,,MOs,,both,ALL,
metadata_final/metadata_zapit.py,163,abca611767713e77,zapit,eid,0ee2894f-29dd-4ba7-a089-292b7cbd2c03,0ee2894f-29dd-4ba7-a089-292b7cbd2c03,,SWC_NM_081,2024-09-16,,motor_bilateral,,both,ALL,figure4_zapit_glmhmm
metadata_final/metadata_zapit.py,345,59c4e55a13279d3b,zapit,eid,0f7f1e06-a597-4cbd-a409-7c2c0d40b1d6,0f7f1e06-a597-4cbd-a409-7c2c0d40b1d6,,SWC_NM_086,2024-11-18,,aMOs,,left,ALL,
metadata_final/metadata_zapit.py,214,de389a13a12a4ffb,zapit,eid,10014c6c-c903-4510-963d-c1310ce567e7,10014c6c-c903-4510-963d-c1310ce567e7,,SWC_NM_082,2024-09-13,,motor_bilateral,,both,ALL,figure4_zapit_glmhmm
metadata_final/metadata_zapit.py,194,2762141227e33f18,zapit,eid,114031ac-51af-4afc-b93f-1c845c3d5f84,114031ac-51af-4afc-b93f-1c845c3d5f84,,SWC_NM_081,2024-07-05,,motor_bilateral,,both,ALL,figure4_zapit_glmhmm
metadata_final/metadata_zapit.py,352,aa1a8bb7e3454b3d,zapit,eid,11438296-fa41-4344-9987-69fb66fcbc5d,11438296-fa41-4344-9987-69fb66fcbc5d,,SWC_NM_086,2024-11-06,,motor_bilateral,,both,ALL,figure4_zapit_glmhmm
metadata_final/metadata_zapit.py,11,f3f967c4d616ee40,zapit,eid,11cb372b-1ab6-438a-ba02-b467e5c0f9f9,11cb372b-1ab6-438a-ba02-b467e5c0f9f9,,SWC_NM_072,010524,,motor_bilateral,,both,ALL,figure4_zapit_glmhmm
metadata_final/metadata_zapit.py,369,e0d596012eccd214,zapit,eid,120ba61f-48a0-4d65-89cc-2076fbc5701e,120ba61f-48a0-4d65-89cc-2076fbc5701e,,SWC_NM_086,2024-10-14,,motor_bilateral,,both,ALL,figure4_zapit_glmhmm
metadata_final/metadata_zapit.py,250,56f3fc7a1cbdc378,zapit,eid,12965ed5-8d47-407c-96e3-4a9579ca548d,12965ed5-8d47-407c-96e3-4a9579ca548d,,SWC_NM_085,2025-01-08,,MOp,,right,ALL,
metadata_final/metadata_zapit.py,271,96fb78482e965b06,zapit,eid,12ba99b8-c705-4548-85dd-facca35b0346,12ba99b8-c705-4548-85dd-facca35b0346,,SWC_NM_085,2024-12-02,,motor_bilateral,,both,ALL,figure4_zapit_glmhmm
metadata_final/metadata_zapit.py,48,3d9f2a36ea838d0f,zapit,eid,12c6443d-b514-4395-aa1a-8faf2bd4ffa7,12c6443d-b514-4395-aa1a-8faf2bd4ffa7,,SWC_NM_071,190324,,motor_bilateral,,both,2:9999,figure4_zapit_glmhmm
metadata_final/metadata_zapit.py,90,f76b2ca10d584623,zapit,eid,12f2c51a-f66c-4792-a7e2-f1696fccca1f,12f2c51a-f66c-4792-a7e2-f1696fccca1f,,SWC_NM_071,2024-06-28,,motor_bilateral,,both,ALL,figure4_zapit_glmhmm
metadata_final/metadata_zapit.py,218,d09d2e93e7f4de0f,zapit,eid,13d909d4-9361-419e-813c-2958e52addf7,13d909d4-9361-419e-813c-2958e52addf7,,SWC_NM_082,2024-09-04,,motor_bilateral,,both,ALL,figure4_zapit_glmhmm
metadata_final/metadata_zapit.py,269,7610e343da62b87c,zapit,eid,14629fee-ebcc-4ed8-9612-cc7654936e17,14629fee-ebcc-4ed8-9612-cc7654936e17,,SWC_NM_085,2024-12-05,,motor_bilateral,,both,ALL,figure4_zapit_glmhmm
metadata_final/metadata_zapit.py,371,654ccd159decbf01,zapit,eid,147f5dd3-f35c-409b-a503-d8914a6e78a6,147f5dd3-f35c-409b-a503-d8914a6e78a6,,SWC_NM_086,2024-10-10,,motor_bilateral,,both,ALL,figure4_zapit_glmhmm
metadata_final/metadata_zapit.py,54,5c1a14df07e3bb8f,zapit,eid,14f386c3-6765-4642-bdcd-e6d8884a5787,14f386c3-6765-4642-bdcd-e6d8884a5787,,SWC_NM_071,290324,,motor_bilateral,,both,5:9999,figure4_zapit_glmhmm
metadata_final/metadata_zapit.py,295,100c0ae543b193f0,zapit,eid,15db050c-de59-4cee-94ea-c1e630a89cce,15db050c-de59-4cee-94ea-c1e630a89cce,,SWC_NM_085,2024-10-28,,motor_bilateral,,both,ALL,figure4_zapit_glmhmm
metadata_final/metadata_zapit.py,153,f2c10d3bf6195410,zapit,eid,16ff936f-c87b-4d1f-ad5e-96236962cdb9,16ff936f-c87b-4d1f-ad5e-96236962cdb9,,SWC_NM_081,190624,,aMOs,,right,ALL,
metadata_final/metadata_zapit.py,199,ba5edd962aa28b52,zapit,eid,17a0cc7a-248b-49da-9056-6c627ce2d587,17a0cc7a-248b-49da-9056-6c627ce2d587,,SWC_NM_081,2024-06-28,,aMOs,,both,ALL,
metadata_final/metadata_zapit.py,324,8c7d9839dbe63a43,zapit,eid,17e111a2-34be-4fdf-ae9c-d25f3dbf500a,17e111a2-34be-4fdf-ae9c-d25f3dbf500a,,SWC_NM_086,2024-12-20,,MOp,,left,ALL,
metadata_final/metadata_zapit.py,64,3359f0e9ecb9a6ce,zapit,eid,18294d0f-4d0e-442a-a099-26d10d5ec493,18294d0f-4d0e-442a-a099-26d10d5ec493,,SWC_NM_071,070624,,aMOs,,left,ALL,
metadata_final/metadata_zapit.py,284,d4a89d6ff894af3d,zapit,eid,18ed3660-3f19-42b2-8074-a5fc1a38822e,18ed3660-3f19-42b2-8074-a5fc1a38822e,,SWC_NM_085,2024-11-13,,aMOs,,none,ALL,
metadata_final/metadata_zapit.py,204,f81499c81c0a5c09,zapit,eid,18f881f8-da77-41fa-9d04-72e5d6980ab2,18f881f8-da77-41fa-9d04-72e5d6980ab2,,SWC_NM_082,2024-09-30,,motor_bilateral,,both,ALL,figure4_zapit_glmhmm
metadata_final/metadata_zapit.py,175,8ed650350f045735,zapit,eid,19ed32db-bfc1-44ee-8743-1181d3a656d0,19ed32db-bfc1-44ee-8743-1181d3a656d0,,SWC_NM_081,2024-08-27,,motor_bilateral,,both,ALL,figure4_zapit_glmhmm
metadata_final/metadata_zapit.py,188,7a4b3955eb9f6423,zapit,eid,1a4d2532-3aae-4a96-a790-9c3920a34bd1,1a4d2532-3aae-4a96-a790-9c3920a34bd1,,SWC_NM_081,2024-08-07,,aMOs,,both,ALL,
metadata_final/metadata_zapit.py,240,14fe3ecfe229ca73,zapit,eid,1ad8c12b-6158-49a8-9b4f-1518c5dc0433,1ad8c12b-6158-49a8-9b4f-1518c5dc0433,,SWC_NM_082,2024-07-29,,motor_bilateral,,both,ALL,figure4_zapit_glmhmm
metadata_final/metadata_zapit.py,172,62f0c0e2ab85c431,zapit,eid,1af9eb1f-beb3-411d-b1cf-6e8363b9d7c7,1af9eb1f-beb3-411d-b1cf-6e8363b9d7c7,,SWC_NM_081,2024-08-30,,motor_bilateral,,both,ALL,figure4_zapit_glmhmm
metadata_final/metadata_zapit.py,193,a0ac78cd118275d4,zapit,eid,1b2f1edb-2b13-4d9d-8d4b-8bf57cf4be83,1b2f1edb-2b13-4d9d-8d4b-8bf57cf4be83,,SWC_NM_081,2024-07-29,,aMOs,,both,ALL,
metadata_final/metadata_zapit.py,358,71f17c50b6efbe04,zapit,eid,1b91e9a4-46ea-4581-9184-f3d4532ca1b0,1b91e9a4-46ea-4581-9184-f3d4532ca1b0,,SWC_NM_086,2024-10-29,,motor_bilateral,,both,ALL,figure4_zapit_glmhmm
metadata_final/metadata_zapit.py,366,f0eb86d9bc679f2f,zapit,eid,1bb13c8c-aac2-439e-986d-78d3eed47f74,1bb13c8c-aac2-439e-986d-78d3eed47f74,,SWC_NM_086,2024-10-17,,motor_bilateral,,both,ALL,figure4_zapit_glmhmm
metadata_final/metadata_zapit.py,332,97c5b8981def76e2,zapit,eid,1bf37f1c-a692-4109-8793-ea9a381278bd,1bf37f1c-a692-4109-8793-ea9a381278bd,,SWC_NM_086,2024-12-06,,motor_bilateral,,both,ALL,figure4_zapit_glmhmm
metadata_final/metadata_zapit.py,62,2e64f499e29c678f,zapit,eid,1c4fd7f7-6b72-4273-96f9-c0d255193170,1c4fd7f7-6b72-4273-96f9-c0d255193170,,SWC_NM_071,030624,,RSP,,both,ALL,
metadata_final/metadata_zapit.py,164,5bf7d9b13771f572,zapit,eid,1d28f538-2217-44bb-99a8-bec8bd437f49,1d28f538-2217-44bb-99a8-bec8bd437f49,,SWC_NM_081,2024-09-13,,motor_bilateral,,both,ALL,figure4_zapit_glmhmm
metadata_final/metadata_zapit.py,202,e213afca25deef8f,zapit,eid,1d6aa420-c44f-4998-9c9b-2634df455056,1d6aa420-c44f-4998-9c9b-2634df455056,,SWC_NM_081,2024-06-26,,motor_bilateral,,both,ALL,figure4_zapit_glmhmm
metadata_final/metadata_zapit.py,115,011b8aec18647a2f,zapit,eid,1db797cb-20c3-46e0-85f0-4726e6583b81,1db797cb-20c3-46e0-85f0-4726e6583b81,,SWC_NM_057,040624,,PL,,both,ALL,
metadata_final/metadata_zapit.py,242,a7fe07d6c9f6f047,zapit,eid,1e02a748-1f58-42f6-8e8b-e06e335c9c23,1e02a748-1f58-42f6-8e8b-e06e335c9c23,,SWC_NM_082,2024-07-04,,motor_bilateral,,both,ALL,figure4_zapit_glmhmm
metadata_final/metadata_zapit.py,296,df51485c2e84fa15,zapit,eid,20d7077d-da54-4753-9dd5-12da062aa784,20d7077d-da54-4753-9dd5-12da062aa784,,SWC_NM_085,2024-10-25,,motor_bilateral,,both,ALL,figure4_zapit_glmhmm
metadata_final/metadata_zapit.py,10,814678001e28e4eb,zapit,eid,21ee8737-3bea-4f7c-9f66-24813fe75e77,21ee8737-3bea-4f7c-9f66-24813fe75e77,,SWC_NM_072,290324,,motor_bilateral,,both,ALL,figure4_zapit_glmhmm
metadata_final/metadata_zapit.py,375,5eee82728329af98,zapit,eid,2207c9c5-543b-46c2-bff1-0085151bbc16,2207c9c5-543b-46c2-bff1-0085151bbc16,,SWC_NM_086,2024-10-03,,motor_bilateral,,both,ALL,figure4_zapit_glmhmm
metadata_final/metadata_zapit.py,38,19bb327ed5dd36c5,zapit,eid,22591fc2-4871-4a41-9ff7-1065475cf66f,22591fc2-4871-4a41-9ff7-1065475cf66f,,SWC_NM_072,260624,,motor_bilateral,,both,ALL,figure4_zapit_glmhmm
metadata_final/metadata_zapit.py,347,671cef5efb8aba76,zapit,eid,226b3997-5222-47ac-a221-49a43c4a2543,226b3997-5222-47ac-a221-49a43c4a2543,,SWC_NM_086,2024-11-14,,aMOs,,both,ALL,
metadata_final/metadata_zapit.py,200,9bf4a63a28c385bd,zapit,eid,23e9ed4a-4f7b-47a2-807e-87fcac571f63,23e9ed4a-4f7b-47a2-807e-87fcac571f63,,SWC_NM_081,2024-06-27,,aMOs,,both,ALL,
metadata_final/metadata_zapit.py,66,2c1294ca5e96e0d8,zapit,eid,2499872a-0fc5-47bd-928b-f59edcb299d6,2499872a-0fc5-47bd-928b-f59edcb299d6,,SWC_NM_071,120624,,aMOs,,left,ALL,
metadata_final/metadata_zapit.py,131,f48c169847dba667,zapit,eid,25df56f8-5d2f-47b0-9d02-766ac936702e,25df56f8-5d2f-47b0-9d02-766ac936702e,,SWC_NM_058,090424,,motor_bilateral,,both,ALL,figure4_zapit_glmhmm
metadata_final/metadata_zapit.py,182,6de916463053e7e3,zapit,eid,2622435f-deeb-49ec-94c2-b4c57c3282bf,2622435f-deeb-49ec-94c2-b4c57c3282bf,,SWC_NM_081,2024-08-15,,motor_bilateral,,both,ALL,figure4_zapit_glmhmm
metadata_final/metadata_zapit.py,108,e0508ce7b86820dd,zapit,eid,27ed63de-c2d4-4efd-ba0d-7d29c4e7eb3c,27ed63de-c2d4-4efd-ba0d-7d29c4e7eb3c,,SWC_NM_057,080524,,motor_bilateral,,both,ALL,figure4_zapit_glmhmm
metadata_final/metadata_zapit.py,72,394e7fe43f698862,zapit,eid,28eada18-4860-48a3-b238-774ca2b9a5ea,28eada18-4860-48a3-b238-774ca2b9a5ea,,SWC_NM_071,250624,,motor_bilateral,,both,ALL,figure4_zapit_glmhmm
metadata_final/metadata_zapit.py,170,73caf64871ce3ab1,zapit,eid,28f71052-e487-47db-900f-0f7d1634a3c1,28f71052-e487-47db-900f-0f7d1634a3c1,,SWC_NM_081,2024-09-03,,motor_bilateral,,both,ALL,figure4_zapit_glmhmm
metadata_final/metadata_zapit.py,266,ba416bcb5807b2a6,zapit,eid,296344c7-fb61-4d34-b732-6d0aa308fcd7,296344c7-fb61-4d34-b732-6d0aa308fcd7,,SWC_NM_085,2024-12-10,,MOp,,left,ALL,
metadata_final/metadata_zapit.py,17,05a3bcd5a4ca495e,zapit,eid,29a297f8-7818-4e46-b89a-57a90a22c826,29a297f8-7818-4e46-b89a-57a90a22c826,,SWC_NM_072,100524,,aMOs,,both,ALL,
metadata_final/metadata_zapit.py,85,2c273d5018a3c49d,zapit,eid,29bd566b-2163-4934-9a32-4fd45b85f7bb,29bd566b-2163-4934-9a32-4fd45b85f7bb,,SWC_NM_071,2024-07-29,,FrontBackLateral,,both,ALL,
metadata_final/metadata_zapit.py,124,960519ecad343a28,zapit,eid,2a8d18e5-42cb-4b24-bd39-bcc1f2fa16d5,2a8d18e5-42cb-4b24-bd39-bcc1f2fa16d5,,SWC_NM_057,190624,,ephys_validation,,both,ALL,
metadata_final/metadata_zapit.py,292,07bfc682062e5143,zapit,eid,2e70831c-41a2-489c-b242-94e9893287cd,2e70831c-41a2-489c-b242-94e9893287cd,,SWC_NM_085,2024-10-31,,motor_bilateral,,both,ALL,figure4_zapit_glmhmm
metadata_final/metadata_zapit.py,378,1fd703b2e435f480,zapit,eid,2e9ad686-c2d9-4bf9-aef6-abf2bd1cdfbe,2e9ad686-c2d9-4bf9-aef6-abf2bd1cdfbe,,SWC_NM_090,2025-01-29,,motor_bilateral,,both,ALL,figure4_zapit_glmhmm
metadata_final/metadata_zapit.py,260,cc0a2547822cbdff,zapit,eid,2eef12b7-def8-4bdd-8c4b-166e2eef059a,2eef12b7-def8-4bdd-8c4b-166e2eef059a,,SWC_NM_085,2024-12-18,,MOp,,both,10:9999,
metadata_final/metadata_zapit.py,145,c7e9567d92694f55,zapit,eid,2fb4c72b-093b-4cd1-92d0-08b5b2377646,2fb4c72b-093b-4cd1-92d0-08b5b2377646,,SWC_NM_081,070624,,none,,none,ALL,
metadata_final/metadata_zapit.py,139,3abefebb33fb4792,zapit,eid,2fb64c24-a802-4c67-9ef8-63c0b5e94239,2fb64c24-a802-4c67-9ef8-63c0b5e94239,,SWC_NM_058,190424,,motor_bilateral,,both,ALL,figure4_zapit_glmhmm
metadata_final/metadata_zapit.py,321,a5c8a7b7f3d95512,zapit,eid,2fbd3b7b-db18-4e00-a118-602aa912a682,2fbd3b7b-db18-4e00-a118-602aa912a682,,SWC_NM_086,2025-01-01,,MOp,,right,10:9999,
metadata_final/metadata_zapit.py,114,38ddb574677c9732,zapit,eid,303904fe-4a51-4d32-a1bb-b0b4a0d97861,303904fe-4a51-4d32-a1bb-b0b4a0d97861,,SWC_NM_057,030624,,RSP,,both,ALL,
metadata_final/metadata_zapit.py,102,ea27999e87fcc62e,zapit,eid,30cca44f-fa68-41d4-ad4a-1d3b41178860,30cca44f-fa68-41d4-ad4a-1d3b41178860,,SWC_NM_057,290424,,motor_bilateral,,both,ALL,figure4_zapit_glmhmm
metadata_final/metadata_zapit.py,173,6a0e7f7e45093753,zapit,eid,30dc77ad-9d38-4760-ae7b-71034f4558db,30dc77ad-9d38-4760-ae7b-71034f4558db,,SWC_NM_081,2024-08-29,,motor_bilateral,,both,ALL,figure4_zapit_glmhmm
metadata_final/metadata_zapit.py,348,5a976c428cb6fdfd,zapit,eid,319149f0-0aba-485e-892c-e033e5bb86f0,319149f0-0aba-485e-892c-e033e5bb86f0,,SWC_NM_086,2024-11-13,,aMOs,,right,ALL,
metadata_final/metadata_zapit.py,190,3d16e64544db0234,zapit,eid,319c04c0-25b9-4550-a962-cb12561752cd,319c04c0-25b9-4550-a962-cb12561752cd,,SWC_NM_081,2024-08-01,,aMOs,,both,ALL,
metadata_final/metadata_zapit.py,43,e2db80818adcd378,zapit,eid,31a9d3e2-7a58-4228-b814-74c8e2d404d0,31a9d3e2-7a58-4228-b814-74c8e2d404d0,,SWC_NM_071,120324,,motor_bilateral,,both,23:9999,figure4_zapit_glmhmm
metadata_final/metadata_zapit.py,97,07c52554f5237cfc,zapit,eid,326fc4e3-5de2-4426-a270-6ad33bc72bf4,326fc4e3-5de2-4426-a270-6ad33bc72bf4,,SWC_NM_057,220424,,motor_bilateral,,both,ALL,figure4_zapit_glmhmm
metadata_final/metadata_zapit.py,93,04ce68aebcc7850e,zapit,eid,33760c33-10f6-4670-8c4c-a35c2c274019,33760c33-10f6-4670-8c4c-a35c2c274019,,SWC_NM_057,160424,,motor_bilateral,,both,ALL,figure4_zapit_glmhmm
metadata_final/metadata_zapit.py,267,826e15dcbafda45d,zapit,eid,3386e5b5-815b-4c24-9b13-4a8dad6ec321,3386e5b5-815b-4c24-9b13-4a8dad6ec321,,SWC_NM_085,2024-12-09,,MOp,,both,ALL,
metadata_final/metadata_zapit.py,238,5df9b05df1d93695,zapit,eid,35581c37-e576-4394-8195-24136669edaa,35581c37-e576-4394-8195-24136669edaa,,SWC_NM_082,2024-08-01,,motor_bilateral,,both,ALL,figure4_zapit_glmhmm
metadata_final/metadata_zapit.py,113,352ab88c92ffd625,zapit,eid,35bdb284-f5c5-4bb7-a1b1-0e84505fedf2,35bdb284-f5c5-4bb7-a1b1-0e84505fedf2,,SWC_NM_057,310524,,PL,,both,ALL,
metadata_final/metadata_zapit.py,8,69cf430d5fca5b10,zapit,eid,363fd96f-fb16-4bac-97e4-56d10f9d6872,363fd96f-fb16-4bac-97e4-56d10f9d6872,,SWC_NM_072,270324,,motor_bilateral,,both,24:9999,figure4_zapit_glmhmm
metadata_final/metadata_zapit.py,106,9cbb7c692f5f7d66,zapit,eid,371667a3-635b-43aa-a74d-d35a164387a6,371667a3-635b-43aa-a74d-d35a164387a6,,SWC_NM_057,030524,,motor_bilateral,,both,ALL,figure4_zapit_glmhmm
metadata_final/metadata_zapit.py,316,0a60e80caad332c1,zapit,eid,3879f37d-980f-4edf-9798-ce12aa457847,3879f37d-980f-4edf-9798-ce12aa457847,,SWC_NM_086,2025-01-08,,MOp,,right,ALL,
metadata_final/metadata_zapit.py,287,574b70aa200facdc,zapit,eid,388c2e40-19cc-4de5-9f63-387c427d1fa9,388c2e40-19cc-4de5-9f63-387c427d1fa9,,SWC_NM_085,2024-11-07,,motor_bilateral,,both,ALL,figure4_zapit_glmhmm
metadata_final/metadata_zapit.py,208,3a8290dc9d1e4624,zapit,eid,3a7840b6-9283-4bd2-a3d1-16b377fa1d7f,3a7840b6-9283-4bd2-a3d1-16b377fa1d7f,,SWC_NM_082,2024-09-23,,motor_bilateral,,both,ALL,figure4_zapit_glmhmm
metadata_final/metadata_zapit.py,44,e52d4232a363ec77,zapit,eid,3a8ab779-363e-4681-b855-f897fa4e6d18,3a8ab779-363e-4681-b855-f897fa4e6d18,,SWC_NM_071,130324,,motor_bilateral,,both,17:9999,figure4_zapit_glmhmm
metadata_final/metadata_zapit.py,273,4654abfaa669c526,zapit,eid,3c27738f-65dd-492e-bf49-5dbd11c1f374,3c27738f-65dd-492e-bf49-5dbd11c1f374,,SWC_NM_085,2024-11-28,,motor_bilateral,,both,ALL,figure4_zapit_glmhmm
metadata_final/metadata_zapit.py,129,ea2123c0c8852129,zapit,eid,3c50aa42-f734-4c62-83fb-d548a443ddb2,3c50aa42-f734-4c62-83fb-d548a443ddb2,,SWC_NM_058,050424,,motor_bilateral,,both,ALL,figure4_zapit_glmhmm
metadata_final/metadata_zapit.py,100,80543df5bfa9c09f,zapit,eid,3ce30db9-6acd-4d4f-b3ef-cdae72193cca,3ce30db9-6acd-4d4f-b3ef-cdae72193cca,,SWC_NM_057,250424,,motor_bilateral,,both,ALL,figure4_zapit_glmhmm
metadata_final/metadata_zapit.py,259,edc9f31705a7a79b,zapit,eid,3cf380ef-4209-41da-b425-e64bd0212169,3cf380ef-4209-41da-b425-e64bd0212169,,SWC_NM_085,2024-12-19,,MOp,,right,65:9999,
metadata_final/metadata_zapit.py,148,517b1b29e00da295,zapit,eid,3d20e274-d965-429b-9198-526bb1df3ff7,3d20e274-d965-429b-9198-526bb1df3ff7,,SWC_NM_081,120624,,motor_bilateral,,both,ALL,figure4_zapit_glmhmm
metadata_final/metadata_zapit.py,227,855fdcd810d61b7d,zapit,eid,3e16843e-4d15-421a-8e38-eb862aa09e0a,3e16843e-4d15-421a-8e38-eb862aa09e0a,,SWC_NM_082,2024-08-21,,motor_bilateral,,both,ALL,figure4_zapit_glmhmm
metadata_final/metadata_zapit.py,57,18304626f516b076,zapit,eid,3e2f49c3-1590-4874-adc6-c68c518e7baf,3e2f49c3-1590-4874-adc6-c68c518e7baf,,SWC_NM_071,030524,,motor_bilateral,,both,ALL,figure4_zapit_glmhmm
metadata_final/metadata_zapit.py,18,ae6798e068ff503f,zapit,eid,3ec0e0ac-a2ce-4d26-87ab-b89f741f0ee0,3ec0e0ac-a2ce-4d26-87ab-b89f741f0ee0,,SWC_NM_072,280524,,aMOs,,both,ALL,
metadata_final/metadata_zapit.py,206,3c854cab5117fe16,zapit,eid,3f56b55e-33f9-404a-9de5-8cdd91028856,3f56b55e-33f9-404a-9de5-8cdd91028856,,SWC_NM_082,2024-09-26,,motor_bilateral,,both,ALL,figure4_zapit_glmhmm
metadata_final/metadata_zapit.py,86,9dfe26388db58d03,zapit,eid,3f792775-5f93-4e15-969d-9d8deb8d4b19,3f792775-5f93-4e15-969d-9d8deb8d4b19,,SWC_NM_071,2024-07-05,,motor_bilateral,,both,ALL,figure4_zapit_glmhmm
metadata_final/metadata_zapit.py,84,fb13b4e6020d627b,zapit,eid,3fce4e6c-1408-4fde-b95d-72a75b4e63da,3fce4e6c-1408-4fde-b95d-72a75b4e63da,,SWC_NM_071,2024-07-30,,AnterolateralM2,,both,ALL,
metadata_final/metadata_zapit.py,39,efd84c52154025d5,zapit,eid,4024d778-f840-4060-b5ee-d32a9c471ec5,4024d778-f840-4060-b5ee-d32a9c471ec5,,SWC_NM_071,050324,,motor_bilateral,,both,ALL,figure4_zapit_glmhmm
metadata_final/metadata_zapit.py,167,35c69d42c6caf8c1,zapit,eid,417a81f7-222a-4dc7-95e5-189675d9d680,417a81f7-222a-4dc7-95e5-189675d9d680,,SWC_NM_081,2024-09-09,,motor_bilateral,,both,ALL,figure4_zapit_glmhmm
metadata_final/metadata_zapit.py,142,363b5182f3b6b67a,zapit,eid,42097ae3-6c89-436b-b1f6-531706602faf,42097ae3-6c89-436b-b1f6-531706602faf,,SWC_NM_058,240424,,motor_bilateral,,both,ALL,figure4_zapit_glmhmm
metadata_final/metadata_zapit.py,184,443af6be6f1e5038,zapit,eid,4399db90-c883-43df-a94b-97dc5b664935,4399db90-c883-43df-a94b-97dc5b664935,,SWC_NM_081,2024-08-13,,motor_bilateral,,both,ALL,figure4_zapit_glmhmm
metadata_final/metadata_zapit.py,388,b8122bb9a0dac04e,zapit,eid,4483138b-6f1b-48f5-84e8-8cb0f09270a4,4483138b-6f1b-48f5-84e8-8cb0f09270a4,,SWC_NM_091,2025-01-27,,motor_bilateral,,both,ALL,figure4_zapit_glmhmm
metadata_final/metadata_zapit.py,385,19e130482538d801,zapit,eid,4513ca43-092c-4d70-89f9-f431b281fe8c,4513ca43-092c-4d70-89f9-f431b281fe8c,,SWC_NM_091,2025-01-31,,motor_bilateral,,both,ALL,figure4_zapit_glmhmm
metadata_final/metadata_zapit.py,189,1f762c5db7f6e8b4,zapit,eid,4569efa8-dc24-4f03-88ef-94d0f96c5f2d,4569efa8-dc24-4f03-88ef-94d0f96c5f2d,,SWC_NM_081,2024-08-06,,aMOs,,both,ALL,
metadata_final/metadata_zapit.py,261,029a7f4fa8e9d000,zapit,eid,4585378e-6d33-48c7-8d4b-aea6671fcb8d,4585378e-6d33-48c7-8d4b-aea6671fcb8d,,SWC_NM_085,2024-12-17,,MOp,,left,ALL,
metadata_final/metadata_zapit.py,89,7da01ca42049890c,zapit,eid,461f1dc8-4463-4705-bce3-70fb28d24275,461f1dc8-4463-4705-bce3-70fb28d24275,,SWC_NM_071,2024-07-01,,motor_bilateral,,both,ALL,figure4_zapit_glmhmm
metadata_final/metadata_zapit.py,328,ff97b8135bb6b78d,zapit,eid,4630fbf2-a6b3-4443-b6da-af6a07cf0909,4630fbf2-a6b3-4443-b6da-af6a07cf0909,,SWC_NM_086,2024-12-12,,MOp,,both,ALL,
metadata_final/metadata_zapit.py,88,ba84eb9cbba2683e,zapit,eid,4650da81-e01e-4db4-89a9-a74d1b9ab953,4650da81-e01e-4db4-89a9-a74d1b9ab953,,SWC_NM_071,2024-07-02,,motor_bilateral,,both,ALL,figure4_zapit_glmhmm
metadata_final/metadata_zapit.py,270,1a4f35ed83a94d00,zapit,eid,47653f0e-6858-4a74-92cd-a8ae5837f617,47653f0e-6858-4a74-92cd-a8ae5837f617,,SWC_NM_085,2024-12-04,,motor_bilateral,,both,ALL,figure4_zapit_glmhmm
metadata_final/metadata_zapit.py,104,6d6e2aa6bbfc6218,zapit,eid,48f93196-a573-4e46-95ee-08fc9484785c,48f93196-a573-4e46-95ee-08fc9484785c,,SWC_NM_057,010524,,motor_bilateral,,both,ALL,figure4_zapit_glmhmm
metadata_final/metadata_zapit.py,235,2dba6fe64780fde4,zapit,eid,490c23d3-f9ef-49b2-bdf3-fe493a1d1623,490c23d3-f9ef-49b2-bdf3-fe493a1d1623,,SWC_NM_082,2024-08-08,,MOs,,both,ALL,
metadata_final/metadata_zapit.py,315,e2d2698fa66fd0f2,zapit,eid,492241e2-6d50-4b2e-be20-74f6c9072b93,492241e2-6d50-4b2e-be20-74f6c9072b93,,SWC_NM_086,2025-01-09,,MOp,,both,ALL,
metadata_final/metadata_zapit.py,212,097e00d8bbac06d3,zapit,eid,49720c45-6130-4f3b-aeb8-d0c38c13e087,49720c45-6130-4f3b-aeb8-d0c38c13e087,,SWC_NM_082,2024-09-17,,motor_bilateral,,both,ALL,figure4_zapit_glmhmm
metadata_final/metadata_zapit.py,277,ffdaa4c7a93bbe98,zapit,eid,4a6b8509-cc65-4a3f-bbe2-b320b26e73bc,4a6b8509-cc65-4a3f-bbe2-b320b26e73bc,,SWC_NM_085,2024-11-22,,aMOs,,right,ALL,
metadata_final/metadata_zapit.py,391,4f8053f36384aee9,zapit,eid,4bb73d63-fec9-4f4b-9d9d-c4efdb5453e4,4bb73d63-fec9-4f4b-9d9d-c4efdb5453e4,,SWC_NM_091,2025-01-22,,motor_bilateral,,both,ALL,figure4_zapit_glmhmm
metadata_final/metadata_zapit.py,25,604f5bed97456220,zapit,eid,4e04f6cc-5ace-4993-9a64-4a418672d6da,4e04f6cc-5ace-4993-9a64-4a418672d6da,,SWC_NM_072,070624,,aMOs,,left,ALL,
metadata_final/metadata_zapit.py,178,d1f7fdda0702a68f,zapit,eid,4ea40850-42f6-4efd-b517-3eaa65157dd8,4ea40850-42f6-4efd-b517-3eaa65157dd8,,SWC_NM_081,2024-08-22,,motor_bilateral,,both,ALL,figure4_zapit_glmhmm
metadata_final/metadata_zapit.py,253,ab065cdfba5435a9,zapit,eid,4f8c6d55-921c-47a3-a029-1ee9a8e3f7cd,4f8c6d55-921c-47a3-a029-1ee9a8e3f7cd,,SWC_NM_085,2025-01-03,,motor_bilateral,,both,ALL,figure4_zapit_glmhmm
metadata_final/metadata_zapit.py,105,9d97499244430d1d,zapit,eid,4fe120ac-7da6-49a1-88ae-8326f93aff5b,4fe120ac-7da6-49a1-88ae-8326f93aff5b,,SWC_NM_057,020524,,motor_bilateral,,both,ALL,figure4_zapit_glmhmm
metadata_final/metadata_zapit.py,122,b9a13887fc262017,zapit,eid,504030da-9e68-4e26-9c68-0efad8a8bec4,504030da-9e68-4e26-9c68-0efad8a8bec4,,SWC_NM_057,130624,,motor_bilateral,,both,ALL,figure4_zapit_glmhmm
metadata_final/metadata_zapit.py,346,9f3b910345ed49ad,zapit,eid,504a0fd0-0c1b-413e-b78a-ab3c0e8c16ef,504a0fd0-0c1b-413e-b78a-ab3c0e8c16ef,,SWC_NM_086,2024-11-15,,aMOs,,left,ALL,
metadata_final/metadata_zapit.py,354,23d96fa95e2541af,zapit,eid,504ad71b-46e9-47d3-ae49-f75a4167107b,504ad71b-46e9-47d3-ae49-f75a4167107b,,SWC_NM_086,2024-11-04,,motor_bilateral,,both,ALL,figure4_zapit_glmhmm
metadata_final/metadata_zapit.py,367,d69b899e3fcf3ac1,zapit,eid,505b6370-97e9-4192-8a91-d18ce864e85e,505b6370-97e9-4192-8a91-d18ce864e85e,,SWC_NM_086,2024-10-16,,motor_bilateral,,both,ALL,figure4_zapit_glmhmm
metadata_final/metadata_zapit.py,298,6b64f580df1c2449,zapit,eid,513c4259-7023-44b3-a371-d28e5c081326,513c4259-7023-44b3-a371-d28e5c081326,,SWC_NM_085,2024-10-21,,motor_bilateral,,both,ALL,figure4_zapit_glmhmm
metadata_final/metadata_zapit.py,275,12488a1cce96bf39,zapit,eid,514153aa-98c8-4559-bc12-442e93ecd5c0,514153aa-98c8-4559-bc12-442e93ecd5c0,,SWC_NM_085,2024-11-26,,motor_bilateral,,both,ALL,figure4_zapit_glmhmm
metadata_final/metadata_zapit.py,55,d2f94fe837717b85,zapit,eid,5181e5a7-ab4d-4fc2-978a-151ada7ac5af,5181e5a7-ab4d-4fc2-978a-151ada7ac5af,,SWC_NM_071,010524,,motor_bilateral,,both,ALL,figure4_zapit_glmhmm
metadata_final/metadata_zapit.py,297,af6f41eb9b739186,zapit,eid,51a755af-aef2-42cd-9ed4-0755bfbc4ad0,51a755af-aef2-42cd-9ed4-0755bfbc4ad0,,SWC_NM_085,2024-10-22,,motor_bilateral,,both,ALL,figure4_zapit_glmhmm
metadata_final/metadata_zapit.py,344,04edf3030aac2524,zapit,eid,51e6d249-847a-48a1-8379-44992997fc95,51e6d249-847a-48a1-8379-44992997fc95,,SWC_NM_086,2024-11-19,,aMOs,,right,ALL,
metadata_final/metadata_zapit.py,380,bdeb6dfed21a4995,zapit,eid,51f537ee-b82c-446e-971e-017179aa4341,51f537ee-b82c-446e-971e-017179aa4341,,SWC_NM_090,2025-01-27,,motor_bilateral,,both,ALL,figure4_zapit_glmhmm
metadata_final/metadata_zapit.py,99,0ead192baa29612c,zapit,eid,5378cb09-a3ed-4e13-873c-e0653e97ed8a,5378cb09-a3ed-4e13-873c-e0653e97ed8a,,SWC_NM_057,240424,,motor_bilateral,,both,ALL,figure4_zapit_glmhmm
metadata_final/metadata_zapit.py,52,06b1056f039bd253,zapit,eid,539e8157-7f97-4487-95d6-5486db2f6b4c,539e8157-7f97-4487-95d6-5486db2f6b4c,,SWC_NM_071,250324,,motor_bilateral,,both,16:9999,figure4_zapit_glmhmm
metadata_final/metadata_zapit.py,137,03c017a79dd7ac30,zapit,eid,54a710b5-5985-44aa-9a7e-c36976621dae,54a710b5-5985-44aa-9a7e-c36976621dae,,SWC_NM_058,170424,,motor_bilateral,,both,ALL,figure4_zapit_glmhmm
metadata_final/metadata_zapit.py,215,6b74e77f0bfc6ce1,zapit,eid,54b2b629-537a-4a8c-a584-93ccb71c9645,54b2b629-537a-4a8c-a584-93ccb71c9645,,SWC_NM_082,2024-09-11,,motor_bilateral,,both,4:9999,figure4_zapit_glmhmm
metadata_final/metadata_zapit.py,361,5daa60bb85a3486e,zapit,eid,55ab5631-73d8-4929-857d-38979ab5dd8d,55ab5631-73d8-4929-857d-38979ab5dd8d,,SWC_NM_086,2024-10-24,,motor_bilateral,,both,ALL,figure4_zapit_glmhmm
metadata_final/metadata_zapit.py,176,70bdf74bccc4e161,zapit,eid,55ccca2a-7b5b-419f-bd5e-fabae3efda80,55ccca2a-7b5b-419f-bd5e-fabae3efda80,,SWC_NM_081,2024-08-23,,motor_bilateral,,both,ALL,figure4_zapit_glmhmm
metadata_final/metadata_zapit.py,144,64b6b0482761f60b,zapit,eid,5633930b-0d8d-439d-9329-baf9b93423e2,5633930b-0d8d-439d-9329-baf9b93423e2,,SWC_NM_058,260424,,motor_bilateral,,both,ALL,figure4_zapit_glmhmm
metadata_final/metadata_zapit.py,154,795478c7b92d3026,zapit,eid,56c88b74-2219-47c6-80dd-43bbf5198743,56c88b74-2219-47c6-80dd-43bbf5198743,,SWC_NM_081,210624,,motor_bilateral,,both,ALL,figure4_zapit_glmhmm
metadata_final/metadata_zapit.py,230,0518c10fdc582e6e,zapit,eid,57388eb2-2bbf-4f9a-8c3d-43cf6a72fb2a,57388eb2-2bbf-4f9a-8c3d-43cf6a72fb2a,,SWC_NM_082,2024-08-14,,motor_bilateral,,both,ALL,figure4_zapit_glmhmm
metadata_final/metadata_zapit.py,32,7168d038981e94ff,zapit,eid,579b9718-8255-4b90-af09-1f5b4dc9cf61,579b9718-8255-4b90-af09-1f5b4dc9cf61,,SWC_NM_072,180624,,aMOs,,both,ALL,
metadata_final/metadata_zapit.py,309,fc52bbea4b71a8db,zapit,eid,580100e9-94f1-4542-9183-f0b5234b29a3,580100e9-94f1-4542-9183-f0b5234b29a3,,SWC_NM_085,2024-10-02,,motor_bilateral,,both,ALL,figure4_zapit_glmhmm
metadata_final/metadata_zapit.py,40,7a9243169d39281f,zapit,eid,58751cd1-2b46-4220-a067-0ee5673bc40d,58751cd1-2b46-4220-a067-0ee5673bc40d,,SWC_NM_071,060324,,motor_bilateral,,both,ALL,figure4_zapit_glmhmm
metadata_final/metadata_zapit.py,146,4e72ce45337b7570,zapit,eid,588da2cc-15a1-4bb9-8898-0e373e1cd92a,588da2cc-15a1-4bb9-8898-0e373e1cd92a,,SWC_NM_081,100624,,motor_bilateral,,both,ALL,figure4_zapit_glmhmm
metadata_final/metadata_zapit.py,248,664519326274ec70,zapit,eid,59af6af8-fa5f-42fe-84a9-755e83c9314b,59af6af8-fa5f-42fe-84a9-755e83c9314b,,SWC_NM_085,2025-01-10,,MOp,,both,ALL,
metadata_final/metadata_zapit.py,387,224fa082c7884df7,zapit,eid,59e6bef0-f807-4afb-8b2b-bba63c034610,59e6bef0-f807-4afb-8b2b-bba63c034610,,SWC_NM_091,2025-01-29,,motor_bilateral,,both,ALL,figure4_zapit_glmhmm
metadata_final/metadata_zapit.py,161,fd60d74949120422,zapit,eid,5d904819-1755-43a6-9d5b-bb47aee17c95,5d904819-1755-43a6-9d5b-bb47aee17c95,,SWC_NM_081,2024-09-18,,motor_bilateral,,both,ALL,figure4_zapit_glmhmm
metadata_final/metadata_zapit.py,130,ee9b1b65c83793e7,zapit,eid,5e2652b8-a3be-43e7-ba97-3097f4cef637,5e2652b8-a3be-43e7-ba97-3097f4cef637,,SWC_NM_058,080424,,motor_bilateral,,both,ALL,figure4_zapit_glmhmm
metadata_final/metadata_zapit.py,31,4e36608e787ae5ed,zapit,eid,5f5fa4ab-0dd5-4df6-ba64-f707f82df638,5f5fa4ab-0dd5-4df6-ba64-f707f82df638,,SWC_NM_072,170624,,motor_bilateral,,both,ALL,figure4_zapit_glmhmm
metadata_final/metadata_zapit.py,47,5f212a185fe98c8b,zapit,eid,617babd9-e386-487a-87dc-6469326785cc,617babd9-e386-487a-87dc-6469326785cc,,SWC_NM_071,180324,,motor_bilateral,,both,12:9999,figure4_zapit_glmhmm
metadata_final/metadata_zapit.py,174,46a847174d909a9a,zapit,eid,617d0c3f-1658-411e-84b8-1d46bfc61cea,617d0c3f-1658-411e-84b8-1d46bfc61cea,,SWC_NM_081,2024-08-28,,motor_bilateral,,both,ALL,figure4_zapit_glmhmm
metadata_final/metadata_zapit.py,306,6af0afdce8861215,zapit,eid,625120a5-9cf7-40af-8b38-adad129c6891,625120a5-9cf7-40af-8b38-adad129c6891,,SWC_NM_085,2024-10-07,,motor_bilateral,,both,ALL,figure4_zapit_glmhmm
metadata_final/metadata_zapit.py,305,27d9473b7950b05b,zapit,eid,632ce799-4023-4c4b-9fda-21825edbf287,632ce799-4023-4c4b-9fda-21825edbf287,,SWC_NM_085,2024-10-08,,motor_bilateral,,both,ALL,figure4_zapit_glmhmm
metadata_final/metadata_zapit.py,187,dfcf1bdcf190d2fd,zapit,eid,636e9324-0434-4422-a584-4e7a5324ad63,636e9324-0434-4422-a584-4e7a5324ad63,,SWC_NM_081,2024-08-08,,aMOs,,both,ALL,
metadata_final/metadata_zapit.py,103,f6701fd2e140cb1f,zapit,eid,63cd8105-e388-4d22-a396-f1e5f597b392,63cd8105-e388-4d22-a396-f1e5f597b392,,SWC_NM_057,300424,,motor_bilateral,,both,ALL,figure4_zapit_glmhmm
metadata_final/metadata_zapit.py,244,8bcb1dd926867b55,zapit,eid,63d83965-e02f-401e-9469-03d979d077f5,63d83965-e02f-401e-9469-03d979d077f5,,SWC_NM_082,2024-07-02,,motor_bilateral,,both,ALL,figure4_zapit_glmhmm
metadata_final/metadata_zapit.py,125,b7cd925b3bf8dce0,zapit,eid,646e3bc6-9b24-4ad2-8226-1f6d6e74fd6c,646e3bc6-9b24-4ad2-8226-1f6d6e74fd6c,,SWC_NM_057,200624,,ephys_validation,,both,ALL,
metadata_final/metadata_zapit.py,303,debe6357fcb7e9fe,zapit,eid,647286b0-22ef-42d5-a502-c4529ec6dafb,647286b0-22ef-42d5-a502-c4529ec6dafb,,SWC_NM_085,2024-10-11,,motor_bilateral,,both,ALL,figure4_zapit_glmhmm
metadata_final/metadata_zapit.py,233,67b24451e83933a1,zapit,eid,65d7c1b5-c17c-4c15-a738-e18969a4b33d,65d7c1b5-c17c-4c15-a738-e18969a4b33d,,SWC_NM_082,2024-08-12,,MOs,,both,ALL,
metadata_final/metadata_zapit.py,313,cf811312cc217397,zapit,eid,65ea4186-ca91-4082-9e72-282dc83b7fbb,65ea4186-ca91-4082-9e72-282dc83b7fbb,,SWC_NM_085,2024-09-26,,motor_bilateral,,both,ALL,figure4_zapit_glmhmm
metadata_final/metadata_zapit.py,293,7ab295c1fbae8d94,zapit,eid,6614827e-4fa2-4911-9ef6-f6a75e135d5e,6614827e-4fa2-4911-9ef6-f6a75e135d5e,,SWC_NM_085,2024-10-30,,motor_bilateral,,both,ALL,figure4_zapit_glmhmm
metadata_final/metadata_zapit.py,311,17b673ad4e31fd4c,zapit,eid,66a8f4ea-f783-494d-a154-96f077a9852a,66a8f4ea-f783-494d-a154-96f077a9852a,,SWC_NM_085,2024-09-30,,motor_bilateral,,both,ALL,figure4_zapit_glmhmm
metadata_final/metadata_zapit.py,78,1a3bd1a648dbd34d,zapit,eid,66e34ece-416d-471a-a3af-878f06fdae22,66e34ece-416d-471a-a3af-878f06fdae22,,SWC_NM_071,2024-08-09,,motor_bilateral,,both,ALL,figure4_zapit_glmhmm
metadata_final/metadata_zapit.py,117,940a9be0a7674a6d,zapit,eid,6793cda3-d753-4d5b-9043-f00e7eff4cba,6793cda3-d753-4d5b-9043-f00e7eff4cba,,SWC_NM_057,060624,,PL,,both,ALL,
metadata_final/metadata_zapit.py,373,26156b2834e2bee4,zapit,eid,6825a34c-98bf-4643-861a-288d3545dbfb,6825a34c-98bf-4643-861a-288d3545dbfb,,SWC_NM_086,2024-10-07,,motor_bilateral,,both,ALL,figure4_zapit_glmhmm
metadata_final/metadata_zapit.py,151,0919a3e1b2332ae2,zapit,eid,68bc47e2-12ec-4b4e-8b8a-4cbc07005b06,68bc47e2-12ec-4b4e-8b8a-4cbc07005b06,,SWC_NM_081,170624,,motor_bilateral,,both,ALL,figure4_zapit_glmhmm
metadata_final/metadata_zapit.py,110,967f68595de7255b,zapit,eid,69670d64-f5e3-444a-b25d-ca77e9233480,69670d64-f5e3-444a-b25d-ca77e9233480,,SWC_NM_057,100524,,aMOs,,both,ALL,
metadata_final/metadata_zapit.py,37,da61cfc9dca99948,zapit,eid,69845bb7-2a57-41d7-98ab-61b8c5b14b99,69845bb7-2a57-41d7-98ab-61b8c5b14b99,,SWC_NM_072,250624,,motor_bilateral,,both,ALL,figure4_zapit_glmhmm
metadata_final/metadata_zapit.py,134,da7f0fbc9f453105,zapit,eid,6a44a4b7-4041-4e74-8477-da40f28cc1bc,6a44a4b7-4041-4e74-8477-da40f28cc1bc,,SWC_NM_058,120424,,motor_bilateral,,both,9:9999,figure4_zapit_glmhmm
metadata_final/metadata_zapit.py,232,e88bc110fa674e7e,zapit,eid,6ac687b8-a991-46f6-a571-8ba695a5c51b,6ac687b8-a991-46f6-a571-8ba695a5c51b,,SWC_NM_082,2024-08-13,,motor_bilateral,,both,ALL,figure4_zapit_glmhmm
metadata_final/metadata_zapit.py,2,e41190389fddc3fb,zapit,eid,6ac7cec5-9c87-46da-8dc8-6619cca21d9b,6ac7cec5-9c87-46da-8dc8-6619cca21d9b,,SWC_NM_072,150324,,motor_bilateral,,both,ALL,figure4_zapit_glmhmm
metadata_final/metadata_zapit.py,82,8df8cb504e30ebec,zapit,eid,6b480c09-af07-4574-b04f-9ed2b862318a,6b480c09-af07-4574-b04f-9ed2b862318a,,SWC_NM_071,2024-08-01,,FrontBackMedial,,both,ALL,
metadata_final/metadata_zapit.py,349,5754c2b108c08064,zapit,eid,6bec8bb3-fdb0-4b0c-b271-cda764daa056,6bec8bb3-fdb0-4b0c-b271-cda764daa056,,SWC_NM_086,2024-11-12,,aMOs,,left,ALL,
metadata_final/metadata_zapit.py,353,ea8caef685449f25,zapit,eid,6bf5168a-657d-420e-9288-738ed5a51310,6bf5168a-657d-420e-9288-738ed5a51310,,SWC_NM_086,2024-11-05,,motor_bilateral,,both,ALL,figure4_zapit_glmhmm
metadata_final/metadata_zapit.py,101,004402af55ac8174,zapit,eid,6cc5b3d5-653b-45a6-b2d8-851e40172017,6cc5b3d5-653b-45a6-b2d8-851e40172017,,SWC_NM_057,260424,,motor_bilateral,,both,ALL,figure4_zapit_glmhmm
metadata_final/metadata_zapit.py,246,dadb046949205445,zapit,eid,6e5baa0d-c3d3-412b-a2c4-4f0167ed79da,6e5baa0d-c3d3-412b-a2c4-4f0167ed79da,,SWC_NM_082,2024-06-27,,none,,none,ALL,
metadata_final/metadata_zapit.py,291,8ab452f0d16bb136,zapit,eid,6ea09269-412e-45e0-a2cd-4ed25057e2c6,6ea09269-412e-45e0-a2cd-4ed25057e2c6,,SWC_NM_085,2024-11-01,,motor_bilateral,,both,4:9999,figure4_zapit_glmhmm
metadata_final/metadata_zapit.py,226,dea39706cc3a38f0,zapit,eid,6f4a4ca6-5933-439a-ac3e-a7af05ee5f8c,6f4a4ca6-5933-439a-ac3e-a7af05ee5f8c,,SWC_NM_082,2024-08-22,,motor_bilateral,,both,ALL,figure4_zapit_glmhmm
metadata_final/metadata_zapit.py,263,6cbc734e2f9a540f,zapit,eid,6fce2eae-965d-49d6-9b5d-60316cf5d260,6fce2eae-965d-49d6-9b5d-60316cf5d260,,SWC_NM_085,2024-12-13,,MOp,,right,ALL,
metadata_final/metadata_zapit.py,74,f3f708123829a18d,zapit,eid,72ad6aba-78cd-461e-9400-a14f4052807e,72ad6aba-78cd-461e-9400-a14f4052807e,,SWC_NM_071,2024-08-16,,ephys_validation,,both,ALL,
metadata_final/metadata_zapit.py,22,5b2a43dc44cb4677,zapit,eid,73dd127a-c233-4848-a789-e0768a0c6a3e,73dd127a-c233-4848-a789-e0768a0c6a3e,,SWC_NM_072,030624,,RSP,,both,ALL,
metadata_final/metadata_zapit.py,120,5f8a41dbe5276577,zapit,eid,75202410-a01a-4730-ae3e-f647887120ff,75202410-a01a-4730-ae3e-f647887120ff,,SWC_NM_057,110624,,aMOs,,right,ALL,
metadata_final/metadata_zapit.py,30,d3c1a1dd7dd55326,zapit,eid,78a0ee20-c1ea-43a2-b561-f4a6ae99223f,78a0ee20-c1ea-43a2-b561-f4a6ae99223f,,SWC_NM_072,140624,,motor_bilateral,,both,ALL,figure4_zapit_glmhmm
metadata_final/metadata_zapit.py,255,76dd95d1872788a0,zapit,eid,78ed1b73-386e-4f26-8efb-857356233d00,78ed1b73-386e-4f26-8efb-857356233d00,,SWC_NM_085,2025-01-01,,MOp,,right,10:9999,
metadata_final/metadata_zapit.py,241,63441d27b02efcf3,zapit,eid,7ddc484c-ad74-488b-bb17-8b1034ccefb7,7ddc484c-ad74-488b-bb17-8b1034ccefb7,,SWC_NM_082,2024-07-05,,motor_bilateral,,both,ALL,figure4_zapit_glmhmm
metadata_final/metadata_zapit.py,147,322e674f04cdd4a5,zapit,eid,7dfd1974-1618-496c-9b0e-ba89f9f3f160,7dfd1974-1618-496c-9b0e-ba89f9f3f160,,SWC_NM_081,110624,,motor_bilateral,,both,ALL,figure4_zapit_glmhmm
metadata_final/metadata_zapit.py,83,5c5295caa6b0eea8,zapit,eid,7ec24b48-a65e-492a-89ef-142dace45da5,7ec24b48-a65e-492a-89ef-142dace45da5,,SWC_NM_071,2024-07-31,,AnterolateralM2,,both,ALL,
metadata_final/metadata_zapit.py,23,21713722fc73d045,zapit,eid,7f7e966c-56c3-4fa7-b430-b324fa707af3,7f7e966c-56c3-4fa7-b430-b324fa707af3,,SWC_NM_072,050624,,PL,,both,ALL,
metadata_final/metadata_zapit.py,133,fe424636b776beb7,zapit,eid,82518ed0-469f-4311-aedc-fad2c9d5ea0b,82518ed0-469f-4311-aedc-fad2c9d5ea0b,,SWC_NM_058,110424,,motor_bilateral,,both,ALL,figure4_zapit_glmhmm
metadata_final/metadata_zapit.py,186,b587f5499ea16841,zapit,eid,82940d8e-ca0e-41e2-9bba-3eed7a843bf6,82940d8e-ca0e-41e2-9bba-3eed7a843bf6,,SWC_NM_081,2024-08-09,,aMOs,,both,ALL,
metadata_final/metadata_zapit.py,393,9f3cd2ef60f35cd5,zapit,eid,82ada5f7-88ce-4796-8923-72c6f373bcf3,82ada5f7-88ce-4796-8923-72c6f373bcf3,,SWC_NM_091,2025-01-15,,motor_bilateral,,both,ALL,figure4_zapit_glmhmm
metadata_final/metadata_zapit.py,322,41e656bb405349c8,zapit,eid,851a3966-a5bb-4a36-9a69-45c9ce743628,851a3966-a5bb-4a36-9a69-45c9ce743628,,SWC_NM_086,2024-12-31,,MOp,,left,10:9999,
metadata_final/metadata_zapit.py,12,ce4ffa7422510c65,zapit,eid,85e51b98-b263-4138-b4ea-2b641c889508,85e51b98-b263-4138-b4ea-2b641c889508,,SWC_NM_072,020524,,motor_bilateral,,both,ALL,figure4_zapit_glmhmm
metadata_final/metadata_zapit.py,98,b25475c380a84c58,zapit,eid,860172ec-22bf-4bdf-aee7-1a9e85536e59,860172ec-22bf-4bdf-aee7-1a9e85536e59,,SWC_NM_057,230424,,motor_bilateral,,both,ALL,figure4_zapit_glmhmm
metadata_final/metadata_zapit.py,355,30c2c510ab754d80,zapit,eid,86b2fe93-2d47-4a0a-a3b1-2a4f6a6e3da9,86b2fe93-2d47-4a0a-a3b1-2a4f6a6e3da9,,SWC_NM_086,2024-11-01,,motor_bilateral,,both,ALL,figure4_zapit_glmhmm
metadata_final/metadata_zapit.py,58,0f348307e4010fd6,zapit,eid,86e24147-7d3c-42e8-ad62-b82497e6e9bc,86e24147-7d3c-42e8-ad62-b82497e6e9bc,,SWC_NM_071,070524,,motor_bilateral,,both,ALL,figure4_zapit_glmhmm
metadata_final/metadata_zapit.py,70,6ccca17ee511cf34,zapit,eid,873134ba-4723-4895-b9ed-a23a72a1c2ec,873134ba-4723-4895-b9ed-a23a72a1c2ec,,SWC_NM_071,200624,,aMOs,,right,ALL,
metadata_final/metadata_zapit.py,279,fd4d015e7daf2cb6,zapit,eid,87e1051e-a6bb-47d0-9ab2-8bec0efdecf2,87e1051e-a6bb-47d0-9ab2-8bec0efdecf2,,SWC_NM_085,2024-11-20,,aMOs,,both,ALL,
metadata_final/metadata_zapit.py,155,da3250f02086ca7d,zapit,eid,8833a0d2-468b-4a13-b940-a31356f39323,8833a0d2-468b-4a13-b940-a31356f39323,,SWC_NM_081,240624,,motor_bilateral,,both,ALL,figure4_zapit_glmhmm
metadata_final/metadata_zapit.py,281,56a73da2cdcc1ec0,zapit,eid,88afa934-5374-45fc-bdda-77c45ba52cc3,88afa934-5374-45fc-bdda-77c45ba52cc3,,SWC_NM_085,2024-11-18,,aMOs,,left,ALL,
metadata_final/metadata_zapit.py,24,8aae8d76fb83d66f,zapit,eid,88f4fbf9-9dc1-4031-a641-15911721c440,88f4fbf9-9dc1-4031-a641-15911721c440,,SWC_NM_072,060624,,PL,,both,ALL,
metadata_final/metadata_zapit.py,71,d416a9994aaa8ec1,zapit,eid,892c68f1-0eb6-4ddb-9b39-47be3f9a937a,892c68f1-0eb6-4ddb-9b39-47be3f9a937a,,SWC_NM_071,210624,,PL,,both,ALL,
metadata_final/metadata_zapit.py,118,7c8c3062250edd28,zapit,eid,89bdad9f-7eff-4fac-86c1-9a9154fa7fca,89bdad9f-7eff-4fac-86c1-9a9154fa7fca,,SWC_NM_057,070624,,aMOs,,left,ALL,
metadata_final/metadata_zapit.py,77,eec02dddd66637a5,zapit,eid,89ead274-0247-49b0-95b5-f6aa77b9431c,89ead274-0247-49b0-95b5-f6aa77b9431c,,SWC_NM_071,2024-08-13,,ephys_validation,,both,ALL,
metadata_final/metadata_zapit.py,140,99493bbc70eb915d,zapit,eid,8ad0b793-0faf-4ee6-ba4e-fd0ac99f14bf,8ad0b793-0faf-4ee6-ba4e-fd0ac99f14bf,,SWC_NM_058,220424,,motor_bilateral,,both,ALL,figure4_zapit_glmhmm
metadata_final/metadata_zapit.py,290,2e24e5aff5489db6,zapit,eid,8b746ff6-eccf-4071-a78a-f2897ee8d688,8b746ff6-eccf-4071-a78a-f2897ee8d688,,SWC_NM_085,2024-11-04,,motor_bilateral,,both,ALL,figure4_zapit_glmhmm
metadata_final/metadata_zapit.py,162,299452aefdfb8201,zapit,eid,8ce5314a-dadf-443d-a2d8-20e6af85e469,8ce5314a-dadf-443d-a2d8-20e6af85e469,,SWC_NM_081,2024-09-17,,motor_bilateral,,both,21:9999,figure4_zapit_glmhmm
metadata_final/metadata_zapit.py,80,037fa7a7620d4fea,zapit,eid,8cf213e9-f60b-4b81-b268-bc95fb61cdfe,8cf213e9-f60b-4b81-b268-bc95fb61cdfe,,SWC_NM_071,2024-08-07,,motor_bilateral,,both,ALL,figure4_zapit_glmhmm
metadata_final/metadata_zapit.py,299,87cf0ddd201cf4a1,zapit,eid,8d7d34e1-6613-4e37-b4e8-8d38347c5141,8d7d34e1-6613-4e37-b4e8-8d38347c5141,,SWC_NM_085,2024-10-18,,motor_bilateral,,both,ALL,figure4_zapit_glmhmm
metadata_final/metadata_zapit.py,1,e56c7b773cb2e723,zapit,eid,8d9c0607-7550-4bca-af9b-c26fa1162729,8d9c0607-7550-4bca-af9b-c26fa1162729,,SWC_NM_072,140324,,motor_bilateral,,both,ALL,figure4_zapit_glmhmm
metadata_final/metadata_zapit.py,138,22162eb2b482e22b,zapit,eid,8df5a96a-c4ec-4f1c-bb63-c232fb598607,8df5a96a-c4ec-4f1c-bb63-c232fb598607,,SWC_NM_058,180424,,motor_bilateral,,both,ALL,figure4_zapit_glmhmm
metadata_final/metadata_zapit.py,231,215a91fd34a873a3,zapit,eid,8e146cdf-a627-4d51-8894-3c4055f90beb,8e146cdf-a627-4d51-8894-3c4055f90beb,,SWC_NM_082,2024-08-14,,motor_bilateral,,both,ALL,figure4_zapit_glmhmm
metadata_final/metadata_zapit.py,152,9b45c2488190cd95,zapit,eid,90742c5d-dbef-4f97-9c26-cfbee9413f24,90742c5d-dbef-4f97-9c26-cfbee9413f24,,SWC_NM_081,180624,,motor_bilateral,,both,ALL,figure4_zapit_glmhmm
metadata_final/metadata_zapit.py,196,231d04c308737293,zapit,eid,9087e545-269b-454a-8dce-90ea449ef7a0,9087e545-269b-454a-8dce-90ea449ef7a0,,SWC_NM_081,2024-07-03,,aMOs,,both,ALL,
metadata_final/metadata_zapit.py,229,0dc4897888b6e054,zapit,eid,91038046-b631-4424-abef-00dc331511f3,91038046-b631-4424-abef-00dc331511f3,,SWC_NM_082,2024-08-15,,motor_bilateral,,both,ALL,figure4_zapit_glmhmm
metadata_final/metadata_zapit.py,323,46d9c73b4798618c,zapit,eid,92521a6b-4ecc-4617-aa27-ea4edab804e4,92521a6b-4ecc-4617-aa27-ea4edab804e4,,SWC_NM_086,2024-12-30,,MOp,,both,10:9999,
metadata_final/metadata_zapit.py,276,9c62de00c267cc5a,zapit,eid,931ad575-14cf-4aa1-89a1-768ae43db45a,931ad575-14cf-4aa1-89a1-768ae43db45a,,SWC_NM_085,2024-11-25,,aMOs,,both,ALL,
metadata_final/metadata_zapit.py,310,db35d9c1c6053ee1,zapit,eid,93608635-6b1d-45df-a484-18ef6f17a937,93608635-6b1d-45df-a484-18ef6f17a937,,SWC_NM_085,2024-10-01,,motor_bilateral,,both,ALL,figure4_zapit_glmhmm
metadata_final/metadata_zapit.py,381,604749dc9714f7ec,zapit,eid,947da2a5-e353-46d2-8630-fe5456251df2,947da2a5-e353-46d2-8630-fe5456251df2,,SWC_NM_090,2025-01-24,,motor_bilateral,,both,ALL,figure4_zapit_glmhmm
metadata_final/metadata_zapit.py,119,afcff80531d3b8a1,zapit,eid,9496c947-84de-47d5-b8b3-25f4d7dc03e2,9496c947-84de-47d5-b8b3-25f4d7dc03e2,,SWC_NM_057,100624,,aMOs,,right,ALL,
metadata_final/metadata_zapit.py,0,8676d41db541c9d9,zapit,eid,94adaf4a-f52d-4bb0-ae4c-54f235379e3d,94adaf4a-f52d-4bb0-ae4c-54f235379e3d,,SWC_NM_072,130324,,motor_bilateral,,both,ALL,figure4_zapit_glmhmm
metadata_final/metadata_zapit.py,392,5f4f1e29e5f47645,zapit,eid,94d02ee9-ab83-4dad-9d75-6c43fa0e2a31,94d02ee9-ab83-4dad-9d75-6c43fa0e2a31,,SWC_NM_091,2025-01-21,,motor_bilateral,,both,ALL,figure4_zapit_glmhmm
metadata_final/metadata_zapit.py,312,b52a2202ff7a4772,zapit,eid,95704630-82ff-4a83-b583-e47e7b261df0,95704630-82ff-4a83-b583-e47e7b261df0,,SWC_NM_085,2024-09-27,,motor_bilateral,,both,ALL,figure4_zapit_glmhmm
metadata_final/metadata_zapit.py,46,0c3d2baacf832f76,zapit,eid,95794d97-dd6d-411e-92a2-e4d4839b1165,95794d97-dd6d-411e-92a2-e4d4839b1165,,SWC_NM_071,150324,,motor_bilateral,,both,8:9999,figure4_zapit_glmhmm
metadata_final/metadata_zapit.py,289,9f0849f76d8d791c,zapit,eid,960f2fb8-d2de-4dc9-89a0-6d8498e5658a,960f2fb8-d2de-4dc9-89a0-6d8498e5658a,,SWC_NM_085,2024-11-05,,motor_bilateral,,both,ALL,figure4_zapit_glmhmm
metadata_final/metadata_zapit.py,29,ab17330c41fcaea4,zapit,eid,963cc308-96f3-4be9-9ace-f78fd41cf92c,963cc308-96f3-4be9-9ace-f78fd41cf92c,,SWC_NM_072,130624,,motor_bilateral,,both,ALL,figure4_zapit_glmhmm
metadata_final/metadata_zapit.py,376,8485bb34bb675d76,zapit,eid,96d56638-8bea-494f-9baf-d7495bfb11db,96d56638-8bea-494f-9baf-d7495bfb11db,,SWC_NM_090,2025-01-31,,motor_bilateral,,both,ALL,figure4_zapit_glmhmm
metadata_final/metadata_zapit.py,35,4cc05c4ca425bd16,zapit,eid,970c4bcd-5a46-4d4b-bc4e-b2e93075501b,970c4bcd-5a46-4d4b-bc4e-b2e93075501b,,SWC_NM_072,210624,,PL,,both,ALL,
metadata_final/metadata_zapit.py,169,9a06b5aa08d9fc71,zapit,eid,971510e1-87e0-4199-91a3-9105ed59fa6b,971510e1-87e0-4199-91a3-9105ed59fa6b,,SWC_NM_081,2024-09-05,,motor_bilateral,,both,ALL,figure4_zapit_glmhmm
metadata_final/metadata_zapit.py,211,b3797d0eeb99e639,zapit,eid,9826572e-e0d1-4abd-ab76-a05541469b54,9826572e-e0d1-4abd-ab76-a05541469b54,,SWC_NM_082,2024-09-18,,motor_bilateral,,both,ALL,figure4_zapit_glmhmm
metadata_final/metadata_zapit.py,201,7f23558100bcf9cc,zapit,eid,985a0bca-ac8c-4bf9-8277-626dfaea8626,985a0bca-ac8c-4bf9-8277-626dfaea8626,,SWC_NM_081,2024-06-27,,motor_bilateral,,both,ALL,figure4_zapit_glmhmm
metadata_final/metadata_zapit.py,65,312c583478e68d4d,zapit,eid,98e221dc-e3bf-4970-832c-7685214a2bf2,98e221dc-e3bf-4970-832c-7685214a2bf2,,SWC_NM_071,100624,,aMOs,,right,ALL,
metadata_final/metadata_zapit.py,301,b16b28be650dd327,zapit,eid,99ec3503-d0c7-4c87-b0e3-901b240af919,99ec3503-d0c7-4c87-b0e3-901b240af919,,SWC_NM_085,2024-10-16,,motor_bilateral,,both,ALL,figure4_zapit_glmhmm
metadata_final/metadata_zapit.py,180,43957f66465879ca,zapit,eid,9a22208a-ceeb-42e3-a97c-797b0f037efc,9a22208a-ceeb-42e3-a97c-797b0f037efc,,SWC_NM_081,2024-08-20,,motor_bilateral,,both,ALL,figure4_zapit_glmhmm
metadata_final/metadata_zapit.py,336,41b743ca8bf7d91e,zapit,eid,9bbb497e-4a0a-4c95-b448-e34d44ee61a8,9bbb497e-4a0a-4c95-b448-e34d44ee61a8,,SWC_NM_086,2024-11-29,,motor_bilateral,,both,ALL,figure4_zapit_glmhmm
metadata_final/metadata_zapit.py,116,8db2a5abc3b5c599,zapit,eid,9da10bc1-6e6d-40a9-b387-285b509e9bb6,9da10bc1-6e6d-40a9-b387-285b509e9bb6,,SWC_NM_057,050624,,PL,,both,ALL,
metadata_final/metadata_zapit.py,109,d12ebc7813f5afc3,zapit,eid,9e0fe336-8409-4187-b89f-e45b3718d125,9e0fe336-8409-4187-b89f-e45b3718d125,,SWC_NM_057,090524,,motor_bilateral,,both,ALL,figure4_zapit_glmhmm
metadata_final/metadata_zapit.py,245,7d81cba3bd357a9a,zapit,eid,9e63140c-094f-4ab0-b33e-a2682af47a8f,9e63140c-094f-4ab0-b33e-a2682af47a8f,,SWC_NM_082,2024-07-01,,motor_bilateral,,both,ALL,figure4_zapit_glmhmm
metadata_final/metadata_zapit.py,94,0eaf215425e7f1c6,zapit,eid,a01456bd-810d-44d3-afc8-e6251efa5399,a01456bd-810d-44d3-afc8-e6251efa5399,,SWC_NM_057,170424,,motor_bilateral,,both,ALL,figure4_zapit_glmhmm
metadata_final/metadata_zapit.py,294,b46c5f542a162389,zapit,eid,a04a6503-116b-48c9-a8cd-ced434b03c0d,a04a6503-116b-48c9-a8cd-ced434b03c0d,,SWC_NM_085,2024-10-29,,motor_bilateral,,both,ALL,figure4_zapit_glmhmm
metadata_final/metadata_zapit.py,320,285314db8c56caf7,zapit,eid,a0f828ce-1ef6-428e-a65c-ad3010ac482e,a0f828ce-1ef6-428e-a65c-ad3010ac482e,,SWC_NM_086,2025-01-02,,MOp,,both,ALL,
metadata_final/metadata_zapit.py,136,5005935c64b27659,zapit,eid,a0fc0a1b-6fe7-46f6-a731-4fa4cf334459,a0fc0a1b-6fe7-46f6-a731-4fa4cf334459,,SWC_NM_058,160424,,motor_bilateral,,both,4:9999,figure4_zapit_glmhmm
metadata_final/metadata_zapit.py,67,6cb2a2ef48accc34,zapit,eid,a10cdb6b-f044-4040-9e0d-51a7dfaa1e86,a10cdb6b-f044-4040-9e0d-51a7dfaa1e86,,SWC_NM_071,140624,,motor_bilateral,,both,ALL,figure4_zapit_glmhmm
metadata_final/metadata_zapit.py,278,f5cf8116d1166be0,zapit,eid,a159c54d-767c-43da-9aba-a595926d88a4,a159c54d-767c-43da-9aba-a595926d88a4,,SWC_NM_085,2024-11-21,,aMOs,,left,ALL,
metadata_final/metadata_zapit.py,314,d46657b3b867e63a,zapit,eid,a1d88cbc-ac86-4649-afef-5ac579f8e5a5,a1d88cbc-ac86-4649-afef-5ac579f8e5a5,,SWC_NM_086,2025-01-10,,MOp,,both,ALL,
metadata_final/metadata_zapit.py,69,f526e8916e0a1f8f,zapit,eid,a21a94cb-9731-470b-ab32-0e780a2118a3,a21a94cb-9731-470b-ab32-0e780a2118a3,,SWC_NM_071,180624,,aMOs,,both,ALL,
metadata_final/metadata_zapit.py,282,d454d496cfd6f479,zapit,eid,a2c97656-fb3d-4587-9980-c0ad26a712c0,a2c97656-fb3d-4587-9980-c0ad26a712c0,,SWC_NM_085,2024-11-15,,aMOs,,both,ALL,
metadata_final/metadata_zapit.py,159,9c5d0e7d15d4db62,zapit,eid,a346634b-5d82-4b0d-b332-0df8d4bda767,a346634b-5d82-4b0d-b332-0df8d4bda767,,SWC_NM_081,2024-09-20,,motor_bilateral,,both,ALL,figure4_zapit_glmhmm
metadata_final/metadata_zapit.py,351,063cb414aef33ece,zapit,eid,a3973b9f-43a3-42e0-aca8-bdc04955a4c0,a3973b9f-43a3-42e0-aca8-bdc04955a4c0,,SWC_NM_086,2024-11-07,,motor_bilateral,,both,ALL,figure4_zapit_glmhmm
metadata_final/metadata_zapit.py,331,e32142b426b04069,zapit,eid,a3acb50a-97d9-4f50-b3be-e572e9ccad31,a3acb50a-97d9-4f50-b3be-e572e9ccad31,,SWC_NM_086,2024-12-09,,MOp,,both,ALL,
metadata_final/metadata_zapit.py,121,7f52841cd9ed50ec,zapit,eid,a3dda1d9-372b-4d58-a6b9-7f549fb01709,a3dda1d9-372b-4d58-a6b9-7f549fb01709,,SWC_NM_057,120624,,aMOs,,left,ALL,
metadata_final/metadata_zapit.py,325,c9269ed65d8347b8,zapit,eid,a3f7d1da-d3ce-42eb-a2d2-e60d722b464f,a3f7d1da-d3ce-42eb-a2d2-e60d722b464f,,SWC_NM_086,2024-12-19,,MOp,,right,ALL,
metadata_final/metadata_zapit.py,333,d4d571a473b4238f,zapit,eid,a61ec24b-6085-4f3d-9f51-4cbbce4ea8be,a61ec24b-6085-4f3d-9f51-4cbbce4ea8be,,SWC_NM_086,2024-12-05,,motor_bilateral,,both,ALL,figure4_zapit_glmhmm
metadata_final/metadata_zapit.py,317,c49f33dd1b7e5973,zapit,eid,a65aa3be-0521-45be-b979-b8b262d37d49,a65aa3be-0521-45be-b979-b8b262d37d49,,SWC_NM_086,2025-01-07,,MOp,,left,ALL,
metadata_final/metadata_zapit.py,21,6b66d51fbe8332c9,zapit,eid,a75a0f51-65c8-48d7-9e47-0a207c49656f,a75a0f51-65c8-48d7-9e47-0a207c49656f,,SWC_NM_072,310524,,PL,,both,ALL,
metadata_final/metadata_zapit.py,63,9569f9ef46d89d16,zapit,eid,aa3edfa1-5a55-4079-96ea-80ef8f5bcb95,aa3edfa1-5a55-4079-96ea-80ef8f5bcb95,,SWC_NM_071,060624,,PL,,both,ALL,
metadata_final/metadata_zapit.py,377,c2eb9a0153cc0446,zapit,eid,abb899e8-6322-4ba0-abd0-b1bdff48d3ef,abb899e8-6322-4ba0-abd0-b1bdff48d3ef,,SWC_NM_090,2025-01-30,,motor_bilateral,,both,ALL,figure4_zapit_glmhmm
metadata_final/metadata_zapit.py,6,868e96187e929a73,zapit,eid,ac72bdf7-0a3b-43ec-a110-a173eade8855,ac72bdf7-0a3b-43ec-a110-a173eade8855,,SWC_NM_072,220324,,motor_bilateral,,both,6:9999,figure4_zapit_glmhmm
metadata_final/metadata_zapit.py,143,8af3880a78b48209,zapit,eid,b002842b-7101-46e6-a585-72dc08e0265f,b002842b-7101-46e6-a585-72dc08e0265f,,SWC_NM_058,250424,,motor_bilateral,,both,ALL,figure4_zapit_glmhmm
metadata_final/metadata_zapit.py,111,8b319b300b3cfa16,zapit,eid,b0229669-5d43-4558-bcb3-3f11d23430d4,b0229669-5d43-4558-bcb3-3f11d23430d4,,SWC_NM_057,280524,,aMOs,,both,ALL,
metadata_final/metadata_zapit.py,390,9edce048bd25bd20,zapit,eid,b19c533d-e9ac-4dcf-bf21-8e936fe48df3,b19c533d-e9ac-4dcf-bf21-8e936fe48df3,,SWC_NM_091,2025-01-23,,motor_bilateral,,both,ALL,figure4_zapit_glmhmm
metadata_final/metadata_zapit.py,185,6ff9fc23950ac90f,zapit,eid,b2c4bd2b-5c8e-4c18-8a4b-e8e9e49d1895,b2c4bd2b-5c8e-4c18-8a4b-e8e9e49d1895,,SWC_NM_081,2024-08-12,,aMOs,,both,ALL,
metadata_final/metadata_zapit.py,326,b9a50bc2ad29dbf2,zapit,eid,b31fbbd9-aa6d-445d-80c4-4d56adeea1a5,b31fbbd9-aa6d-445d-80c4-4d56adeea1a5,,SWC_NM_086,2024-12-17,,MOp,,left,ALL,
metadata_final/metadata_zapit.py,286,7066f63ad75f044b,zapit,eid,b3571586-df64-4fef-a7fc-c29e5b2c8a2b,b3571586-df64-4fef-a7fc-c29e5b2c8a2b,,SWC_NM_085,2024-11-08,,motor_bilateral,,both,ALL,figure4_zapit_glmhmm
metadata_final/metadata_zapit.py,27,fde0a38ac933675f,zapit,eid,b40f3329-6a02-4df7-9570-3d6fee26cb93,b40f3329-6a02-4df7-9570-3d6fee26cb93,,SWC_NM_072,110624,,aMOs,,right,ALL,
metadata_final/metadata_zapit.py,224,08e5111aef24b153,zapit,eid,b44d3c9a-93f4-47e4-8f4f-45870519e80d,b44d3c9a-93f4-47e4-8f4f-45870519e80d,,SWC_NM_082,2024-08-27,,motor_bilateral,,both,ALL,figure4_zapit_glmhmm
metadata_final/metadata_zapit.py,28,c2f7448b4030b200,zapit,eid,b505a85c-9612-4f75-b64f-33722f94b7c7,b505a85c-9612-4f75-b64f-33722f94b7c7,,SWC_NM_072,120624,,aMOs,,left,ALL,
metadata_final/metadata_zapit.py,383,b9b1539e5fe3e901,zapit,eid,b7fd4cba-2bd2-4e36-8bd1-13832cc91fdd,b7fd4cba-2bd2-4e36-8bd1-13832cc91fdd,,SWC_NM_090,2025-01-22,,motor_bilateral,,both,ALL,figure4_zapit_glmhmm
metadata_final/metadata_zapit.py,50,761ea410c6aaa242,zapit,eid,b8f6a17f-5965-4ee3-98ac-60be1504ba04,b8f6a17f-5965-4ee3-98ac-60be1504ba04,,SWC_NM_071,210324,,motor_bilateral,,both,5:9999,figure4_zapit_glmhmm
metadata_final/metadata_zapit.py,203,647698831291bd3e,zapit,eid,b9144091-420f-4a4b-b896-002d65fa07d0,b9144091-420f-4a4b-b896-002d65fa07d0,,SWC_NM_082,2024-10-01,,motor_bilateral,,both,ALL,figure4_zapit_glmhmm
metadata_final/metadata_zapit.py,382,d23a6f3544e902a4,zapit,eid,bae55a88-eb85-4d24-9621-6a99e2bb71e8,bae55a88-eb85-4d24-9621-6a99e2bb71e8,,SWC_NM_090,2025-01-23,,motor_bilateral,,both,ALL,figure4_zapit_glmhmm
metadata_final/metadata_zapit.py,128,ae64d75a22c76beb,zapit,eid,bb16ba38-34f1-452c-84a5-ca910b49b2cb,bb16ba38-34f1-452c-84a5-ca910b49b2cb,,SWC_NM_058,040424,,motor_bilateral,,both,ALL,figure4_zapit_glmhmm
metadata_final/metadata_zapit.py,379,e9f4f152308e0c15,zapit,eid,bc1d5d38-e056-4cf7-91c5-6af3dbc44b4f,bc1d5d38-e056-4cf7-91c5-6af3dbc44b4f,,SWC_NM_090,2025-01-28,,motor_bilateral,,both,ALL,figure4_zapit_glmhmm
metadata_final/metadata_zapit.py,209,b1fed7c1d422b228,zapit,eid,bc3b3cb8-e526-4d30-bfcb-1e5320938009,bc3b3cb8-e526-4d30-bfcb-1e5320938009,,SWC_NM_082,2024-09-20,,motor_bilateral,,both,ALL,figure4_zapit_glmhmm
metadata_final/metadata_zapit.py,42,2cfdb034f33dc74e,zapit,eid,bd6bbfe0-0390-4d1a-b132-127e82e98e09,bd6bbfe0-0390-4d1a-b132-127e82e98e09,,SWC_NM_071,110324,,motor_bilateral,,both,ALL,figure4_zapit_glmhmm
metadata_final/metadata_zapit.py,220,e7940771fd6a06d6,zapit,eid,bd9b8aa3-e80a-4d6c-8845-f293b59b9e94,bd9b8aa3-e80a-4d6c-8845-f293b59b9e94,,SWC_NM_082,2024-09-02,,motor_bilateral,,both,ALL,figure4_zapit_glmhmm
metadata_final/metadata_zapit.py,15,71fc4e3afbe9578e,zapit,eid,bfa34f53-058a-4516-8f96-a8fcb04ade1d,bfa34f53-058a-4516-8f96-a8fcb04ade1d,,SWC_NM_072,080524,,motor_bilateral,,both,ALL,figure4_zapit_glmhmm
metadata_final/metadata_zapit.py,9,872576395428d556,zapit,eid,bfeae9f2-be48-4b06-bcfd-9ed48da0b493,bfeae9f2-be48-4b06-bcfd-9ed48da0b493,,SWC_NM_072,280324,,motor_bilateral,,both,ALL,figure4_zapit_glmhmm
metadata_final/metadata_zapit.py,274,ef9fae4c4f0b3e32,zapit,eid,bff9e217-49fa-4037-9895-0de60696d92f,bff9e217-49fa-4037-9895-0de60696d92f,,SWC_NM_085,2024-11-27,,motor_bilateral,,both,ALL,figure4_zapit_glmhmm
metadata_final/metadata_zapit.py,217,4df4605280e95d29,zapit,eid,c0efd96b-8a4c-4eaf-b5d6-281f6dae4b7e,c0efd96b-8a4c-4eaf-b5d6-281f6dae4b7e,,SWC_NM_082,2024-09-05,,motor_bilateral,,both,65:9999,figure4_zapit_glmhmm
metadata_final/metadata_zapit.py,285,aeff75e7a00c1cda,zapit,eid,c11808b2-e37f-4e32-8557-4e5789356d90,c11808b2-e37f-4e32-8557-4e5789356d90,,SWC_NM_085,2024-11-12,,aMOs,,left,ALL,
metadata_final/metadata_zapit.py,45,ddbf0355b3b1f2a3,zapit,eid,c118dbfb-39ec-4ef8-9ed1-959748b4192e,c118dbfb-39ec-4ef8-9ed1-959748b4192e,,SWC_NM_071,140324,,motor_bilateral,,both,ALL,figure4_zapit_glmhmm
metadata_final/metadata_zapit.py,302,cca84cb96025eaf8,zapit,eid,c11d4536-8b6d-4815-bdff-8053256a75b7,c11d4536-8b6d-4815-bdff-8053256a75b7,,SWC_NM_085,2024-10-14,,motor_bilateral,,both,ALL,figure4_zapit_glmhmm
metadata_final/metadata_zapit.py,73,302e3adb79b08f95,zapit,eid,c13b4708-6f17-4c0f-ae1f-9ad27ed70a47,c13b4708-6f17-4c0f-ae1f-9ad27ed70a47,,SWC_NM_071,260624,,none,,none,ALL,
metadata_final/metadata_zapit.py,249,665f048f8131076e,zapit,eid,c18f821b-eb37-440e-9f89-07f0aada683d,c18f821b-eb37-440e-9f89-07f0aada683d,,SWC_NM_085,2025-01-09,,MOp,,both,ALL,
metadata_final/metadata_zapit.py,340,1c596329961fcc74,zapit,eid,c23de770-6f3c-41a8-b0c6-8c11389042c4,c23de770-6f3c-41a8-b0c6-8c11389042c4,,SWC_NM_086,2024-11-25,,aMOs,,both,ALL,
metadata_final/metadata_zapit.py,327,604f5fb8cda901cf,zapit,eid,c2ea4acb-bb23-4609-a0f9-d316875a79fb,c2ea4acb-bb23-4609-a0f9-d316875a79fb,,SWC_NM_086,2024-12-16,,MOp,,right,ALL,
metadata_final/metadata_zapit.py,91,a140de9ab15cb348,zapit,eid,c48a16d9-3532-4812-8a79-debc28a83b01,c48a16d9-3532-4812-8a79-debc28a83b01,,SWC_NM_071,2024-06-27,,motor_bilateral,,both,ALL,figure4_zapit_glmhmm
metadata_final/metadata_zapit.py,342,f2144a08e1209f1e,zapit,eid,c5438bf2-631a-4021-b501-2c9adbddb238,c5438bf2-631a-4021-b501-2c9adbddb238,,SWC_NM_086,2024-11-21,,aMOs,,left,ALL,
metadata_final/metadata_zapit.py,357,be293f7a51ab8d9e,zapit,eid,c5649fc0-3867-4616-8068-e4f2f198ab60,c5649fc0-3867-4616-8068-e4f2f198ab60,,SWC_NM_086,2024-10-30,,motor_bilateral,,both,ALL,figure4_zapit_glmhmm
metadata_final/metadata_zapit.py,228,a7f01fcf46dd9964,zapit,eid,c6e05a2f-6500-4d42-a317-7a2398e3c0f0,c6e05a2f-6500-4d42-a317-7a2398e3c0f0,,SWC_NM_082,2024-08-20,,motor_bilateral,,both,ALL,figure4_zapit_glmhmm
metadata_final/metadata_zapit.py,171,7991cbd8202da580,zapit,eid,c721f67a-4fed-423b-8480-4d17e59d4800,c721f67a-4fed-423b-8480-4d17e59d4800,,SWC_NM_081,2024-09-02,,motor_bilateral,,both,ALL,figure4_zapit_glmhmm
metadata_final/metadata_zapit.py,51,ce33c6de077c25fe,zapit,eid,c7301a1f-5bd0-4606-8b7d-f6580672e562,c7301a1f-5bd0-4606-8b7d-f6580672e562,,SWC_NM_071,220324,,motor_bilateral,,both,5:9999,figure4_zapit_glmhmm
metadata_final/metadata_zapit.py,213,9c3e0e6ace9aaf87,zapit,eid,c88820b6-e3cd-44b2-bd98-2d0ccfb8d8ab,c88820b6-e3cd-44b2-bd98-2d0ccfb8d8ab,,SWC_NM_082,2024-09-16,,motor_bilateral,,both,ALL,figure4_zapit_glmhmm
metadata_final/metadata_zapit.py,359,fe9348fa1327a619,zapit,eid,c8ce5eb7-0773-4eaf-8ae2-e440183c831d,c8ce5eb7-0773-4eaf-8ae2-e440183c831d,,SWC_NM_086,2024-10-28,,motor_bilateral,,both,ALL,figure4_zapit_glmhmm
metadata_final/metadata_zapit.py,236,116029bfa6389aa1,zapit,eid,c908300c-d600-4b0b-baea-27e427a1722c,c908300c-d600-4b0b-baea-27e427a1722c,,SWC_NM_082,2024-08-07,,MOs,,both,ALL,
metadata_final/metadata_zapit.py,330,7e8ee8dbcc750ba9,zapit,eid,ca25b543-07cf-4701-a2a4-7139a5ed28c7,ca25b543-07cf-4701-a2a4-7139a5ed28c7,,SWC_NM_086,2024-12-10,,MOp,,left,ALL,
metadata_final/metadata_zapit.py,76,d9eda0a13456dd1d,zapit,eid,ca58a8db-8817-4cd0-acb8-1712191949a7,ca58a8db-8817-4cd0-acb8-1712191949a7,,SWC_NM_071,2024-08-14,,ephys_validation,,both,ALL,
metadata_final/metadata_zapit.py,26,648bcf48165e3b6b,zapit,eid,cb64de66-f749-4664-b9d3-d26489e271e1,cb64de66-f749-4664-b9d3-d26489e271e1,,SWC_NM_072,100624,,aMOs,,right,ALL,
metadata_final/metadata_zapit.py,247,9e92c0c753d251a6,zapit,eid,cbc8839b-9820-4f63-bf3b-b05ec6d8b939,cbc8839b-9820-4f63-bf3b-b05ec6d8b939,,SWC_NM_082,2024-06-26,,motor_bilateral,,both,ALL,figure4_zapit_glmhmm
metadata_final/metadata_zapit.py,239,15c63b8b15eb5239,zapit,eid,cc161745-bc5f-437f-9e4d-aaa5f60cedb3,cc161745-bc5f-437f-9e4d-aaa5f60cedb3,,SWC_NM_082,2024-07-31,,motor_bilateral,,both,ALL,figure4_zapit_glmhmm
metadata_final/metadata_zapit.py,156,63cc7aca5bb02db9,zapit,eid,cc930af5-0246-4eb7-ae73-0c825fc035ed,cc930af5-0246-4eb7-ae73-0c825fc035ed,,SWC_NM_081,250624,,motor_bilateral,,both,ALL,figure4_zapit_glmhmm
metadata_final/metadata_zapit.py,14,1c9d9522e7902ede,zapit,eid,cd14cece-cef0-4fc7-aafa-1664898cf145,cd14cece-cef0-4fc7-aafa-1664898cf145,,SWC_NM_072,070524,,motor_bilateral,,both,ALL,figure4_zapit_glmhmm
metadata_final/metadata_zapit.py,223,cab7bc75e709db53,zapit,eid,cd1b600d-00e2-4542-a94e-1864237342ac,cd1b600d-00e2-4542-a94e-1864237342ac,,SWC_NM_082,2024-08-28,,motor_bilateral,,both,ALL,figure4_zapit_glmhmm
metadata_final/metadata_zapit.py,221,ae932457d846adce,zapit,eid,ce8d7b48-22a6-4b8d-b3ca-19101174f1e1,ce8d7b48-22a6-4b8d-b3ca-19101174f1e1,,SWC_NM_082,2024-08-30,,motor_bilateral,,both,ALL,figure4_zapit_glmhmm
metadata_final/metadata_zapit.py,3,b2e6551063f941fc,zapit,eid,cf88dc0a-9ae1-49a6-a86e-4cda25810c6d,cf88dc0a-9ae1-49a6-a86e-4cda25810c6d,,SWC_NM_072,190324,,motor_bilateral,,both,3:9999,figure4_zapit_glmhmm
metadata_final/metadata_zapit.py,350,4c18f88303241ac9,zapit,eid,d080423e-4a43-4012-963d-5332b048396e,d080423e-4a43-4012-963d-5332b048396e,,SWC_NM_086,2024-11-08,,motor_bilateral,,both,ALL,figure4_zapit_glmhmm
metadata_final/metadata_zapit.py,195,4cbb999760eb7e94,zapit,eid,d0a1186d-cf12-42fb-9937-ae4036197f4a,d0a1186d-cf12-42fb-9937-ae4036197f4a,,SWC_NM_081,2024-07-04,,PL,,both,ALL,
metadata_final/metadata_zapit.py,59,f9729caec4160364,zapit,eid,d0bff1e3-acbd-480f-820d-01a2b802855d,d0bff1e3-acbd-480f-820d-01a2b802855d,,SWC_NM_071,090524,,motor_bilateral,,both,ALL,figure4_zapit_glmhmm
metadata_final/metadata_zapit.py,177,674f9035de4cdb6a,zapit,eid,d1e4163e-2f90-4300-86ef-ef3bd08de130,d1e4163e-2f90-4300-86ef-ef3bd08de130,,SWC_NM_081,2024-08-23,,motor_bilateral,,both,ALL,figure4_zapit_glmhmm
metadata_final/metadata_zapit.py,33,134bbab29c16f2d0,zapit,eid,d20bfba3-383b-462a-bc2c-135806d9a486,d20bfba3-383b-462a-bc2c-135806d9a486,,SWC_NM_072,190624,,aMOs,,left,ALL,
metadata_final/metadata_zapit.py,210,6e84bc8fdc3f06d6,zapit,eid,d2e1be73-5f46-4eb2-80b0-a1ca9ad19f8a,d2e1be73-5f46-4eb2-80b0-a1ca9ad19f8a,,SWC_NM_082,2024-09-19,,motor_bilateral,,both,ALL,figure4_zapit_glmhmm
metadata_final/metadata_zapit.py,127,74bcbd4792aa2c67,zapit,eid,d406c461-d724-4d4d-8861-65f33fc6a3b5,d406c461-d724-4d4d-8861-65f33fc6a3b5,,SWC_NM_058,030424,,motor_bilateral,,both,ALL,figure4_zapit_glmhmm
metadata_final/metadata_zapit.py,280,d9d0df61961849d6,zapit,eid,d426b002-ff10-4861-a460-9518fc49834d,d426b002-ff10-4861-a460-9518fc49834d,,SWC_NM_085,2024-11-19,,aMOs,,right,ALL,
metadata_final/metadata_zapit.py,16,1499b808d0381f55,zapit,eid,d5638791-f527-49e6-9776-78e9cb733900,d5638791-f527-49e6-9776-78e9cb733900,,SWC_NM_072,090524,,motor_bilateral,,both,ALL,figure4_zapit_glmhmm
metadata_final/metadata_zapit.py,386,d34c50422782d4eb,zapit,eid,d669ac0a-1411-4834-983c-9e5a2d6cf4a8,d669ac0a-1411-4834-983c-9e5a2d6cf4a8,,SWC_NM_091,2025-01-30,,motor_bilateral,,both,ALL,figure4_zapit_glmhmm
metadata_final/metadata_zapit.py,364,41bcf97a86772b7a,zapit,eid,d7aff52b-60ea-4d6e-973b-fec5c2b3b4c4,d7aff52b-60ea-4d6e-973b-fec5c2b3b4c4,,SWC_NM_086,2024-10-21,,motor_bilateral,,both,ALL,figure4_zapit_glmhmm
metadata_final/metadata_zapit.py,370,0d0f5f8e5b986268,zapit,eid,d81147d3-8198-4c71-8559-ea5aab2f358a,d81147d3-8198-4c71-8559-ea5aab2f358a,,SWC_NM_086,2024-10-11,,motor_bilateral,,both,ALL,figure4_zapit_glmhmm
metadata_final/metadata_zapit.py,191,59f66b251df3f9a8,zapit,eid,d8381daf-2ec2-4315-9191-e06a2dc79055,d8381daf-2ec2-4315-9191-e06a2dc79055,,SWC_NM_081,2024-07-31,,aMOs,,both,ALL,
metadata_final/metadata_zapit.py,56,1b7c43c6b5ba3d17,zapit,eid,d877c1d3-61a2-4eca-9daf-cf30600e6115,d877c1d3-61a2-4eca-9daf-cf30600e6115,,SWC_NM_071,020524,,motor_bilateral,,both,ALL,figure4_zapit_glmhmm
metadata_final/metadata_zapit.py,288,1e3d2a5f641168a6,zapit,eid,d896a03e-2994-4676-bab7-e0bd1160fe9b,d896a03e-2994-4676-bab7-e0bd1160fe9b,,SWC_NM_085,2024-11-06,,motor_bilateral,,both,ALL,figure4_zapit_glmhmm
metadata_final/metadata_zapit.py,96,b6cee11617a2585c,zapit,eid,d99a3f2a-b9da-42f2-851d-bf6cd57e752e,d99a3f2a-b9da-42f2-851d-bf6cd57e752e,,SWC_NM_057,190424,,motor_bilateral,,both,ALL,figure4_zapit_glmhmm
metadata_final/metadata_zapit.py,283,f1461d1f15396217,zapit,eid,dc247ecb-001d-4efa-9a52-4a331f9551bc,dc247ecb-001d-4efa-9a52-4a331f9551bc,,SWC_NM_085,2024-11-14,,aMOs,,right,ALL,
metadata_final/metadata_zapit.py,300,2bf43c2600549eac,zapit,eid,dcf05b87-72c8-46a4-ad1b-b2dbb5909f5e,dcf05b87-72c8-46a4-ad1b-b2dbb5909f5e,,SWC_NM_085,2024-10-17,,motor_bilateral,,both,ALL,figure4_zapit_glmhmm
metadata_final/metadata_zapit.py,365,60f4b5f243553d1f,zapit,eid,ded6f278-2a54-41c3-8124-3962e8cd2683,ded6f278-2a54-41c3-8124-3962e8cd2683,,SWC_NM_086,2024-10-18,,motor_bilateral,,both,ALL,figure4_zapit_glmhmm
metadata_final/metadata_zapit.py,198,803fd8f1fbd9e4bb,zapit,eid,df35f035-6e52-4c9d-b492-d5026f4ff946,df35f035-6e52-4c9d-b492-d5026f4ff946,,SWC_NM_081,2024-07-01,,motor_bilateral,,both,ALL,figure4_zapit_glmhmm
metadata_final/metadata_zapit.py,372,22ebb539ab6f255f,zapit,eid,e03b2c10-8791-4074-8a4e-a65db5a5ea10,e03b2c10-8791-4074-8a4e-a65db5a5ea10,,SWC_NM_086,2024-10-08,,motor_bilateral,,both,ALL,figure4_zapit_glmhmm
metadata_final/metadata_zapit.py,160,c953c0b5cb297579,zapit,eid,e06c7556-0586-448f-94f7-f735e9e5a72e,e06c7556-0586-448f-94f7-f735e9e5a72e,,SWC_NM_081,2024-09-19,,motor_bilateral,,both,ALL,figure4_zapit_glmhmm
metadata_final/metadata_zapit.py,135,d7595dabf0ac8023,zapit,eid,e0913c11-ad2e-4fb9-a2ab-70f041fc624c,e0913c11-ad2e-4fb9-a2ab-70f041fc624c,,SWC_NM_058,150424,,motor_bilateral,,both,2:9999,figure4_zapit_glmhmm
metadata_final/metadata_zapit.py,360,9bc76406a67143d6,zapit,eid,e107d121-c253-4e12-9150-e22f4877bd94,e107d121-c253-4e12-9150-e22f4877bd94,,SWC_NM_086,2024-10-25,,motor_bilateral,,both,ALL,figure4_zapit_glmhmm
metadata_final/metadata_zapit.py,157,6aae58a627ba608b,zapit,eid,e1bcd040-be3e-4b42-ae53-5519e72c1138,e1bcd040-be3e-4b42-ae53-5519e72c1138,,SWC_NM_081,2024-09-24,,motor_bilateral,,both,ALL,figure4_zapit_glmhmm
metadata_final/metadata_zapit.py,304,0e1970e5ed56e017,zapit,eid,e27b3878-2914-416f-99dd-9d4a46d58b8a,e27b3878-2914-416f-99dd-9d4a46d58b8a,,SWC_NM_085,2024-10-10,,motor_bilateral,,both,ALL,figure4_zapit_glmhmm
metadata_final/metadata_zapit.py,7,a323715f7e054ae2,zapit,eid,e27df933-fddd-4446-b621-6b3c6fee652d,e27df933-fddd-4446-b621-6b3c6fee652d,,SWC_NM_072,250324,,motor_bilateral,,both,ALL,figure4_zapit_glmhmm
metadata_final/metadata_zapit.py,141,3b5f2731b691af53,zapit,eid,e2a4db4a-352f-49a2-80bf-3e5dc3e81fe9,e2a4db4a-352f-49a2-80bf-3e5dc3e81fe9,,SWC_NM_058,230424,,motor_bilateral,,both,ALL,figure4_zapit_glmhmm
metadata_final/metadata_zapit.py,158,dc8edc2d34643a0d,zapit,eid,e44f1809-9e17-4def-9a78-b8b8988432fa,e44f1809-9e17-4def-9a78-b8b8988432fa,,SWC_NM_081,2024-09-23,,motor_bilateral,,both,ALL,figure4_zapit_glmhmm
metadata_final/metadata_zapit.py,243,8081df1b7f096a2d,zapit,eid,e458efaa-2569-4cc5-a59e-acbba79568dc,e458efaa-2569-4cc5-a59e-acbba79568dc,,SWC_NM_082,2024-07-03,,motor_bilateral,,both,ALL,figure4_zapit_glmhmm
metadata_final/metadata_zapit.py,384,a11e156f0e70b3d2,zapit,eid,e4a51dfa-b784-4ade-b60a-aecfd36df014,e4a51dfa-b784-4ade-b60a-aecfd36df014,,SWC_NM_090,2025-01-15,,motor_bilateral,,both,ALL,figure4_zapit_glmhmm
metadata_final/metadata_zapit.py,262,58c786ba36a525b7,zapit,eid,e4c5fadc-e7d9-4e03-b772-6980109ba5f3,e4c5fadc-e7d9-4e03-b772-6980109ba5f3,,SWC_NM_085,2024-12-16,,MOp,,right,ALL,
metadata_final/metadata_zapit.py,13,99b22b2187284d9b,zapit,eid,e4e7afa9-47dd-4e3c-9053-d8601ead8eb1,e4e7afa9-47dd-4e3c-9053-d8601ead8eb1,,SWC_NM_072,030524,,motor_bilateral,,both,ALL,figure4_zapit_glmhmm
metadata_final/metadata_zapit.py,183,6eb7c38ade6b50cb,zapit,eid,e5f0eb8c-bfb5-416e-a070-ec13b37c60e4,e5f0eb8c-bfb5-416e-a070-ec13b37c60e4,,SWC_NM_081,2024-08-14,,motor_bilateral,,both,ALL,figure4_zapit_glmhmm
metadata_final/metadata_zapit.py,75,b143227fea8ed4d6,zapit,eid,e605fa1b-14c9-45be-9d46-2c8b9f92d2ea,e605fa1b-14c9-45be-9d46-2c8b9f92d2ea,,SWC_NM_071,2024-08-15,,ephys_validation,,both,ALL,
metadata_final/metadata_zapit.py,95,f2ab7d5a6206d62e,zapit,eid,e70af17a-00c3-4549-979d-c06bfb1deb21,e70af17a-00c3-4549-979d-c06bfb1deb21,,SWC_NM_057,180424,,motor_bilateral,,both,ALL,figure4_zapit_glmhmm
metadata_final/metadata_zapit.py,20,31d58a4b5676a543,zapit,eid,e71f9e0f-d334-49b2-840e-fb1e5081b56a,e71f9e0f-d334-49b2-840e-fb1e5081b56a,,SWC_NM_072,300524,,aMOs,,both,ALL,
metadata_final/metadata_zapit.py,363,92f579f2b2e02a44,zapit,eid,e7560128-50ef-4c3d-8cac-c5988e1e68c5,e7560128-50ef-4c3d-8cac-c5988e1e68c5,,SWC_NM_086,2024-10-22,,motor_bilateral,,both,ALL,figure4_zapit_glmhmm
metadata_final/metadata_zapit.py,252,d32d5acba0eac966,zapit,eid,e7ab04b3-cb02-4e5e-a54a-c5119e3105bb,e7ab04b3-cb02-4e5e-a54a-c5119e3105bb,,SWC_NM_085,2025-01-06,,motor_bilateral,,both,ALL,figure4_zapit_glmhmm
metadata_final/metadata_zapit.py,205,b91fd6b553cd9271,zapit,eid,e7c55eb5-70d2-47ed-be6c-1eb04d024dd6,e7c55eb5-70d2-47ed-be6c-1eb04d024dd6,,SWC_NM_082,2024-09-27,,motor_bilateral,,both,ALL,figure4_zapit_glmhmm
metadata_final/metadata_zapit.py,36,6c6020024be09dcd,zapit,eid,e8448c2f-d2e3-48e2-bed0-407815bba120,e8448c2f-d2e3-48e2-bed0-407815bba120,,SWC_NM_072,240624,,motor_bilateral,,both,ALL,figure4_zapit_glmhmm
metadata_final/metadata_zapit.py,87,2de626edfce88d96,zapit,eid,e9f298e0-744e-4d7f-b042-7a02ff524838,e9f298e0-744e-4d7f-b042-7a02ff524838,,SWC_NM_071,2024-07-03,,motor_bilateral,,both,ALL,figure4_zapit_glmhmm
metadata_final/metadata_zapit.py,222,d8083bf1b9fdd362,zapit,eid,ea066425-3994-4182-98e8-e78ff08b5d5e,ea066425-3994-4182-98e8-e78ff08b5d5e,,SWC_NM_082,2024-08-29,,motor_bilateral,,both,ALL,figure4_zapit_glmhmm
metadata_final/metadata_zapit.py,272,6b66334543b89a2f,zapit,eid,ea769a04-61bb-464d-9e70-0bca05697ce1,ea769a04-61bb-464d-9e70-0bca05697ce1,,SWC_NM_085,2024-11-29,,motor_bilateral,,both,ALL,figure4_zapit_glmhmm
metadata_final/metadata_zapit.py,5,ca7a8574376aa9c1,zapit,eid,eab4dda8-d7b5-4122-9137-369311730ddb,eab4dda8-d7b5-4122-9137-369311730ddb,,SWC_NM_072,210324,,motor_bilateral,,both,5:9999,figure4_zapit_glmhmm
metadata_final/metadata_zapit.py,362,ee67c43e255f19c6,zapit,eid,eab9579c-9830-4dbd-88df-1ef0baea22bf,eab9579c-9830-4dbd-88df-1ef0baea22bf,,SWC_NM_086,2024-10-23,,motor_bilateral,,both,ALL,figure4_zapit_glmhmm
metadata_final/metadata_zapit.py,181,00c6528bd99aa228,zapit,eid,ec790553-d67b-4b25-97ad-4040254457e8,ec790553-d67b-4b25-97ad-4040254457e8,,SWC_NM_081,2024-08-16,,motor_bilateral,,both,ALL,figure4_zapit_glmhmm
metadata_final/metadata_zapit.py,53,62cd46a875d9b6ab,zapit,eid,ecbc6cfb-a420-4025-bc8c-9059b8505999,ecbc6cfb-a420-4025-bc8c-9059b8505999,,SWC_NM_071,280324,,motor_bilateral,,both,4:9999,figure4_zapit_glmhmm
metadata_final/metadata_zapit.py,19,87bd0e0e282934fa,zapit,eid,ee1d1d58-45e8-48ec-a135-aea27fc9a9d8,ee1d1d58-45e8-48ec-a135-aea27fc9a9d8,,SWC_NM_072,290524,,aMOs,,both,ALL,
metadata_final/metadata_zapit.py,49,d325d926511928f3,zapit,eid,f10a88fa-467c-462d-8be1-cf062d6b9a4f,f10a88fa-467c-462d-8be1-cf062d6b9a4f,,SWC_NM_071,200324,,motor_bilateral,,both,4:9999,figure4_zapit_glmhmm
metadata_final/metadata_zapit.py,60,c63e702af2f9f709,zapit,eid,f1a212b9-e6c0-4dc2-bd9c-5c27c3b42c18,f1a212b9-e6c0-4dc2-bd9c-5c27c3b42c18,,SWC_NM_071,290524,,aMOs,,both,ALL,
metadata_final/metadata_zapit.py,112,36206b0838ce4ada,zapit,eid,f2d64f81-1f89-46d9-9e84-f7aa2613bf96,f2d64f81-1f89-46d9-9e84-f7aa2613bf96,,SWC_NM_057,300524,,aMOs,,both,ALL,
metadata_final/metadata_zapit.py,81,caaecc679c59a012,zapit,eid,f3818e1f-51c4-477e-bbea-783f77f84843,f3818e1f-51c4-477e-bbea-783f77f84843,,SWC_NM_071,2024-08-06,,AnterolateralM2_3pointweak,,both,ALL,
metadata_final/metadata_zapit.py,341,c4a427f04d9c01a3,zapit,eid,f3fd97dd-135a-49fc-a8cd-b114efe3a238,f3fd97dd-135a-49fc-a8cd-b114efe3a238,,SWC_NM_086,2024-11-22,,aMOs,,right,ALL,
metadata_final/metadata_zapit.py,318,6ad962dc6aaf37db,zapit,eid,f48f1c90-056f-471c-be3e-98c61763ece2,f48f1c90-056f-471c-be3e-98c61763ece2,,SWC_NM_086,2025-01-06,,motor_bilateral,,both,ALL,figure4_zapit_glmhmm
metadata_final/metadata_zapit.py,126,6ce95e71a3565312,zapit,eid,f51ef757-6a15-43bb-b7cf-d6fd6561d61e,f51ef757-6a15-43bb-b7cf-d6fd6561d61e,,SWC_NM_057,210624,,ephys_validation,,both,ALL,
metadata_final/metadata_zapit.py,149,9694b6ccc1e6314c,zapit,eid,f59be80a-b2ef-4d3f-98fc-daf1920a6f68,f59be80a-b2ef-4d3f-98fc-daf1920a6f68,,SWC_NM_081,130624,,motor_bilateral,,both,ALL,figure4_zapit_glmhmm
metadata_final/metadata_zapit.py,219,86abb20b28f2ec63,zapit,eid,f6864aef-e9e9-4eca-b9cd-143f73886a4b,f6864aef-e9e9-4eca-b9cd-143f73886a4b,,SWC_NM_082,2024-09-03,,motor_bilateral,,both,ALL,figure4_zapit_glmhmm
metadata_final/metadata_zapit.py,179,d730c76e7f9507fe,zapit,eid,f68a32ec-baaf-4816-b633-c3a1bf80b4e1,f68a32ec-baaf-4816-b633-c3a1bf80b4e1,,SWC_NM_081,2024-08-21,,motor_bilateral,,both,ALL,figure4_zapit_glmhmm
metadata_final/metadata_zapit.py,192,51d8fc966233b7d2,zapit,eid,f84bc6b7-d419-4c5c-afdb-cb7cf0847ef2,f84bc6b7-d419-4c5c-afdb-cb7cf0847ef2,,SWC_NM_081,2024-07-30,,aMOs,,both,ALL,
metadata_final/metadata_zapit.py,165,79f56d1e52d3867c,zapit,eid,f87cebbf-d8cf-4938-9658-582d5201e932,f87cebbf-d8cf-4938-9658-582d5201e932,,SWC_NM_081,2024-09-12,,motor_bilateral,,both,ALL,figure4_zapit_glmhmm
metadata_final/metadata_zapit.py,79,76d548ddf64586e4,zapit,eid,f88fc8aa-b95b-4b28-94e7-4da50689a1cf,f88fc8aa-b95b-4b28-94e7-4da50689a1cf,,SWC_NM_071,2024-08-08,,motor_bilateral,,both,ALL,figure4_zapit_glmhmm
metadata_final/metadata_zapit.py,319,fca76822d21f8a14,zapit,eid,f99a7ba5-5afa-418e-ba4c-a8819d39a528,f99a7ba5-5afa-418e-ba4c-a8819d39a528,,SWC_NM_086,2025-01-03,,motor_bilateral,,both,ALL,figure4_zapit_glmhmm
metadata_final/metadata_zapit.py,225,62908723c8a52135,zapit,eid,fa9315db-a903-4ab2-9317-e092ef98cd83,fa9315db-a903-4ab2-9317-e092ef98cd83,,SWC_NM_082,2024-08-23,,motor_bilateral,,both,ALL,figure4_zapit_glmhmm
metadata_final/metadata_zapit.py,166,ff0476d075c41f8b,zapit,eid,fadf5c7f-d450-45ac-8ca8-01ae773232d4,fadf5c7f-d450-45ac-8ca8-01ae773232d4,,SWC_NM_081,2024-09-11,,motor_bilateral,,both,ALL,figure4_zapit_glmhmm
metadata_final/metadata_zapit.py,337,34a77f4f6ede7ced,zapit,eid,fb1cc70a-75ba-4cad-82a1-ab8cc7729592,fb1cc70a-75ba-4cad-82a1-ab8cc7729592,,SWC_NM_086,2024-11-28,,motor_bilateral,,both,ALL,figure4_zapit_glmhmm
metadata_final/metadata_zapit.py,257,829f7fdbb88c0679,zapit,eid,fb6ad2c6-3a78-4763-bb40-40f6c959964d,fb6ad2c6-3a78-4763-bb40-40f6c959964d,,SWC_NM_085,2024-12-30,,MOp,,both,10:9999,
metadata_final/metadata_zapit.py,265,1995931e4f603e6d,zapit,eid,fc1ddebd-3365-4301-bb94-538b7f33d3c4,fc1ddebd-3365-4301-bb94-538b7f33d3c4,,SWC_NM_085,2024-12-11,,MOp,,right,ALL,
metadata_final/metadata_zapit.py,356,882cb426dc9907e3,zapit,eid,fc33d0eb-fc57-44c1-a58a-42dfb86a6e44,fc33d0eb-fc57-44c1-a58a-42dfb86a6e44,,SWC_NM_086,2024-10-31,,motor_bilateral,,both,ALL,figure4_zapit_glmhmm
metadata_final/metadata_zapit.py,389,fc931e86ccb425e9,zapit,eid,fc4787ef-8e61-45d6-afee-d87ce5f1dca1,fc4787ef-8e61-45d6-afee-d87ce5f1dca1,,SWC_NM_091,2025-01-24,,motor_bilateral,,both,ALL,figure4_zapit_glmhmm
metadata_final/metadata_zapit.py,4,a1abff1e94145adc,zapit,eid,fc9d905c-d474-40d0-ae3a-bc4b062a1881,fc9d905c-d474-40d0-ae3a-bc4b062a1881,,SWC_NM_072,200324,,motor_bilateral,,both,ALL,figure4_zapit_glmhmm
metadata_final/metadata_zapit.py,264,904edb0506d2ee70,zapit,eid,fccf8f8d-d8de-4fb5-8021-8c451ac26d61,fccf8f8d-d8de-4fb5-8021-8c451ac26d61,,SWC_NM_085,2024-12-12,,MOp,,both,ALL,
metadata_final/metadata_zapit.py,339,0f221a553505e634,zapit,eid,fd5fee5c-9acf-4f31-87ba-8dea806d6a66,fd5fee5c-9acf-4f31-87ba-8dea806d6a66,,SWC_NM_086,2024-11-26,,motor_bilateral,,both,ALL,figure4_zapit_glmhmm
metadata_final/metadata_zapit.py,150,847b34e45b378a6d,zapit,eid,fd79f350-78f1-403e-ba83-2a3233ae47a5,fd79f350-78f1-403e-ba83-2a3233ae47a5,,SWC_NM_081,140624,,motor_bilateral,,both,ALL,figure4_zapit_glmhmm
metadata_final/metadata_zapit.py,335,199c03074bd27bcb,zapit,eid,fda81aa1-f820-42cb-9fe2-dc71d20d46dc,fda81aa1-f820-42cb-9fe2-dc71d20d46dc,,SWC_NM_086,2024-12-02,,motor_bilateral,,both,ALL,figure4_zapit_glmhmm
metadata_final/metadata_zapit.py,237,c3249cb13a821c62,zapit,eid,fdd83585-f74e-44c7-b7aa-876b2d358daa,fdd83585-f74e-44c7-b7aa-876b2d358daa,,SWC_NM_082,2024-08-06,,MOs,,both,ALL,
metadata_final/metadata_zapit.py,334,2eb713479137e7a2,zapit,eid,fe425c29-1821-4511-ab25-796094608c70,fe425c29-1821-4511-ab25-796094608c70,,SWC_NM_086,2024-12-04,,motor_bilateral,,both,ALL,figure4_zapit_glmhmm
metadata_final/metadata_zapit.py,338,628bd4ff538204ad,zapit,eid,ff7f00c9-4ce6-4c5a-9320-a86467066b7a,ff7f00c9-4ce6-4c5a-9320-a86467066b7a,,SWC_NM_086,2024-11-27,,motor_bilateral,,both,ALL,figure4_zapit_glmhmm
metadata_final/metadata_zapit.py,368,6a2bb5ab15fb9f2e,zapit,eid,ffa6015c-97c0-4479-9842-9fb8297a960e,ffa6015c-97c0-4479-9842-9fb8297a960e,,SWC_NM_086,2024-10-15,,motor_bilateral,,both,ALL,figure4_zapit_glmhmm
